DATE OCC,AREA NAME,Crm Cd Desc,LAT,LON,Cluster
06/04/2020 12:00:00 AM,77th Street,THEFT FROM MOTOR VEHICLE - PETTY ($950 & UNDER),33.9829,-118.3309,0
08/07/2020 12:00:00 AM,Rampart,BATTERY - SIMPLE ASSAULT,34.0706,-118.2615,0
06/08/2020 12:00:00 AM,Southwest,"VANDALISM - FELONY ($400 & OVER, ALL CHURCH VANDALISMS)",34.0037,-118.3171,0
02/21/2020 12:00:00 AM,Hollenbeck,VANDALISM - MISDEAMEANOR ($399 OR UNDER),34.0474,-118.2229,0
03/13/2020 12:00:00 AM,West LA,THEFT OF IDENTITY,34.0328,-118.5101,0
09/05/2020 12:00:00 AM,Wilshire,VANDALISM - MISDEAMEANOR ($399 OR UNDER),34.0417,-118.3588,0
01/16/2020 12:00:00 AM,Southwest,THEFT FROM MOTOR VEHICLE - PETTY ($950 & UNDER),34.0311,-118.3405,0
09/17/2020 12:00:00 AM,Van Nuys,THEFT FROM MOTOR VEHICLE - GRAND ($950.01 AND OVER),34.1504,-118.4296,0
12/09/2020 12:00:00 AM,Wilshire,VEHICLE - STOLEN,34.046,-118.3225,0
06/13/2020 12:00:00 AM,Rampart,INTIMATE PARTNER - AGGRAVATED ASSAULT,34.0609,-118.2709,0
12/24/2020 12:00:00 AM,77th Street,BATTERY - SIMPLE ASSAULT,33.9624,-118.2883,0
01/22/2020 12:00:00 AM,Central,"DEFRAUDING INNKEEPER/THEFT OF SERVICES, $950 & UNDER",34.0491,-118.2558,0
09/21/2020 12:00:00 AM,Southwest,"BUNCO, GRAND THEFT",34.0291,-118.3535,0
05/25/2020 12:00:00 AM,West LA,BURGLARY,34.0385,-118.3815,0
07/31/2020 12:00:00 AM,Hollywood,VEHICLE - STOLEN,34.0853,-118.3321,0
01/07/2020 12:00:00 AM,West Valley,PROWLER,34.1793,-118.5557,0
07/20/2020 12:00:00 AM,Harbor,"ASSAULT WITH DEADLY WEAPON, AGGRAVATED ASSAULT",33.7234,-118.2907,0
12/08/2020 12:00:00 AM,Rampart,BURGLARY FROM VEHICLE,34.0628,-118.2553,0
02/21/2020 12:00:00 AM,Van Nuys,THEFT PLAIN - PETTY ($950 & UNDER),34.1725,-118.4268,0
12/29/2020 12:00:00 AM,Van Nuys,TRESPASSING,34.1366,-118.4583,0
07/18/2020 12:00:00 AM,West Valley,BATTERY - SIMPLE ASSAULT,34.2048,-118.5339,0
09/19/2020 12:00:00 AM,Southwest,"VANDALISM - FELONY ($400 & OVER, ALL CHURCH VANDALISMS)",34.0097,-118.3034,0
01/31/2020 12:00:00 AM,Central,BURGLARY FROM VEHICLE,34.0433,-118.2381,0
06/03/2020 12:00:00 AM,Hollywood,"VANDALISM - FELONY ($400 & OVER, ALL CHURCH VANDALISMS)",34.0958,-118.3092,0
07/12/2020 12:00:00 AM,Wilshire,BURGLARY,34.0736,-118.3838,0
01/22/2020 12:00:00 AM,77th Street,BATTERY WITH SEXUAL CONTACT,33.9862,-118.3111,0
02/05/2020 12:00:00 AM,Newton,"VANDALISM - FELONY ($400 & OVER, ALL CHURCH VANDALISMS)",34.0218,-118.2665,0
04/06/2020 12:00:00 AM,Van Nuys,THEFT FROM MOTOR VEHICLE - PETTY ($950 & UNDER),34.1506,-118.4627,0
02/20/2020 12:00:00 AM,Wilshire,BIKE - STOLEN,34.0847,-118.3686,0
11/16/2020 12:00:00 AM,West Valley,VEHICLE - STOLEN,34.2077,-118.4912,0
10/25/2020 12:00:00 AM,West Valley,BATTERY - SIMPLE ASSAULT,34.1993,-118.5447,0
03/25/2020 12:00:00 AM,Hollywood,BIKE - STOLEN,34.0864,-118.3059,0
03/05/2020 12:00:00 AM,Central,VEHICLE - ATTEMPT STOLEN,34.0412,-118.2436,0
04/23/2020 12:00:00 AM,77th Street,"VANDALISM - FELONY ($400 & OVER, ALL CHURCH VANDALISMS)",33.9915,-118.3089,0
02/16/2020 12:00:00 AM,Northeast,INTIMATE PARTNER - AGGRAVATED ASSAULT,34.1054,-118.2973,0
06/07/2020 12:00:00 AM,West Valley,THEFT OF IDENTITY,34.1921,-118.4836,0
02/01/2020 12:00:00 AM,77th Street,VEHICLE - STOLEN,33.9769,-118.3352,0
01/21/2020 12:00:00 AM,Southwest,BIKE - STOLEN,34.0256,-118.3061,0
05/02/2020 12:00:00 AM,77th Street,VEHICLE - ATTEMPT STOLEN,33.9688,-118.2893,0
08/02/2020 12:00:00 AM,West Valley,BURGLARY,34.1958,-118.5399,0
11/11/2020 12:00:00 AM,Central,"ASSAULT WITH DEADLY WEAPON, AGGRAVATED ASSAULT",34.0421,-118.2469,0
02/02/2020 12:00:00 AM,Northeast,"VANDALISM - FELONY ($400 & OVER, ALL CHURCH VANDALISMS)",34.0934,-118.2947,0
10/20/2020 12:00:00 AM,Northeast,INTIMATE PARTNER - SIMPLE ASSAULT,34.104,-118.1971,0
01/27/2020 12:00:00 AM,Central,"ASSAULT WITH DEADLY WEAPON, AGGRAVATED ASSAULT",34.053,-118.2444,0
05/29/2020 12:00:00 AM,Rampart,BATTERY - SIMPLE ASSAULT,34.0748,-118.2586,0
05/07/2020 12:00:00 AM,77th Street,"BUNCO, GRAND THEFT",34.0028,-118.2827,0
03/06/2020 12:00:00 AM,77th Street,"ASSAULT WITH DEADLY WEAPON, AGGRAVATED ASSAULT",33.9819,-118.3158,0
11/06/2020 12:00:00 AM,West Valley,THEFT FROM MOTOR VEHICLE - PETTY ($950 & UNDER),34.1832,-118.5575,0
12/14/2020 12:00:00 AM,West Valley,THEFT PLAIN - PETTY ($950 & UNDER),34.156,-118.4722,0
02/29/2020 12:00:00 AM,77th Street,VEHICLE - STOLEN,33.9914,-118.2893,0
05/25/2020 12:00:00 AM,77th Street,INTIMATE PARTNER - SIMPLE ASSAULT,33.9864,-118.2838,0
05/27/2020 12:00:00 AM,Central,BRANDISH WEAPON,34.0438,-118.2416,0
01/26/2020 12:00:00 AM,Hollenbeck,CRIMINAL THREATS - NO WEAPON DISPLAYED,34.0356,-118.2167,0
10/08/2020 12:00:00 AM,Wilshire,SEXUAL PENETRATION W/FOREIGN OBJECT,34.0727,-118.37,0
10/25/2020 12:00:00 AM,Van Nuys,THEFT FROM MOTOR VEHICLE - PETTY ($950 & UNDER),34.1839,-118.4605,0
11/10/2020 12:00:00 AM,Hollenbeck,TRESPASSING,34.0556,-118.2051,0
01/14/2020 12:00:00 AM,Central,THEFT PLAIN - PETTY ($950 & UNDER),34.0547,-118.2505,0
11/25/2020 12:00:00 AM,Wilshire,THEFT PLAIN - PETTY ($950 & UNDER),34.0399,-118.3276,0
06/19/2020 12:00:00 AM,Hollenbeck,BURGLARY FROM VEHICLE,34.0635,-118.1791,0
05/23/2020 12:00:00 AM,Wilshire,BURGLARY,34.0819,-118.3474,0
10/10/2020 12:00:00 AM,Hollenbeck,BATTERY - SIMPLE ASSAULT,34.0766,-118.2157,0
07/10/2020 12:00:00 AM,Northeast,BURGLARY FROM VEHICLE,34.1188,-118.1934,0
11/18/2020 12:00:00 AM,West LA,BURGLARY,34.0423,-118.4656,0
05/25/2020 12:00:00 AM,Van Nuys,VEHICLE - STOLEN,34.1867,-118.4421,0
10/25/2020 12:00:00 AM,Northeast,THEFT FROM MOTOR VEHICLE - GRAND ($950.01 AND OVER),34.1171,-118.2805,0
10/22/2020 12:00:00 AM,Rampart,"ASSAULT WITH DEADLY WEAPON, AGGRAVATED ASSAULT",34.0495,-118.2701,0
10/22/2020 12:00:00 AM,Hollywood,THEFT PLAIN - PETTY ($950 & UNDER),34.0981,-118.3158,0
09/29/2020 12:00:00 AM,Wilshire,VANDALISM - MISDEAMEANOR ($399 OR UNDER),34.0837,-118.3553,0
07/22/2020 12:00:00 AM,Central,CRIMINAL THREATS - NO WEAPON DISPLAYED,34.0572,-118.2481,0
10/17/2020 12:00:00 AM,Central,BURGLARY,34.0357,-118.2324,0
10/20/2020 12:00:00 AM,Harbor,VEHICLE - STOLEN,33.7387,-118.2814,0
06/02/2020 12:00:00 AM,Central,"ASSAULT WITH DEADLY WEAPON, AGGRAVATED ASSAULT",34.0503,-118.2504,0
12/07/2020 12:00:00 AM,Hollenbeck,"ASSAULT WITH DEADLY WEAPON, AGGRAVATED ASSAULT",34.0238,-118.2058,0
08/25/2020 12:00:00 AM,Van Nuys,VEHICLE - STOLEN,34.1836,-118.44,0
05/27/2020 12:00:00 AM,Northeast,THEFT FROM MOTOR VEHICLE - GRAND ($950.01 AND OVER),34.1347,-118.1939,0
06/13/2020 12:00:00 AM,West Valley,BATTERY - SIMPLE ASSAULT,34.1678,-118.5336,0
09/12/2020 12:00:00 AM,Central,"VANDALISM - FELONY ($400 & OVER, ALL CHURCH VANDALISMS)",34.0384,-118.2305,0
04/05/2020 12:00:00 AM,Hollywood,THEFT PLAIN - PETTY ($950 & UNDER),34.1038,-118.3659,0
05/30/2020 12:00:00 AM,Van Nuys,"ASSAULT WITH DEADLY WEAPON, AGGRAVATED ASSAULT",34.1766,-118.4589,0
09/07/2020 12:00:00 AM,Northeast,INTIMATE PARTNER - AGGRAVATED ASSAULT,34.1036,-118.2995,0
08/14/2020 12:00:00 AM,77th Street,BURGLARY,33.9862,-118.3002,0
03/11/2020 12:00:00 AM,Newton,"VANDALISM - FELONY ($400 & OVER, ALL CHURCH VANDALISMS)",34.0029,-118.2732,0
05/26/2020 12:00:00 AM,Hollywood,INTIMATE PARTNER - SIMPLE ASSAULT,34.1142,-118.3791,0
07/06/2020 12:00:00 AM,Hollywood,VEHICLE - ATTEMPT STOLEN,34.0982,-118.3092,0
05/10/2020 12:00:00 AM,Van Nuys,VEHICLE - ATTEMPT STOLEN,34.1847,-118.4509,0
12/24/2020 12:00:00 AM,West Valley,"LETTERS, LEWD  -  TELEPHONE CALLS, LEWD",34.1902,-118.5335,0
02/03/2020 12:00:00 AM,Southwest,THEFT FROM MOTOR VEHICLE - PETTY ($950 & UNDER),34.021,-118.3002,0
07/16/2020 12:00:00 AM,Central,INTIMATE PARTNER - SIMPLE ASSAULT,34.0416,-118.244,0
09/01/2020 12:00:00 AM,West LA,BURGLARY,34.041,-118.4437,0
03/11/2020 12:00:00 AM,West Valley,BATTERY - SIMPLE ASSAULT,34.1745,-118.5384,0
12/03/2020 12:00:00 AM,Hollywood,"ASSAULT WITH DEADLY WEAPON, AGGRAVATED ASSAULT",34.1006,-118.3417,0
11/21/2020 12:00:00 AM,Rampart,"VANDALISM - FELONY ($400 & OVER, ALL CHURCH VANDALISMS)",34.0795,-118.269,0
11/04/2020 12:00:00 AM,Central,THEFT FROM MOTOR VEHICLE - PETTY ($950 & UNDER),34.0607,-118.2494,0
04/29/2020 12:00:00 AM,77th Street,VEHICLE - STOLEN,33.9748,-118.2652,0
07/26/2020 12:00:00 AM,Rampart,SEXUAL PENETRATION W/FOREIGN OBJECT,34.0836,-118.2868,0
06/28/2020 12:00:00 AM,Wilshire,THEFT PLAIN - PETTY ($950 & UNDER),34.0588,-118.3738,0
03/18/2020 12:00:00 AM,Van Nuys,THEFT FROM MOTOR VEHICLE - PETTY ($950 & UNDER),34.2121,-118.4646,0
03/31/2020 12:00:00 AM,Wilshire,BURGLARY,34.0853,-118.3753,0
11/18/2020 12:00:00 AM,Van Nuys,VEHICLE - STOLEN,34.1802,-118.4421,0
01/16/2020 12:00:00 AM,Southwest,BRANDISH WEAPON,34.0155,-118.2975,0
02/06/2020 12:00:00 AM,Hollenbeck,PEEPING TOM,34.0357,-118.2127,0
09/26/2020 12:00:00 AM,Southwest,BATTERY - SIMPLE ASSAULT,34.0073,-118.2827,0
02/26/2020 12:00:00 AM,Central,BURGLARY,34.048,-118.2438,0
04/13/2020 12:00:00 AM,Harbor,BURGLARY,33.8706,-118.2829,0
02/24/2020 12:00:00 AM,77th Street,"RAPE, ATTEMPTED",33.9969,-118.3138,0
04/15/2020 12:00:00 AM,Hollywood,ROBBERY,34.0944,-118.3462,0
05/11/2020 12:00:00 AM,West Valley,BURGLARY,34.1689,-118.504,0
09/24/2020 12:00:00 AM,Wilshire,ROBBERY,34.0497,-118.3442,0
06/18/2020 12:00:00 AM,Van Nuys,ROBBERY,34.1813,-118.4377,0
01/20/2020 12:00:00 AM,Rampart,BURGLARY FROM VEHICLE,34.0547,-118.2842,0
10/02/2020 12:00:00 AM,Hollenbeck,INTIMATE PARTNER - SIMPLE ASSAULT,34.082,-118.214,0
06/07/2020 12:00:00 AM,Northeast,THEFT FROM MOTOR VEHICLE - GRAND ($950.01 AND OVER),34.1264,-118.2679,0
04/03/2020 12:00:00 AM,Northeast,"VANDALISM - FELONY ($400 & OVER, ALL CHURCH VANDALISMS)",34.0922,-118.2226,0
03/23/2020 12:00:00 AM,West LA,OTHER MISCELLANEOUS CRIME,34.0295,-118.3967,0
07/12/2020 12:00:00 AM,Hollenbeck,"THEFT-GRAND ($950.01 & OVER)EXCPT,GUNS,FOWL,LIVESTK,PROD",34.0173,-118.2219,0
08/15/2020 12:00:00 AM,Hollenbeck,THEFT FROM MOTOR VEHICLE - GRAND ($950.01 AND OVER),34.0311,-118.2071,0
12/27/2020 12:00:00 AM,Southwest,"ASSAULT WITH DEADLY WEAPON, AGGRAVATED ASSAULT",34.0255,-118.3177,0
12/11/2020 12:00:00 AM,Rampart,BRANDISH WEAPON,34.0646,-118.2669,0
11/07/2020 12:00:00 AM,Southwest,ROBBERY,34.0109,-118.3089,0
02/25/2020 12:00:00 AM,77th Street,BURGLARY FROM VEHICLE,33.9906,-118.2827,0
02/22/2020 12:00:00 AM,Hollywood,THEFT PLAIN - PETTY ($950 & UNDER),34.1,-118.3113,0
08/25/2020 12:00:00 AM,Wilshire,VEHICLE - STOLEN,34.0429,-118.3329,0
02/28/2020 12:00:00 AM,Central,TRESPASSING,34.0537,-118.2455,0
01/30/2020 12:00:00 AM,Central,"THEFT-GRAND ($950.01 & OVER)EXCPT,GUNS,FOWL,LIVESTK,PROD",34.0409,-118.2574,0
07/03/2020 12:00:00 AM,Harbor,BRANDISH WEAPON,33.75,-118.2967,0
11/13/2020 12:00:00 AM,Harbor,THEFT PLAIN - PETTY ($950 & UNDER),33.741,-118.2838,0
03/23/2020 12:00:00 AM,77th Street,BATTERY - SIMPLE ASSAULT,33.9678,-118.2827,0
08/07/2020 12:00:00 AM,Hollywood,VEHICLE - STOLEN,34.098,-118.3479,0
03/06/2020 12:00:00 AM,Van Nuys,INTIMATE PARTNER - SIMPLE ASSAULT,34.1536,-118.4181,0
03/16/2020 12:00:00 AM,Northeast,BATTERY - SIMPLE ASSAULT,34.0951,-118.2171,0
09/05/2020 12:00:00 AM,West Valley,SEXUAL PENETRATION W/FOREIGN OBJECT,34.2139,-118.5323,0
03/05/2020 12:00:00 AM,Hollenbeck,"ASSAULT WITH DEADLY WEAPON, AGGRAVATED ASSAULT",34.0431,-118.2196,0
07/31/2020 12:00:00 AM,Rampart,THEFT FROM MOTOR VEHICLE - GRAND ($950.01 AND OVER),34.0629,-118.2741,0
07/29/2020 12:00:00 AM,Southwest,VANDALISM - MISDEAMEANOR ($399 OR UNDER),34.0145,-118.2937,0
08/16/2020 12:00:00 AM,Southwest,VANDALISM - MISDEAMEANOR ($399 OR UNDER),34.027,-118.3395,0
03/26/2020 12:00:00 AM,Rampart,THEFT FROM MOTOR VEHICLE - PETTY ($950 & UNDER),34.0488,-118.2817,0
10/26/2020 12:00:00 AM,Central,VANDALISM - MISDEAMEANOR ($399 OR UNDER),34.0522,-118.2469,0
01/13/2020 12:00:00 AM,Southwest,BATTERY - SIMPLE ASSAULT,34.0311,-118.3428,0
04/18/2020 12:00:00 AM,Hollenbeck,"VANDALISM - FELONY ($400 & OVER, ALL CHURCH VANDALISMS)",34.093,-118.2058,0
02/29/2020 12:00:00 AM,Central,BATTERY - SIMPLE ASSAULT,34.0612,-118.2417,0
04/22/2020 12:00:00 AM,Harbor,BURGLARY,33.7433,-118.2813,0
08/29/2020 12:00:00 AM,Hollywood,RESISTING ARREST,34.1038,-118.3035,0
01/04/2020 12:00:00 AM,Northeast,BURGLARY,34.0951,-118.2171,0
01/02/2020 12:00:00 AM,Van Nuys,INTIMATE PARTNER - AGGRAVATED ASSAULT,34.1546,-118.4574,0
01/31/2020 12:00:00 AM,Central,BIKE - STOLEN,34.0442,-118.2439,0
11/30/2020 12:00:00 AM,Northeast,THEFT OF IDENTITY,34.1134,-118.2008,0
08/05/2020 12:00:00 AM,Central,THEFT PLAIN - PETTY ($950 & UNDER),34.0437,-118.2518,0
12/12/2020 12:00:00 AM,Hollywood,BURGLARY FROM VEHICLE,34.0978,-118.3763,0
08/28/2020 12:00:00 AM,77th Street,VEHICLE - STOLEN,33.9824,-118.2844,0
03/07/2020 12:00:00 AM,Wilshire,"VANDALISM - FELONY ($400 & OVER, ALL CHURCH VANDALISMS)",34.0782,-118.3695,0
09/28/2020 12:00:00 AM,Hollywood,"VANDALISM - FELONY ($400 & OVER, ALL CHURCH VANDALISMS)",34.1053,-118.3169,0
05/29/2020 12:00:00 AM,Wilshire,THEFT FROM MOTOR VEHICLE - GRAND ($950.01 AND OVER),34.0516,-118.3219,0
03/12/2020 12:00:00 AM,Northeast,VEHICLE - STOLEN,34.0922,-118.2829,0
03/18/2020 12:00:00 AM,Van Nuys,THEFT OF IDENTITY,34.1857,-118.4509,0
05/22/2020 12:00:00 AM,Wilshire,SHOPLIFTING - PETTY THEFT ($950 & UNDER),34.0633,-118.3473,0
05/11/2020 12:00:00 AM,77th Street,"ASSAULT WITH DEADLY WEAPON, AGGRAVATED ASSAULT",33.9747,-118.2783,0
12/18/2020 12:00:00 AM,West LA,"THEFT-GRAND ($950.01 & OVER)EXCPT,GUNS,FOWL,LIVESTK,PROD",34.0492,-118.4394,0
03/11/2020 12:00:00 AM,Northeast,"THEFT-GRAND ($950.01 & OVER)EXCPT,GUNS,FOWL,LIVESTK,PROD",34.1393,-118.2088,0
04/22/2020 12:00:00 AM,Rampart,BURGLARY FROM VEHICLE,34.0658,-118.2814,0
07/14/2020 12:00:00 AM,Wilshire,THEFT FROM MOTOR VEHICLE - PETTY ($950 & UNDER),34.0404,-118.3347,0
01/04/2020 12:00:00 AM,77th Street,BATTERY - SIMPLE ASSAULT,33.9748,-118.2652,0
04/16/2020 12:00:00 AM,Harbor,THEFT FROM MOTOR VEHICLE - PETTY ($950 & UNDER),33.7757,-118.24,0
10/16/2020 12:00:00 AM,Wilshire,BURGLARY,34.0818,-118.3474,0
10/26/2020 12:00:00 AM,Southwest,"ASSAULT WITH DEADLY WEAPON, AGGRAVATED ASSAULT",34.0155,-118.3002,0
06/23/2020 12:00:00 AM,West LA,BURGLARY FROM VEHICLE,34.0982,-118.4568,0
10/13/2020 12:00:00 AM,Central,"VANDALISM - FELONY ($400 & OVER, ALL CHURCH VANDALISMS)",34.0444,-118.2541,0
04/17/2020 12:00:00 AM,Wilshire,VEHICLE - STOLEN,34.0604,-118.3376,0
04/11/2020 12:00:00 AM,Wilshire,CHILD NEGLECT (SEE 300 W.I.C.),34.0417,-118.3588,0
03/30/2020 12:00:00 AM,Northeast,BURGLARY,34.0908,-118.3005,0
08/12/2020 12:00:00 AM,Rampart,BATTERY - SIMPLE ASSAULT,34.0699,-118.2777,0
07/12/2020 12:00:00 AM,Southwest,"ASSAULT WITH DEADLY WEAPON, AGGRAVATED ASSAULT",34.0219,-118.3045,0
01/19/2020 12:00:00 AM,Rampart,BATTERY - SIMPLE ASSAULT,34.0846,-118.2892,0
05/22/2020 12:00:00 AM,Southwest,BATTERY - SIMPLE ASSAULT,34.0256,-118.3089,0
05/01/2020 12:00:00 AM,Northeast,VANDALISM - MISDEAMEANOR ($399 OR UNDER),34.0936,-118.2256,0
07/02/2020 12:00:00 AM,Van Nuys,THEFT OF IDENTITY,34.1576,-118.4426,0
06/29/2020 12:00:00 AM,Southwest,"EMBEZZLEMENT, GRAND THEFT ($950.01 & OVER)",34.0325,-118.3553,0
10/13/2020 12:00:00 AM,Southwest,THEFT FROM MOTOR VEHICLE - GRAND ($950.01 AND OVER),34.0296,-118.2959,0
10/28/2020 12:00:00 AM,77th Street,HUMAN TRAFFICKING - COMMERCIAL SEX ACTS,33.979,-118.2827,0
09/12/2020 12:00:00 AM,Northeast,THEFT PLAIN - PETTY ($950 & UNDER),34.1,-118.2544,0
05/17/2020 12:00:00 AM,Wilshire,TRESPASSING,34.0731,-118.3274,0
01/20/2020 12:00:00 AM,Central,THEFT OF IDENTITY,34.0446,-118.2507,0
06/02/2020 12:00:00 AM,77th Street,BURGLARY FROM VEHICLE,34.0037,-118.2959,0
10/26/2020 12:00:00 AM,Hollywood,BURGLARY FROM VEHICLE,34.1016,-118.3489,0
06/09/2020 12:00:00 AM,West Valley,VIOLATION OF COURT ORDER,34.2077,-118.4912,0
11/12/2020 12:00:00 AM,Harbor,BURGLARY,33.7734,-118.277,0
12/27/2020 12:00:00 AM,77th Street,EXTORTION,34.0006,-118.2948,0
09/21/2020 12:00:00 AM,Hollenbeck,"VANDALISM - FELONY ($400 & OVER, ALL CHURCH VANDALISMS)",34.082,-118.213,0
10/10/2020 12:00:00 AM,West LA,BURGLARY FROM VEHICLE,34.043,-118.5398,0
12/20/2020 12:00:00 AM,Northeast,THEFT FROM MOTOR VEHICLE - PETTY ($950 & UNDER),34.0908,-118.2439,0
05/30/2020 12:00:00 AM,Wilshire,BURGLARY,34.0761,-118.3766,0
08/19/2020 12:00:00 AM,Southwest,VEHICLE - STOLEN,34.0149,-118.3479,0
04/17/2020 12:00:00 AM,West LA,BURGLARY,34.0369,-118.3823,0
11/08/2020 12:00:00 AM,Northeast,VEHICLE - STOLEN,34.0724,-118.2467,0
08/27/2020 12:00:00 AM,Van Nuys,THEFT FROM MOTOR VEHICLE - GRAND ($950.01 AND OVER),34.2012,-118.4312,0
02/06/2020 12:00:00 AM,Van Nuys,"VANDALISM - FELONY ($400 & OVER, ALL CHURCH VANDALISMS)",34.1994,-118.4313,0
06/13/2020 12:00:00 AM,Southwest,"RAPE, FORCIBLE",34.0161,-118.3546,0
08/12/2020 12:00:00 AM,West Valley,THEFT OF IDENTITY,34.193,-118.5256,0
08/18/2020 12:00:00 AM,Southwest,INTIMATE PARTNER - AGGRAVATED ASSAULT,34.0214,-118.3486,0
03/11/2020 12:00:00 AM,Hollenbeck,BURGLARY FROM VEHICLE,34.0707,-118.2103,0
10/23/2020 12:00:00 AM,Southwest,CRIMINAL THREATS - NO WEAPON DISPLAYED,34.0087,-118.2827,0
02/18/2020 12:00:00 AM,Harbor,THEFT FROM MOTOR VEHICLE - PETTY ($950 & UNDER),33.8613,-118.2962,0
12/02/2020 12:00:00 AM,Rampart,"VANDALISM - FELONY ($400 & OVER, ALL CHURCH VANDALISMS)",34.0433,-118.2841,0
05/29/2020 12:00:00 AM,Central,"VANDALISM - FELONY ($400 & OVER, ALL CHURCH VANDALISMS)",34.0467,-118.2485,0
01/19/2020 12:00:00 AM,West Valley,"VANDALISM - FELONY ($400 & OVER, ALL CHURCH VANDALISMS)",34.1682,-118.5406,0
02/22/2020 12:00:00 AM,Hollywood,"VANDALISM - FELONY ($400 & OVER, ALL CHURCH VANDALISMS)",34.0863,-118.3033,0
04/07/2020 12:00:00 AM,Rampart,"THEFT-GRAND ($950.01 & OVER)EXCPT,GUNS,FOWL,LIVESTK,PROD",34.0596,-118.2749,0
11/09/2020 12:00:00 AM,77th Street,KIDNAPPING - GRAND ATTEMPT,33.9705,-118.2696,0
11/20/2020 12:00:00 AM,West LA,TRESPASSING,34.0431,-118.444,0
12/03/2020 12:00:00 AM,77th Street,VIOLATION OF COURT ORDER,34.0001,-118.2827,0
01/24/2020 12:00:00 AM,Wilshire,THEFT FROM MOTOR VEHICLE - GRAND ($950.01 AND OVER),34.0855,-118.3659,0
02/14/2020 12:00:00 AM,Harbor,BATTERY - SIMPLE ASSAULT,33.7785,-118.2623,0
01/27/2020 12:00:00 AM,Hollywood,VIOLATION OF COURT ORDER,34.0993,-118.3114,0
06/27/2020 12:00:00 AM,Van Nuys,VANDALISM - MISDEAMEANOR ($399 OR UNDER),34.1836,-118.4575,0
02/03/2020 12:00:00 AM,Harbor,"VANDALISM - FELONY ($400 & OVER, ALL CHURCH VANDALISMS)",33.7968,-118.3043,0
02/23/2020 12:00:00 AM,Central,BATTERY - SIMPLE ASSAULT,34.0388,-118.2717,0
11/15/2020 12:00:00 AM,77th Street,BATTERY - SIMPLE ASSAULT,33.9628,-118.2695,0
11/30/2020 12:00:00 AM,Rampart,THEFT PLAIN - PETTY ($950 & UNDER),34.0572,-118.2658,0
10/12/2020 12:00:00 AM,Van Nuys,ARSON,34.1649,-118.4487,0
07/27/2020 12:00:00 AM,Southwest,VEHICLE - STOLEN,34.0222,-118.3227,0
03/24/2020 12:00:00 AM,West LA,INTIMATE PARTNER - SIMPLE ASSAULT,34.0504,-118.4206,0
09/20/2020 12:00:00 AM,Central,THEFT PLAIN - PETTY ($950 & UNDER),34.0462,-118.2585,0
12/27/2020 12:00:00 AM,Rampart,VEHICLE - STOLEN,34.0763,-118.2613,0
08/09/2020 12:00:00 AM,Southwest,"RAPE, FORCIBLE",34.017,-118.3477,0
02/02/2020 12:00:00 AM,Southwest,VANDALISM - MISDEAMEANOR ($399 OR UNDER),34.0142,-118.3423,0
10/26/2020 12:00:00 AM,Hollywood,BOMB SCARE,34.1039,-118.3318,0
08/01/2020 12:00:00 AM,Harbor,BATTERY - SIMPLE ASSAULT,33.7883,-118.2975,0
10/19/2020 12:00:00 AM,Hollenbeck,THEFT FROM MOTOR VEHICLE - PETTY ($950 & UNDER),34.0762,-118.2119,0
02/26/2020 12:00:00 AM,Hollywood,BATTERY - SIMPLE ASSAULT,34.098,-118.3295,0
01/25/2020 12:00:00 AM,Wilshire,BATTERY - SIMPLE ASSAULT,34.0519,-118.3306,0
03/10/2020 12:00:00 AM,West LA,"THEFT-GRAND ($950.01 & OVER)EXCPT,GUNS,FOWL,LIVESTK,PROD",34.0495,-118.4609,0
02/13/2020 12:00:00 AM,Newton,VANDALISM - MISDEAMEANOR ($399 OR UNDER),34.0203,-118.2506,0
11/18/2020 12:00:00 AM,77th Street,THEFT FROM MOTOR VEHICLE - PETTY ($950 & UNDER),33.9707,-118.2652,0
05/08/2020 12:00:00 AM,Rampart,VEHICLE - STOLEN,34.0633,-118.2575,0
04/30/2020 12:00:00 AM,Northeast,"VANDALISM - FELONY ($400 & OVER, ALL CHURCH VANDALISMS)",34.1136,-118.1908,0
07/26/2020 12:00:00 AM,Northeast,"LETTERS, LEWD  -  TELEPHONE CALLS, LEWD",34.0829,-118.2565,0
10/04/2020 12:00:00 AM,West LA,VEHICLE - STOLEN,34.0683,-118.4536,0
05/05/2020 12:00:00 AM,Central,BURGLARY,34.0452,-118.2569,0
07/21/2020 12:00:00 AM,Wilshire,"EMBEZZLEMENT, GRAND THEFT ($950.01 & OVER)",34.0483,-118.3412,0
04/14/2020 12:00:00 AM,Van Nuys,BATTERY - SIMPLE ASSAULT,34.1841,-118.4693,0
10/21/2020 12:00:00 AM,Rampart,THEFT OF IDENTITY,34.0591,-118.2635,0
10/27/2020 12:00:00 AM,West LA,BRANDISH WEAPON,34.0473,-118.4206,0
02/13/2020 12:00:00 AM,Harbor,BRANDISH WEAPON,33.795,-118.2588,0
06/30/2020 12:00:00 AM,Harbor,BATTERY - SIMPLE ASSAULT,33.7992,-118.2639,0
01/04/2020 12:00:00 AM,Hollenbeck,BURGLARY,34.0191,-118.2081,0
09/23/2020 12:00:00 AM,Rampart,INTIMATE PARTNER - SIMPLE ASSAULT,34.0529,-118.2819,0
11/16/2020 12:00:00 AM,Central,BURGLARY,34.0649,-118.24,0
07/29/2020 12:00:00 AM,Van Nuys,THEFT FROM MOTOR VEHICLE - PETTY ($950 & UNDER),34.194,-118.4535,0
10/13/2020 12:00:00 AM,Rampart,THEFT FROM MOTOR VEHICLE - GRAND ($950.01 AND OVER),34.0531,-118.2738,0
08/22/2020 12:00:00 AM,Harbor,BURGLARY,33.7978,-118.3015,0
06/01/2020 12:00:00 AM,Southwest,VANDALISM - MISDEAMEANOR ($399 OR UNDER),34.0334,-118.3639,0
09/15/2020 12:00:00 AM,Wilshire,BURGLARY FROM VEHICLE,34.0472,-118.3372,0
05/18/2020 12:00:00 AM,Wilshire,UNAUTHORIZED COMPUTER ACCESS,34.0681,-118.3676,0
08/18/2020 12:00:00 AM,Hollenbeck,THEFT FROM MOTOR VEHICLE - PETTY ($950 & UNDER),34.0651,-118.2116,0
06/03/2020 12:00:00 AM,Van Nuys,VEHICLE - STOLEN,34.1985,-118.4621,0
05/31/2020 12:00:00 AM,West Valley,CRIMINAL THREATS - NO WEAPON DISPLAYED,34.2029,-118.5535,0
03/15/2020 12:00:00 AM,Hollenbeck,BATTERY - SIMPLE ASSAULT,34.0877,-118.1749,0
03/11/2020 12:00:00 AM,77th Street,THEFT FROM MOTOR VEHICLE - PETTY ($950 & UNDER),33.979,-118.2839,0
05/25/2020 12:00:00 AM,West Valley,BRANDISH WEAPON,34.2012,-118.5469,0
11/21/2020 12:00:00 AM,77th Street,"BURGLARY, ATTEMPTED",33.9773,-118.2892,0
01/30/2020 12:00:00 AM,77th Street,THEFT OF IDENTITY,33.985,-118.2937,0
07/23/2020 12:00:00 AM,Van Nuys,THEFT PLAIN - PETTY ($950 & UNDER),34.1509,-118.4487,0
02/15/2020 12:00:00 AM,Hollywood,CRIMINAL HOMICIDE,34.1078,-118.3274,0
08/29/2020 12:00:00 AM,Rampart,BURGLARY FROM VEHICLE,34.0469,-118.2691,0
01/07/2020 12:00:00 AM,West LA,"ASSAULT WITH DEADLY WEAPON, AGGRAVATED ASSAULT",34.0541,-118.4407,0
03/23/2020 12:00:00 AM,Van Nuys,INTIMATE PARTNER - SIMPLE ASSAULT,34.1847,-118.4509,0
09/07/2020 12:00:00 AM,Harbor,ROBBERY,33.8315,-118.3065,0
01/14/2020 12:00:00 AM,West Valley,VEHICLE - STOLEN,34.2077,-118.4912,0
08/18/2020 12:00:00 AM,Central,BURGLARY FROM VEHICLE,34.046,-118.2493,0
04/28/2020 12:00:00 AM,Rampart,"VANDALISM - FELONY ($400 & OVER, ALL CHURCH VANDALISMS)",34.0547,-118.2772,0
10/21/2020 12:00:00 AM,77th Street,INTIMATE PARTNER - AGGRAVATED ASSAULT,33.9746,-118.2984,0
09/20/2020 12:00:00 AM,Rampart,"VANDALISM - FELONY ($400 & OVER, ALL CHURCH VANDALISMS)",34.0523,-118.2653,0
06/18/2020 12:00:00 AM,Van Nuys,CRIMINAL THREATS - NO WEAPON DISPLAYED,34.1996,-118.4487,0
08/31/2020 12:00:00 AM,West Valley,BATTERY POLICE (SIMPLE),34.1851,-118.536,0
10/12/2020 12:00:00 AM,Southwest,"ASSAULT WITH DEADLY WEAPON, AGGRAVATED ASSAULT",34.0055,-118.3113,0
08/12/2020 12:00:00 AM,Wilshire,BRANDISH WEAPON,34.0399,-118.3309,0
08/18/2020 12:00:00 AM,Hollenbeck,"VANDALISM - FELONY ($400 & OVER, ALL CHURCH VANDALISMS)",34.0343,-118.2108,0
01/23/2020 12:00:00 AM,Central,"VANDALISM - FELONY ($400 & OVER, ALL CHURCH VANDALISMS)",34.0566,-118.2319,0
06/03/2020 12:00:00 AM,Harbor,BURGLARY FROM VEHICLE,33.7325,-118.3034,0
02/07/2020 12:00:00 AM,Rampart,BIKE - STOLEN,34.0797,-118.2868,0
11/19/2020 12:00:00 AM,Wilshire,LEWD CONDUCT,34.0735,-118.3571,0
12/07/2020 12:00:00 AM,Harbor,THEFT PLAIN - PETTY ($950 & UNDER),33.7311,-118.2879,0
12/01/2020 12:00:00 AM,Southwest,THEFT OF IDENTITY,34.0173,-118.3542,0
07/11/2020 12:00:00 AM,Van Nuys,THEFT OF IDENTITY,34.1556,-118.4476,0
03/12/2020 12:00:00 AM,West Valley,BURGLARY,34.1319,-118.4829,0
03/27/2020 12:00:00 AM,Central,THEFT OF IDENTITY,34.0421,-118.2469,0
08/09/2020 12:00:00 AM,Central,THEFT FROM MOTOR VEHICLE - GRAND ($950.01 AND OVER),34.0671,-118.2483,0
06/01/2020 12:00:00 AM,Central,BATTERY - SIMPLE ASSAULT,34.046,-118.263,0
06/25/2020 12:00:00 AM,Central,VANDALISM - MISDEAMEANOR ($399 OR UNDER),34.036,-118.268,0
03/09/2020 12:00:00 AM,Hollenbeck,"ASSAULT WITH DEADLY WEAPON, AGGRAVATED ASSAULT",34.0737,-118.2117,0
06/21/2020 12:00:00 AM,Central,VANDALISM - MISDEAMEANOR ($399 OR UNDER),34.0387,-118.2335,0
10/02/2020 12:00:00 AM,Northeast,"ASSAULT WITH DEADLY WEAPON, AGGRAVATED ASSAULT",34.0981,-118.2874,0
03/11/2020 12:00:00 AM,Wilshire,"EMBEZZLEMENT, GRAND THEFT ($950.01 & OVER)",34.0534,-118.3436,0
04/15/2020 12:00:00 AM,Van Nuys,BURGLARY FROM VEHICLE,34.1776,-118.4312,0
02/06/2020 12:00:00 AM,Hollenbeck,BURGLARY,34.0462,-118.2153,0
02/27/2020 12:00:00 AM,Rampart,VEHICLE - ATTEMPT STOLEN,34.0554,-118.2702,0
03/04/2020 12:00:00 AM,West Valley,INTIMATE PARTNER - SIMPLE ASSAULT,34.1957,-118.4924,0
05/04/2020 12:00:00 AM,Harbor,BURGLARY,33.746,-118.2879,0
09/09/2020 12:00:00 AM,Harbor,ROBBERY,33.7143,-118.2923,0
08/12/2020 12:00:00 AM,Wilshire,OTHER MISCELLANEOUS CRIME,34.0411,-118.3484,0
05/22/2020 12:00:00 AM,Harbor,THEFT PLAIN - PETTY ($950 & UNDER),33.7836,-118.2223,0
08/21/2020 12:00:00 AM,Harbor,BURGLARY,33.78,-118.2624,0
01/07/2020 12:00:00 AM,Hollenbeck,CRIMINAL THREATS - NO WEAPON DISPLAYED,34.0581,-118.1938,0
05/22/2020 12:00:00 AM,Southwest,BURGLARY FROM VEHICLE,34.0263,-118.3686,0
08/15/2020 12:00:00 AM,Hollenbeck,THEFT PLAIN - PETTY ($950 & UNDER),34.0376,-118.2166,0
12/07/2020 12:00:00 AM,Hollenbeck,"THEFT-GRAND ($950.01 & OVER)EXCPT,GUNS,FOWL,LIVESTK,PROD",34.0748,-118.1994,0
08/05/2020 12:00:00 AM,Central,BIKE - STOLEN,34.058,-118.241,0
10/11/2020 12:00:00 AM,Central,"THEFT-GRAND ($950.01 & OVER)EXCPT,GUNS,FOWL,LIVESTK,PROD",34.0363,-118.2672,0
08/04/2020 12:00:00 AM,Rampart,"THEFT-GRAND ($950.01 & OVER)EXCPT,GUNS,FOWL,LIVESTK,PROD",34.0657,-118.268,0
10/06/2020 12:00:00 AM,Hollywood,THEFT FROM MOTOR VEHICLE - GRAND ($950.01 AND OVER),34.0853,-118.3244,0
01/10/2020 12:00:00 AM,Central,"ASSAULT WITH DEADLY WEAPON, AGGRAVATED ASSAULT",34.0353,-118.2698,0
09/06/2020 12:00:00 AM,Central,SEXUAL PENETRATION W/FOREIGN OBJECT,34.0515,-118.2424,0
08/04/2020 12:00:00 AM,West LA,THEFT OF IDENTITY,34.0295,-118.516,0
02/02/2020 12:00:00 AM,Central,BURGLARY FROM VEHICLE,34.0467,-118.252,0
10/23/2020 12:00:00 AM,Central,BURGLARY FROM VEHICLE,34.0469,-118.2569,0
01/06/2020 12:00:00 AM,Hollenbeck,INTIMATE PARTNER - SIMPLE ASSAULT,34.0379,-118.2194,0
05/13/2020 12:00:00 AM,Hollywood,THEFT FROM MOTOR VEHICLE - PETTY ($950 & UNDER),34.1026,-118.3123,0
06/04/2020 12:00:00 AM,Newton,"ASSAULT WITH DEADLY WEAPON, AGGRAVATED ASSAULT",34.0219,-118.2571,0
03/05/2020 12:00:00 AM,Central,THEFT FROM MOTOR VEHICLE - GRAND ($950.01 AND OVER),34.0431,-118.2692,0
01/23/2020 12:00:00 AM,77th Street,ROBBERY,33.9656,-118.2586,0
06/06/2020 12:00:00 AM,77th Street,CONTEMPT OF COURT,33.9806,-118.3352,0
12/23/2020 12:00:00 AM,Van Nuys,THEFT FROM MOTOR VEHICLE - GRAND ($950.01 AND OVER),34.1547,-118.453,0
02/28/2020 12:00:00 AM,Harbor,BATTERY - SIMPLE ASSAULT,33.78,-118.2624,0
01/23/2020 12:00:00 AM,Hollywood,"VANDALISM - FELONY ($400 & OVER, ALL CHURCH VANDALISMS)",34.098,-118.3652,0
09/13/2020 12:00:00 AM,Harbor,ROBBERY,33.774,-118.2646,0
08/18/2020 12:00:00 AM,West LA,"LETTERS, LEWD  -  TELEPHONE CALLS, LEWD",34.076,-118.4679,0
05/05/2020 12:00:00 AM,Southwest,BATTERY - SIMPLE ASSAULT,34.0073,-118.298,0
09/04/2020 12:00:00 AM,77th Street,VEHICLE - STOLEN,33.9767,-118.3309,0
12/30/2020 12:00:00 AM,Harbor,INTIMATE PARTNER - AGGRAVATED ASSAULT,33.7734,-118.2763,0
01/03/2020 12:00:00 AM,West LA,VEHICLE - STOLEN,34.0672,-118.4812,0
05/18/2020 12:00:00 AM,West Valley,BURGLARY FROM VEHICLE,34.2114,-118.5343,0
02/25/2020 12:00:00 AM,Hollywood,"ASSAULT WITH DEADLY WEAPON, AGGRAVATED ASSAULT",34.0908,-118.3092,0
11/14/2020 12:00:00 AM,Hollenbeck,VEHICLE - STOLEN,34.0591,-118.1939,0
01/31/2020 12:00:00 AM,Southwest,VEHICLE - STOLEN,34.0337,-118.2915,0
09/21/2020 12:00:00 AM,Wilshire,"VANDALISM - FELONY ($400 & OVER, ALL CHURCH VANDALISMS)",34.0427,-118.3478,0
07/18/2020 12:00:00 AM,Wilshire,BURGLARY FROM VEHICLE,34.0529,-118.3739,0
03/31/2020 12:00:00 AM,Hollywood,THEFT OF IDENTITY,34.0944,-118.3405,0
04/01/2020 12:00:00 AM,Northeast,"THEFT-GRAND ($950.01 & OVER)EXCPT,GUNS,FOWL,LIVESTK,PROD",34.0832,-118.2572,0
09/04/2020 12:00:00 AM,Harbor,VIOLATION OF COURT ORDER,33.7998,-118.2612,0
05/26/2020 12:00:00 AM,Northeast,ROBBERY,34.1051,-118.2107,0
09/10/2020 12:00:00 AM,77th Street,THEFT PLAIN - PETTY ($950 & UNDER),33.9921,-118.3108,0
06/07/2020 12:00:00 AM,Central,BRANDISH WEAPON,34.0458,-118.243,0
05/16/2020 12:00:00 AM,Northeast,INTIMATE PARTNER - SIMPLE ASSAULT,34.114,-118.1949,0
06/07/2020 12:00:00 AM,77th Street,"VANDALISM - FELONY ($400 & OVER, ALL CHURCH VANDALISMS)",33.9655,-118.3025,0
02/06/2020 12:00:00 AM,West LA,"THEFT-GRAND ($950.01 & OVER)EXCPT,GUNS,FOWL,LIVESTK,PROD",34.0465,-118.4484,0
02/26/2020 12:00:00 AM,Hollywood,BATTERY - SIMPLE ASSAULT,34.0973,-118.3707,0
02/12/2020 12:00:00 AM,Wilshire,DOCUMENT FORGERY / STOLEN FELONY,34.0339,-118.3747,0
03/01/2020 12:00:00 AM,Hollywood,THEFT OF IDENTITY,34.1052,-118.3205,0
08/25/2020 12:00:00 AM,Harbor,VIOLATION OF RESTRAINING ORDER,33.785,-118.2779,0
09/20/2020 12:00:00 AM,Hollenbeck,THEFT FROM MOTOR VEHICLE - PETTY ($950 & UNDER),34.0859,-118.1798,0
02/26/2020 12:00:00 AM,Rampart,CRIMINAL THREATS - NO WEAPON DISPLAYED,34.0829,-118.2741,0
04/15/2020 12:00:00 AM,Rampart,THEFT FROM MOTOR VEHICLE - PETTY ($950 & UNDER),34.0634,-118.263,0
01/27/2020 12:00:00 AM,West Valley,CRIMINAL THREATS - NO WEAPON DISPLAYED,34.1993,-118.5348,0
02/09/2020 12:00:00 AM,Southwest,VEHICLE - STOLEN,34.0171,-118.3531,0
11/14/2020 12:00:00 AM,West LA,THEFT FROM MOTOR VEHICLE - GRAND ($950.01 AND OVER),34.0364,-118.5254,0
09/24/2020 12:00:00 AM,Southwest,VEHICLE - STOLEN,34.0091,-118.3089,0
12/08/2020 12:00:00 AM,Harbor,"THEFT-GRAND ($950.01 & OVER)EXCPT,GUNS,FOWL,LIVESTK,PROD",33.8478,-118.3093,0
03/17/2020 12:00:00 AM,Van Nuys,THEFT FROM MOTOR VEHICLE - GRAND ($950.01 AND OVER),34.1817,-118.4553,0
02/07/2020 12:00:00 AM,West Valley,BURGLARY FROM VEHICLE,34.2085,-118.4837,0
11/15/2020 12:00:00 AM,Wilshire,VEHICLE - ATTEMPT STOLEN,34.0888,-118.3648,0
05/01/2020 12:00:00 AM,Southwest,"THEFT-GRAND ($950.01 & OVER)EXCPT,GUNS,FOWL,LIVESTK,PROD",34.0339,-118.281,0
11/23/2020 12:00:00 AM,Central,BRANDISH WEAPON,34.0447,-118.2452,0
10/01/2020 12:00:00 AM,Harbor,"ASSAULT WITH DEADLY WEAPON, AGGRAVATED ASSAULT",33.7379,-118.2879,0
06/13/2020 12:00:00 AM,Northeast,SEXUAL PENETRATION W/FOREIGN OBJECT,34.1,-118.2984,0
04/19/2020 12:00:00 AM,West Valley,THEFT FROM MOTOR VEHICLE - PETTY ($950 & UNDER),34.2195,-118.5055,0
04/03/2020 12:00:00 AM,Van Nuys,BURGLARY FROM VEHICLE,34.1546,-118.4574,0
10/23/2020 12:00:00 AM,Harbor,VEHICLE - STOLEN,33.7639,-118.2934,0
10/06/2020 12:00:00 AM,West LA,VANDALISM - MISDEAMEANOR ($399 OR UNDER),34.0475,-118.4032,0
10/23/2020 12:00:00 AM,Hollywood,VANDALISM - MISDEAMEANOR ($399 OR UNDER),34.1016,-118.3252,0
06/16/2020 12:00:00 AM,Central,"THEFT-GRAND ($950.01 & OVER)EXCPT,GUNS,FOWL,LIVESTK,PROD",34.0363,-118.2573,0
09/18/2020 12:00:00 AM,Van Nuys,DISCHARGE FIREARMS/SHOTS FIRED,34.1897,-118.4531,0
10/12/2020 12:00:00 AM,77th Street,BURGLARY FROM VEHICLE,33.9764,-118.2892,0
01/22/2020 12:00:00 AM,Northeast,CRIMINAL THREATS - NO WEAPON DISPLAYED,34.0999,-118.2462,0
07/21/2020 12:00:00 AM,West LA,BATTERY - SIMPLE ASSAULT,34.0465,-118.4588,0
11/07/2020 12:00:00 AM,77th Street,BATTERY - SIMPLE ASSAULT,33.9883,-118.2958,0
01/12/2020 12:00:00 AM,Harbor,"VANDALISM - FELONY ($400 & OVER, ALL CHURCH VANDALISMS)",33.7347,-118.2842,0
10/20/2020 12:00:00 AM,Central,THEFT PLAIN - PETTY ($950 & UNDER),34.0659,-118.238,0
09/30/2020 12:00:00 AM,West LA,THEFT OF IDENTITY,34.0502,-118.4264,0
12/12/2020 12:00:00 AM,Hollenbeck,VANDALISM - MISDEAMEANOR ($399 OR UNDER),34.0339,-118.2012,0
12/01/2020 12:00:00 AM,Van Nuys,THEFT PLAIN - PETTY ($950 & UNDER),34.1486,-118.4425,0
12/25/2020 12:00:00 AM,West Valley,BURGLARY,34.1637,-118.5285,0
04/16/2020 12:00:00 AM,Hollywood,THEFT PLAIN - PETTY ($950 & UNDER),34.1,-118.3113,0
12/14/2020 12:00:00 AM,Hollywood,INTIMATE PARTNER - SIMPLE ASSAULT,34.0993,-118.3092,0
11/23/2020 12:00:00 AM,Hollywood,TRESPASSING,34.0994,-118.3702,0
11/12/2020 12:00:00 AM,Wilshire,TRESPASSING,34.047,-118.3272,0
07/22/2020 12:00:00 AM,Van Nuys,BATTERY - SIMPLE ASSAULT,34.1976,-118.4574,0
04/17/2020 12:00:00 AM,77th Street,ROBBERY,33.9745,-118.3309,0
11/06/2020 12:00:00 AM,Van Nuys,THEFT PLAIN - PETTY ($950 & UNDER),34.154,-118.4674,0
10/07/2020 12:00:00 AM,West LA,THEFT FROM MOTOR VEHICLE - GRAND ($950.01 AND OVER),34.0481,-118.5169,0
08/31/2020 12:00:00 AM,Hollywood,BURGLARY,34.0853,-118.3321,0
03/23/2020 12:00:00 AM,West Valley,THEFT PLAIN - PETTY ($950 & UNDER),34.1866,-118.5185,0
02/24/2020 12:00:00 AM,Northeast,THEFT PLAIN - PETTY ($950 & UNDER),34.0774,-118.265,0
03/25/2020 12:00:00 AM,West Valley,VEHICLE - STOLEN,34.1769,-118.5384,0
03/02/2020 12:00:00 AM,West Valley,THEFT FROM MOTOR VEHICLE - PETTY ($950 & UNDER),34.2022,-118.4815,0
05/14/2020 12:00:00 AM,Harbor,"VANDALISM - FELONY ($400 & OVER, ALL CHURCH VANDALISMS)",33.7836,-118.2486,0
02/28/2020 12:00:00 AM,Newton,"LETTERS, LEWD  -  TELEPHONE CALLS, LEWD",33.9806,-118.2739,0
09/12/2020 12:00:00 AM,77th Street,BATTERY - SIMPLE ASSAULT,33.9813,-118.286,0
07/10/2020 12:00:00 AM,Harbor,BURGLARY,33.7978,-118.3015,0
01/26/2020 12:00:00 AM,Northeast,BATTERY - SIMPLE ASSAULT,34.1422,-118.223,0
09/30/2020 12:00:00 AM,West LA,THEFT OF IDENTITY,34.0491,-118.4614,0
09/25/2020 12:00:00 AM,Newton,"ASSAULT WITH DEADLY WEAPON, AGGRAVATED ASSAULT",33.9833,-118.2718,0
12/03/2020 12:00:00 AM,Rampart,"ASSAULT WITH DEADLY WEAPON, AGGRAVATED ASSAULT",34.0873,-118.296,0
05/17/2020 12:00:00 AM,Southwest,ROBBERY,34.0282,-118.276,0
04/02/2020 12:00:00 AM,Hollenbeck,THEFT OF IDENTITY,34.0415,-118.2048,0
03/14/2020 12:00:00 AM,Southwest,THEFT FROM MOTOR VEHICLE - PETTY ($950 & UNDER),34.0085,-118.3351,0
03/02/2020 12:00:00 AM,Northeast,THEFT OF IDENTITY,34.0922,-118.2226,0
02/15/2020 12:00:00 AM,Hollywood,CHILD NEGLECT (SEE 300 W.I.C.),34.1005,-118.3205,0
08/07/2020 12:00:00 AM,Central,BATTERY WITH SEXUAL CONTACT,34.0363,-118.2672,0
06/08/2020 12:00:00 AM,Central,"THEFT-GRAND ($950.01 & OVER)EXCPT,GUNS,FOWL,LIVESTK,PROD",34.054,-118.2435,0
10/04/2020 12:00:00 AM,77th Street,INTIMATE PARTNER - SIMPLE ASSAULT,33.9619,-118.2717,0
08/12/2020 12:00:00 AM,Rampart,OTHER MISCELLANEOUS CRIME,34.0558,-118.2609,0
10/21/2020 12:00:00 AM,Van Nuys,CHILD ABUSE (PHYSICAL) - SIMPLE ASSAULT,34.2085,-118.4698,0
12/22/2020 12:00:00 AM,77th Street,BURGLARY,33.9628,-118.2717,0
04/14/2020 12:00:00 AM,Southwest,BATTERY - SIMPLE ASSAULT,34.0072,-118.3201,0
12/04/2020 12:00:00 AM,West LA,THEFT PLAIN - PETTY ($950 & UNDER),34.0498,-118.4315,0
02/20/2020 12:00:00 AM,Hollywood,THEFT FROM MOTOR VEHICLE - GRAND ($950.01 AND OVER),34.0949,-118.3092,0
04/06/2020 12:00:00 AM,Wilshire,BURGLARY,34.0609,-118.3337,0
03/05/2020 12:00:00 AM,Rampart,BRANDISH WEAPON,34.0757,-118.2605,0
09/03/2020 12:00:00 AM,Harbor,"VANDALISM - FELONY ($400 & OVER, ALL CHURCH VANDALISMS)",33.8629,-118.3039,0
10/09/2020 12:00:00 AM,Central,INTIMATE PARTNER - SIMPLE ASSAULT,34.0369,-118.2655,0
06/12/2020 12:00:00 AM,Rampart,OTHER MISCELLANEOUS CRIME,34.0735,-118.2526,0
12/15/2020 12:00:00 AM,Wilshire,BURGLARY FROM VEHICLE,34.0382,-118.3383,0
07/15/2020 12:00:00 AM,West LA,"THEFT-GRAND ($950.01 & OVER)EXCPT,GUNS,FOWL,LIVESTK,PROD",34.0583,-118.3799,0
08/19/2020 12:00:00 AM,Van Nuys,BRANDISH WEAPON,34.1684,-118.4586,0
08/23/2020 12:00:00 AM,West LA,THEFT FROM MOTOR VEHICLE - PETTY ($950 & UNDER),34.0478,-118.4581,0
03/17/2020 12:00:00 AM,Hollywood,INTIMATE PARTNER - SIMPLE ASSAULT,34.1005,-118.3093,0
12/19/2020 12:00:00 AM,Hollenbeck,"VANDALISM - FELONY ($400 & OVER, ALL CHURCH VANDALISMS)",34.0859,-118.1929,0
01/03/2020 12:00:00 AM,Hollenbeck,VEHICLE - STOLEN,34.0173,-118.1995,0
03/11/2020 12:00:00 AM,Wilshire,BURGLARY FROM VEHICLE,34.0493,-118.365,0
08/01/2020 12:00:00 AM,Southwest,VANDALISM - MISDEAMEANOR ($399 OR UNDER),34.0133,-118.337,0
09/06/2020 12:00:00 AM,Southwest,INTIMATE PARTNER - SIMPLE ASSAULT,34.0037,-118.3089,0
05/19/2020 12:00:00 AM,Northeast,"ASSAULT WITH DEADLY WEAPON, AGGRAVATED ASSAULT",34.0935,-118.2928,0
11/09/2020 12:00:00 AM,Northeast,BATTERY POLICE (SIMPLE),34.1192,-118.3004,0
02/17/2020 12:00:00 AM,Rampart,BURGLARY FROM VEHICLE,34.0777,-118.2917,0
07/15/2020 12:00:00 AM,Southwest,INTIMATE PARTNER - AGGRAVATED ASSAULT,34.015,-118.3416,0
06/08/2020 12:00:00 AM,Wilshire,BURGLARY,34.0398,-118.3697,0
01/29/2020 12:00:00 AM,Harbor,THEFT PLAIN - PETTY ($950 & UNDER),33.7949,-118.2825,0
08/16/2020 12:00:00 AM,Harbor,THEFT FROM MOTOR VEHICLE - GRAND ($950.01 AND OVER),33.8657,-118.2858,0
10/19/2020 12:00:00 AM,77th Street,BATTERY - SIMPLE ASSAULT,33.9661,-118.2849,0
03/01/2020 12:00:00 AM,77th Street,ASSAULT WITH DEADLY WEAPON ON POLICE OFFICER,33.952,-118.3134,0
11/19/2020 12:00:00 AM,Van Nuys,THEFT PLAIN - PETTY ($950 & UNDER),34.2048,-118.4531,0
11/30/2020 12:00:00 AM,77th Street,ROBBERY,33.9883,-118.2915,0
05/27/2020 12:00:00 AM,Northeast,BRANDISH WEAPON,34.0909,-118.2867,0
02/04/2020 12:00:00 AM,Hollywood,THEFT OF IDENTITY,34.0835,-118.3135,0
03/28/2020 12:00:00 AM,West LA,BURGLARY,34.059,-118.435,0
05/20/2020 12:00:00 AM,Northeast,BURGLARY FROM VEHICLE,34.1516,-118.2859,0
06/01/2020 12:00:00 AM,77th Street,THEFT PLAIN - ATTEMPT,33.96,-118.2924,0
05/26/2020 12:00:00 AM,Northeast,THEFT OF IDENTITY,34.0871,-118.2142,0
02/16/2020 12:00:00 AM,Northeast,TRESPASSING,34.1165,-118.2669,0
11/16/2020 12:00:00 AM,Rampart,VEHICLE - STOLEN,34.0777,-118.297,0
04/21/2020 12:00:00 AM,Wilshire,THEFT FROM MOTOR VEHICLE - PETTY ($950 & UNDER),34.0835,-118.3242,0
02/09/2020 12:00:00 AM,West LA,BURGLARY,34.0848,-118.4643,0
02/06/2020 12:00:00 AM,West Valley,BATTERY WITH SEXUAL CONTACT,34.2084,-118.536,0
07/31/2020 12:00:00 AM,Central,VANDALISM - MISDEAMEANOR ($399 OR UNDER),34.0615,-118.2412,0
06/18/2020 12:00:00 AM,Wilshire,VEHICLE - STOLEN,34.0519,-118.3306,0
05/27/2020 12:00:00 AM,West Valley,VEHICLE - STOLEN,34.2049,-118.4749,0
03/30/2020 12:00:00 AM,Harbor,THEFT FROM MOTOR VEHICLE - GRAND ($950.01 AND OVER),33.8698,-118.2858,0
11/18/2020 12:00:00 AM,Hollywood,BURGLARY,34.0987,-118.3337,0
06/15/2020 12:00:00 AM,West Valley,PEEPING TOM,34.1963,-118.5502,0
04/03/2020 12:00:00 AM,Harbor,"ASSAULT WITH DEADLY WEAPON, AGGRAVATED ASSAULT",33.7325,-118.3119,0
05/19/2020 12:00:00 AM,77th Street,INTIMATE PARTNER - SIMPLE ASSAULT,33.9655,-118.2853,0
09/29/2020 12:00:00 AM,Wilshire,VIOLATION OF COURT ORDER,34.0499,-118.3416,0
03/02/2020 12:00:00 AM,Hollenbeck,VIOLATION OF RESTRAINING ORDER,34.0246,-118.1998,0
10/20/2020 12:00:00 AM,West Valley,BURGLARY FROM VEHICLE,34.1747,-118.5556,0
04/09/2020 12:00:00 AM,Rampart,VANDALISM - MISDEAMEANOR ($399 OR UNDER),34.0797,-118.2868,0
07/08/2020 12:00:00 AM,Northeast,"ASSAULT WITH DEADLY WEAPON, AGGRAVATED ASSAULT",34.0935,-118.2897,0
07/12/2020 12:00:00 AM,Northeast,BURGLARY FROM VEHICLE,34.1408,-118.2741,0
10/05/2020 12:00:00 AM,Hollywood,VEHICLE - STOLEN,34.0938,-118.3109,0
10/02/2020 12:00:00 AM,Harbor,BURGLARY,33.7956,-118.2598,0
05/25/2020 12:00:00 AM,Rampart,BURGLARY FROM VEHICLE,34.0621,-118.2619,0
01/01/2020 12:00:00 AM,Hollenbeck,VIOLATION OF RESTRAINING ORDER,34.0625,-118.1766,0
05/09/2020 12:00:00 AM,Wilshire,BURGLARY,34.037,-118.349,0
10/07/2020 12:00:00 AM,Van Nuys,BATTERY - SIMPLE ASSAULT,34.2085,-118.4698,0
04/24/2020 12:00:00 AM,Central,"VANDALISM - FELONY ($400 & OVER, ALL CHURCH VANDALISMS)",34.0582,-118.2465,0
08/07/2020 12:00:00 AM,Central,ROBBERY,34.0387,-118.2582,0
11/14/2020 12:00:00 AM,Harbor,BATTERY - SIMPLE ASSAULT,33.7261,-118.2995,0
05/01/2020 12:00:00 AM,Hollenbeck,THEFT PLAIN - PETTY ($950 & UNDER),34.0248,-118.2054,0
06/03/2020 12:00:00 AM,Van Nuys,"BURGLARY, ATTEMPTED",34.1504,-118.4312,0
05/28/2020 12:00:00 AM,Hollywood,BURGLARY FROM VEHICLE,34.0998,-118.3479,0
06/07/2020 12:00:00 AM,Rampart,"ASSAULT WITH DEADLY WEAPON, AGGRAVATED ASSAULT",34.08,-118.2881,0
08/27/2020 12:00:00 AM,West LA,VEHICLE - STOLEN,34.0423,-118.4526,0
01/28/2020 12:00:00 AM,77th Street,VIOLATION OF RESTRAINING ORDER,33.9976,-118.3171,0
10/19/2020 12:00:00 AM,Hollenbeck,THEFT FROM MOTOR VEHICLE - PETTY ($950 & UNDER),34.051,-118.2221,0
12/10/2020 12:00:00 AM,Wilshire,THEFT FROM MOTOR VEHICLE - GRAND ($950.01 AND OVER),34.065,-118.3357,0
08/24/2020 12:00:00 AM,Hollywood,THEFT FROM MOTOR VEHICLE - PETTY ($950 & UNDER),34.1046,-118.3489,0
08/15/2020 12:00:00 AM,Harbor,"EMBEZZLEMENT, GRAND THEFT ($950.01 & OVER)",33.8399,-118.3039,0
11/24/2020 12:00:00 AM,West LA,BRANDISH WEAPON,34.0383,-118.4325,0
05/29/2020 12:00:00 AM,Central,ASSAULT WITH DEADLY WEAPON ON POLICE OFFICER,34.0431,-118.2536,0
04/27/2020 12:00:00 AM,Northeast,PEEPING TOM,34.1249,-118.218,0
10/20/2020 12:00:00 AM,West Valley,THEFT FROM MOTOR VEHICLE - GRAND ($950.01 AND OVER),34.2165,-118.516,0
04/16/2020 12:00:00 AM,Newton,LEWD CONDUCT,34.0328,-118.254,0
11/17/2020 12:00:00 AM,77th Street,VANDALISM - MISDEAMEANOR ($399 OR UNDER),34.0006,-118.289,0
12/15/2020 12:00:00 AM,Hollywood,OTHER MISCELLANEOUS CRIME,34.1017,-118.3147,0
12/24/2020 12:00:00 AM,Hollenbeck,"VANDALISM - FELONY ($400 & OVER, ALL CHURCH VANDALISMS)",34.0836,-118.178,0
10/17/2020 12:00:00 AM,Hollenbeck,ROBBERY,34.0421,-118.206,0
07/26/2020 12:00:00 AM,West Valley,VEHICLE - STOLEN,34.1675,-118.5226,0
04/14/2020 12:00:00 AM,West LA,VEHICLE - STOLEN,34.0389,-118.3878,0
11/21/2020 12:00:00 AM,Northeast,BATTERY WITH SEXUAL CONTACT,34.1391,-118.2135,0
10/16/2020 12:00:00 AM,77th Street,"VANDALISM - FELONY ($400 & OVER, ALL CHURCH VANDALISMS)",33.9627,-118.309,0
06/29/2020 12:00:00 AM,Rampart,BURGLARY FROM VEHICLE,34.0777,-118.2961,0
06/26/2020 12:00:00 AM,Northeast,BURGLARY FROM VEHICLE,34.1131,-118.2916,0
11/01/2020 12:00:00 AM,Rampart,"VANDALISM - FELONY ($400 & OVER, ALL CHURCH VANDALISMS)",34.0715,-118.2719,0
06/22/2020 12:00:00 AM,77th Street,BURGLARY FROM VEHICLE,33.9667,-118.2827,0
11/13/2020 12:00:00 AM,West LA,CHILD ABUSE (PHYSICAL) - SIMPLE ASSAULT,34.0513,-118.4274,0
01/07/2020 12:00:00 AM,Van Nuys,SHOPLIFTING - PETTY THEFT ($950 & UNDER),34.1806,-118.4662,0
04/22/2020 12:00:00 AM,Southwest,VANDALISM - MISDEAMEANOR ($399 OR UNDER),34.0327,-118.3101,0
10/13/2020 12:00:00 AM,West Valley,ROBBERY,34.2011,-118.4975,0
09/04/2020 12:00:00 AM,Harbor,ROBBERY,33.7792,-118.2768,0
11/28/2020 12:00:00 AM,Van Nuys,"VANDALISM - FELONY ($400 & OVER, ALL CHURCH VANDALISMS)",34.1564,-118.463,0
06/08/2020 12:00:00 AM,West LA,THREATENING PHONE CALLS/LETTERS,34.0434,-118.5387,0
02/16/2020 12:00:00 AM,West Valley,THEFT FROM MOTOR VEHICLE - PETTY ($950 & UNDER),34.1774,-118.5387,0
08/05/2020 12:00:00 AM,Northeast,"VANDALISM - FELONY ($400 & OVER, ALL CHURCH VANDALISMS)",34.0909,-118.2917,0
08/31/2020 12:00:00 AM,Central,THEFT PLAIN - PETTY ($950 & UNDER),34.0486,-118.2519,0
08/14/2020 12:00:00 AM,Central,THEFT PLAIN - PETTY ($950 & UNDER),34.0552,-118.2333,0
09/16/2020 12:00:00 AM,West LA,VEHICLE - STOLEN,34.0492,-118.4394,0
01/01/2020 12:00:00 AM,Newton,BURGLARY,34.021,-118.2712,0
01/17/2020 12:00:00 AM,Central,CRIMINAL THREATS - NO WEAPON DISPLAYED,34.0525,-118.2432,0
12/16/2020 12:00:00 AM,Hollenbeck,BATTERY - SIMPLE ASSAULT,34.0376,-118.2166,0
08/24/2020 12:00:00 AM,Wilshire,"VANDALISM - FELONY ($400 & OVER, ALL CHURCH VANDALISMS)",34.0665,-118.3662,0
03/03/2020 12:00:00 AM,Harbor,THEFT FROM MOTOR VEHICLE - GRAND ($950.01 AND OVER),33.7812,-118.2408,0
01/26/2020 12:00:00 AM,Hollywood,BURGLARY FROM VEHICLE,34.0998,-118.331,0
06/21/2020 12:00:00 AM,Central,ROBBERY,34.0482,-118.2472,0
05/30/2020 12:00:00 AM,Harbor,"VANDALISM - FELONY ($400 & OVER, ALL CHURCH VANDALISMS)",33.8502,-118.2905,0
11/07/2020 12:00:00 AM,Hollywood,INTIMATE PARTNER - SIMPLE ASSAULT,34.1016,-118.3489,0
09/26/2020 12:00:00 AM,Northeast,"EMBEZZLEMENT, GRAND THEFT ($950.01 & OVER)",34.0984,-118.2874,0
09/23/2020 12:00:00 AM,Central,BATTERY - SIMPLE ASSAULT,34.0462,-118.2585,0
09/30/2020 12:00:00 AM,West LA,"ASSAULT WITH DEADLY WEAPON, AGGRAVATED ASSAULT",34.0335,-118.5277,0
02/19/2020 12:00:00 AM,Northeast,"VANDALISM - FELONY ($400 & OVER, ALL CHURCH VANDALISMS)",34.0947,-118.2877,0
05/08/2020 12:00:00 AM,West LA,VEHICLE - STOLEN,34.0463,-118.4338,0
04/13/2020 12:00:00 AM,Rampart,THEFT FROM MOTOR VEHICLE - PETTY ($950 & UNDER),34.0598,-118.2734,0
10/07/2020 12:00:00 AM,Harbor,BURGLARY,33.7725,-118.2664,0
07/06/2020 12:00:00 AM,West LA,BURGLARY,34.1111,-118.4466,0
02/23/2020 12:00:00 AM,Hollywood,THEFT PLAIN - PETTY ($950 & UNDER),34.0971,-118.3267,0
12/14/2020 12:00:00 AM,Central,"VANDALISM - FELONY ($400 & OVER, ALL CHURCH VANDALISMS)",34.0504,-118.2409,0
02/16/2020 12:00:00 AM,77th Street,VANDALISM - MISDEAMEANOR ($399 OR UNDER),33.9728,-118.2783,0
02/05/2020 12:00:00 AM,Southwest,VIOLATION OF COURT ORDER,34.0344,-118.289,0
03/04/2020 12:00:00 AM,Southwest,SHOPLIFTING - PETTY THEFT ($950 & UNDER),34.0242,-118.3722,0
06/08/2020 12:00:00 AM,Hollenbeck,"ASSAULT WITH DEADLY WEAPON, AGGRAVATED ASSAULT",34.0676,-118.2202,0
01/01/2020 12:00:00 AM,Harbor,THEFT PLAIN - PETTY ($950 & UNDER),33.7793,-118.2755,0
03/25/2020 12:00:00 AM,Northeast,INTIMATE PARTNER - SIMPLE ASSAULT,34.1159,-118.1976,0
09/13/2020 12:00:00 AM,Northeast,INTIMATE PARTNER - SIMPLE ASSAULT,34.0934,-118.2961,0
05/03/2020 12:00:00 AM,West Valley,"THEFT-GRAND ($950.01 & OVER)EXCPT,GUNS,FOWL,LIVESTK,PROD",34.2085,-118.4837,0
07/18/2020 12:00:00 AM,Northeast,"ASSAULT WITH DEADLY WEAPON, AGGRAVATED ASSAULT",34.1018,-118.2946,0
11/28/2020 12:00:00 AM,Van Nuys,THEFT FROM MOTOR VEHICLE - PETTY ($950 & UNDER),34.1594,-118.4521,0
04/05/2020 12:00:00 AM,Harbor,TRESPASSING,33.707,-118.2939,0
05/04/2020 12:00:00 AM,77th Street,VEHICLE - STOLEN,33.9582,-118.309,0
02/26/2020 12:00:00 AM,Hollenbeck,"THEFT-GRAND ($950.01 & OVER)EXCPT,GUNS,FOWL,LIVESTK,PROD",34.086,-118.1859,0
11/12/2020 12:00:00 AM,Central,THEFT PLAIN - PETTY ($950 & UNDER),34.0462,-118.2585,0
06/25/2020 12:00:00 AM,Central,"EMBEZZLEMENT, GRAND THEFT ($950.01 & OVER)",34.0542,-118.2566,0
01/09/2020 12:00:00 AM,Southwest,ROBBERY,34.0054,-118.3338,0
03/19/2020 12:00:00 AM,Rampart,CHILD ABUSE (PHYSICAL) - SIMPLE ASSAULT,34.0579,-118.2813,0
02/20/2020 12:00:00 AM,Rampart,INTIMATE PARTNER - SIMPLE ASSAULT,34.0447,-118.2747,0
11/07/2020 12:00:00 AM,Wilshire,BURGLARY,34.0838,-118.3621,0
08/27/2020 12:00:00 AM,Central,"THEFT-GRAND ($950.01 & OVER)EXCPT,GUNS,FOWL,LIVESTK,PROD",34.0444,-118.2541,0
08/28/2020 12:00:00 AM,Harbor,BATTERY - SIMPLE ASSAULT,33.7798,-118.2649,0
05/14/2020 12:00:00 AM,Southwest,ARSON,34.0,-118.3269,0
09/08/2020 12:00:00 AM,Central,CRIMINAL THREATS - NO WEAPON DISPLAYED,34.0498,-118.24,0
10/10/2020 12:00:00 AM,West Valley,INTIMATE PARTNER - SIMPLE ASSAULT,34.2177,-118.4837,0
06/28/2020 12:00:00 AM,Hollywood,THEFT FROM MOTOR VEHICLE - PETTY ($950 & UNDER),34.1018,-118.305,0
04/12/2020 12:00:00 AM,Newton,ROBBERY,34.0396,-118.2451,0
04/12/2020 12:00:00 AM,Southwest,"LETTERS, LEWD  -  TELEPHONE CALLS, LEWD",34.0055,-118.3546,0
01/08/2020 12:00:00 AM,77th Street,INTIMATE PARTNER - SIMPLE ASSAULT,33.9787,-118.2918,0
08/19/2020 12:00:00 AM,Southwest,VEHICLE - STOLEN,34.0091,-118.3089,0
03/24/2020 12:00:00 AM,West LA,THEFT OF IDENTITY,34.0461,-118.3883,0
02/29/2020 12:00:00 AM,Southwest,BATTERY - SIMPLE ASSAULT,34.0327,-118.3126,0
03/07/2020 12:00:00 AM,Harbor,BURGLARY,33.7761,-118.2529,0
08/02/2020 12:00:00 AM,77th Street,ROBBERY,33.9872,-118.3277,0
01/30/2020 12:00:00 AM,Southwest,"THEFT-GRAND ($950.01 & OVER)EXCPT,GUNS,FOWL,LIVESTK,PROD",34.0204,-118.2809,0
01/15/2020 12:00:00 AM,Wilshire,BATTERY - SIMPLE ASSAULT,34.0468,-118.3305,0
03/28/2020 12:00:00 AM,Hollywood,THEFT PLAIN - PETTY ($950 & UNDER),34.0998,-118.3502,0
01/10/2020 12:00:00 AM,77th Street,BURGLARY,33.9773,-118.2892,0
02/11/2020 12:00:00 AM,Hollywood,THEFT PLAIN - PETTY ($950 & UNDER),34.1042,-118.3361,0
06/26/2020 12:00:00 AM,Wilshire,"VANDALISM - FELONY ($400 & OVER, ALL CHURCH VANDALISMS)",34.0726,-118.3463,0
04/21/2020 12:00:00 AM,77th Street,INTIMATE PARTNER - SIMPLE ASSAULT,33.9764,-118.2873,0
11/23/2020 12:00:00 AM,West LA,INTIMATE PARTNER - SIMPLE ASSAULT,34.0346,-118.441,0
11/17/2020 12:00:00 AM,Southwest,SHOPLIFTING - PETTY THEFT ($950 & UNDER),34.0219,-118.2959,0
01/23/2020 12:00:00 AM,Central,"VANDALISM - FELONY ($400 & OVER, ALL CHURCH VANDALISMS)",34.0566,-118.2319,0
11/13/2020 12:00:00 AM,Northeast,"THEFT-GRAND ($950.01 & OVER)EXCPT,GUNS,FOWL,LIVESTK,PROD",34.0864,-118.2155,0
04/23/2020 12:00:00 AM,Northeast,VIOLATION OF RESTRAINING ORDER,34.115,-118.2419,0
07/26/2020 12:00:00 AM,Hollenbeck,THEFT FROM MOTOR VEHICLE - GRAND ($950.01 AND OVER),34.0832,-118.2137,0
06/29/2020 12:00:00 AM,Rampart,BRANDISH WEAPON,34.0497,-118.2754,0
03/24/2020 12:00:00 AM,77th Street,BRANDISH WEAPON,34.0037,-118.3089,0
08/26/2020 12:00:00 AM,West LA,"VANDALISM - FELONY ($400 & OVER, ALL CHURCH VANDALISMS)",34.0427,-118.4624,0
04/11/2020 12:00:00 AM,Van Nuys,THEFT FROM MOTOR VEHICLE - PETTY ($950 & UNDER),34.1867,-118.4531,0
10/02/2020 12:00:00 AM,Hollenbeck,BURGLARY FROM VEHICLE,34.0429,-118.2056,0
08/27/2020 12:00:00 AM,Van Nuys,"ASSAULT WITH DEADLY WEAPON, AGGRAVATED ASSAULT",34.183,-118.4662,0
07/11/2020 12:00:00 AM,Rampart,VEHICLE - ATTEMPT STOLEN,34.0868,-118.2991,0
10/20/2020 12:00:00 AM,Central,THEFT PLAIN - PETTY ($950 & UNDER),34.057,-118.2437,0
01/05/2020 12:00:00 AM,Central,BURGLARY FROM VEHICLE,34.0473,-118.2566,0
07/04/2020 12:00:00 AM,77th Street,BURGLARY FROM VEHICLE,33.9792,-118.3294,0
03/06/2020 12:00:00 AM,Harbor,"ASSAULT WITH DEADLY WEAPON, AGGRAVATED ASSAULT",33.7243,-118.2963,0
05/03/2020 12:00:00 AM,77th Street,"VANDALISM - FELONY ($400 & OVER, ALL CHURCH VANDALISMS)",33.9867,-118.3046,0
07/07/2020 12:00:00 AM,Harbor,VANDALISM - MISDEAMEANOR ($399 OR UNDER),33.7216,-118.2995,0
01/16/2020 12:00:00 AM,Central,INTIMATE PARTNER - SIMPLE ASSAULT,34.0381,-118.2401,0
02/18/2020 12:00:00 AM,Southwest,"THEFT, PERSON",34.0243,-118.2806,0
12/08/2020 12:00:00 AM,Rampart,BURGLARY FROM VEHICLE,34.0539,-118.2712,0
06/24/2020 12:00:00 AM,Central,INTIMATE PARTNER - AGGRAVATED ASSAULT,34.0421,-118.2469,0
11/22/2020 12:00:00 AM,Northeast,VIOLATION OF RESTRAINING ORDER,34.1025,-118.248,0
01/02/2020 12:00:00 AM,Northeast,THEFT FROM MOTOR VEHICLE - GRAND ($950.01 AND OVER),34.098,-118.2678,0
10/08/2020 12:00:00 AM,Wilshire,BATTERY - SIMPLE ASSAULT,34.0734,-118.3765,0
06/11/2020 12:00:00 AM,Harbor,THEFT FROM MOTOR VEHICLE - GRAND ($950.01 AND OVER),33.8098,-118.2991,0
10/14/2020 12:00:00 AM,Van Nuys,BURGLARY FROM VEHICLE,34.1976,-118.4356,0
05/25/2020 12:00:00 AM,77th Street,INTIMATE PARTNER - SIMPLE ASSAULT,33.9792,-118.2958,0
05/01/2020 12:00:00 AM,West LA,BATTERY - SIMPLE ASSAULT,34.0559,-118.4636,0
04/08/2020 12:00:00 AM,Newton,BRANDISH WEAPON,34.0172,-118.2442,0
06/15/2020 12:00:00 AM,Northeast,BURGLARY FROM VEHICLE,34.1106,-118.2678,0
05/17/2020 12:00:00 AM,Harbor,VIOLATION OF RESTRAINING ORDER,33.7297,-118.2819,0
09/17/2020 12:00:00 AM,Rampart,"ASSAULT WITH DEADLY WEAPON, AGGRAVATED ASSAULT",34.0711,-118.2599,0
09/11/2020 12:00:00 AM,Hollenbeck,BURGLARY FROM VEHICLE,34.0693,-118.2001,0
04/26/2020 12:00:00 AM,Van Nuys,BURGLARY,34.1985,-118.4662,0
09/29/2020 12:00:00 AM,Hollywood,CRIMINAL THREATS - NO WEAPON DISPLAYED,34.1001,-118.3092,0
05/10/2020 12:00:00 AM,West Valley,DISCHARGE FIREARMS/SHOTS FIRED,34.1745,-118.5445,0
07/16/2020 12:00:00 AM,Central,THEFT FROM MOTOR VEHICLE - GRAND ($950.01 AND OVER),34.0416,-118.2671,0
05/11/2020 12:00:00 AM,Central,BURGLARY FROM VEHICLE,34.0445,-118.2558,0
03/27/2020 12:00:00 AM,Central,ROBBERY,34.0463,-118.2515,0
08/12/2020 12:00:00 AM,Central,CRIMINAL THREATS - NO WEAPON DISPLAYED,34.046,-118.251,0
12/25/2020 12:00:00 AM,Southwest,INTIMATE PARTNER - SIMPLE ASSAULT,34.0273,-118.3015,0
05/29/2020 12:00:00 AM,West Valley,"VANDALISM - FELONY ($400 & OVER, ALL CHURCH VANDALISMS)",34.2141,-118.5011,0
09/24/2020 12:00:00 AM,Central,THEFT FROM MOTOR VEHICLE - PETTY ($950 & UNDER),34.0522,-118.2469,0
12/12/2020 12:00:00 AM,West LA,VEHICLE - STOLEN,34.0554,-118.4292,0
06/29/2020 12:00:00 AM,Southwest,BATTERY - SIMPLE ASSAULT,34.0044,-118.3267,0
09/13/2020 12:00:00 AM,Hollenbeck,BATTERY - SIMPLE ASSAULT,34.0742,-118.1731,0
06/09/2020 12:00:00 AM,Harbor,BRANDISH WEAPON,33.7928,-118.2899,0
06/22/2020 12:00:00 AM,Harbor,INTIMATE PARTNER - SIMPLE ASSAULT,33.7476,-118.2994,0
07/21/2020 12:00:00 AM,Van Nuys,VEHICLE - STOLEN,34.203,-118.4487,0
04/18/2020 12:00:00 AM,Central,THEFT PLAIN - PETTY ($950 & UNDER),34.0563,-118.2374,0
12/07/2020 12:00:00 AM,Harbor,BURGLARY FROM VEHICLE,33.741,-118.2838,0
01/06/2020 12:00:00 AM,Hollenbeck,"BURGLARY FROM VEHICLE, ATTEMPTED",34.0605,-118.2004,0
01/19/2020 12:00:00 AM,Hollenbeck,THEFT FROM MOTOR VEHICLE - GRAND ($950.01 AND OVER),34.0813,-118.2142,0
12/09/2020 12:00:00 AM,Southwest,CRIMINAL THREATS - NO WEAPON DISPLAYED,34.0148,-118.3222,0
10/23/2020 12:00:00 AM,West LA,BATTERY WITH SEXUAL CONTACT,34.0383,-118.4325,0
02/05/2020 12:00:00 AM,Wilshire,ARSON,34.0838,-118.3595,0
01/07/2020 12:00:00 AM,Van Nuys,THEFT FROM MOTOR VEHICLE - PETTY ($950 & UNDER),34.1826,-118.4596,0
10/28/2020 12:00:00 AM,Southwest,VANDALISM - MISDEAMEANOR ($399 OR UNDER),34.0067,-118.3511,0
01/27/2020 12:00:00 AM,Northeast,BURGLARY,34.1237,-118.2183,0
04/02/2020 12:00:00 AM,Hollenbeck,INTIMATE PARTNER - SIMPLE ASSAULT,34.0462,-118.2153,0
04/12/2020 12:00:00 AM,Newton,THEFT FROM MOTOR VEHICLE - PETTY ($950 & UNDER),34.025,-118.2542,0
09/05/2020 12:00:00 AM,Southwest,INTIMATE PARTNER - SIMPLE ASSAULT,34.0128,-118.3045,0
11/25/2020 12:00:00 AM,Van Nuys,THEFT OF IDENTITY,34.1383,-118.4694,0
04/23/2020 12:00:00 AM,Wilshire,THEFT FROM MOTOR VEHICLE - PETTY ($950 & UNDER),34.0387,-118.3494,0
03/28/2020 12:00:00 AM,Southwest,THEFT FROM MOTOR VEHICLE - PETTY ($950 & UNDER),34.0349,-118.2959,0
07/22/2020 12:00:00 AM,Hollenbeck,CRIMINAL THREATS - NO WEAPON DISPLAYED,34.0531,-118.2086,0
02/02/2020 12:00:00 AM,Southwest,BRANDISH WEAPON,34.0182,-118.334,0
07/07/2020 12:00:00 AM,Southwest,BURGLARY,34.0108,-118.3179,0
08/27/2020 12:00:00 AM,Central,INTIMATE PARTNER - SIMPLE ASSAULT,34.0386,-118.2693,0
12/26/2020 12:00:00 AM,Van Nuys,INTIMATE PARTNER - SIMPLE ASSAULT,34.1847,-118.44,0
04/30/2020 12:00:00 AM,Northeast,BATTERY - SIMPLE ASSAULT,34.0884,-118.2258,0
03/12/2020 12:00:00 AM,Northeast,"THEFT, PERSON",34.111,-118.1925,0
01/25/2020 12:00:00 AM,Harbor,BATTERY - SIMPLE ASSAULT,33.7477,-118.2929,0
09/15/2020 12:00:00 AM,Hollywood,INTIMATE PARTNER - SIMPLE ASSAULT,34.1016,-118.3458,0
10/10/2020 12:00:00 AM,Hollywood,BURGLARY FROM VEHICLE,34.1322,-118.3384,0
06/09/2020 12:00:00 AM,Central,VANDALISM - MISDEAMEANOR ($399 OR UNDER),34.0342,-118.2636,0
05/27/2020 12:00:00 AM,West LA,SEXUAL PENETRATION W/FOREIGN OBJECT,34.1202,-118.3982,0
09/05/2020 12:00:00 AM,Central,INTIMATE PARTNER - SIMPLE ASSAULT,34.0408,-118.2644,0
02/21/2020 12:00:00 AM,Van Nuys,OTHER MISCELLANEOUS CRIME,34.1758,-118.4473,0
09/09/2020 12:00:00 AM,Rampart,BATTERY - SIMPLE ASSAULT,34.0682,-118.2694,0
08/20/2020 12:00:00 AM,Northeast,BURGLARY,34.126,-118.219,0
11/10/2020 12:00:00 AM,Southwest,ROBBERY,34.0278,-118.3378,0
03/26/2020 12:00:00 AM,Southwest,THEFT FROM MOTOR VEHICLE - PETTY ($950 & UNDER),34.0348,-118.2876,0
04/12/2020 12:00:00 AM,Wilshire,"ASSAULT WITH DEADLY WEAPON, AGGRAVATED ASSAULT",34.0537,-118.3619,0
08/30/2020 12:00:00 AM,Hollenbeck,VIOLATION OF RESTRAINING ORDER,34.0414,-118.2187,0
06/26/2020 12:00:00 AM,Southwest,ATTEMPTED ROBBERY,34.0256,-118.3089,0
11/10/2020 12:00:00 AM,Northeast,BATTERY - SIMPLE ASSAULT,34.0866,-118.2241,0
03/10/2020 12:00:00 AM,Hollenbeck,VEHICLE - STOLEN,34.069,-118.1927,0
08/05/2020 12:00:00 AM,Central,BATTERY - SIMPLE ASSAULT,34.0505,-118.2588,0
05/06/2020 12:00:00 AM,Southwest,INTIMATE PARTNER - SIMPLE ASSAULT,34.0289,-118.3563,0
10/08/2020 12:00:00 AM,Rampart,CRIMINAL THREATS - NO WEAPON DISPLAYED,34.0508,-118.2682,0
05/22/2020 12:00:00 AM,Hollywood,THEFT PLAIN - PETTY ($950 & UNDER),34.1053,-118.323,0
12/24/2020 12:00:00 AM,West Valley,"LETTERS, LEWD  -  TELEPHONE CALLS, LEWD",34.212,-118.5475,0
04/08/2020 12:00:00 AM,Hollywood,THEFT FROM MOTOR VEHICLE - GRAND ($950.01 AND OVER),34.1034,-118.3333,0
10/08/2020 12:00:00 AM,Harbor,"VANDALISM - FELONY ($400 & OVER, ALL CHURCH VANDALISMS)",33.7289,-118.2846,0
01/26/2020 12:00:00 AM,Central,ROBBERY,34.0458,-118.243,0
12/24/2020 12:00:00 AM,Hollenbeck,VIOLATION OF COURT ORDER,34.0343,-118.2086,0
02/28/2020 12:00:00 AM,77th Street,VEHICLE - STOLEN,33.9799,-118.2918,0
10/15/2020 12:00:00 AM,Hollywood,"ASSAULT WITH DEADLY WEAPON, AGGRAVATED ASSAULT",34.1016,-118.3387,0
12/10/2020 12:00:00 AM,Harbor,THEFT FROM MOTOR VEHICLE - PETTY ($950 & UNDER),33.7814,-118.2595,0
08/26/2020 12:00:00 AM,Rampart,ROBBERY,34.0514,-118.2743,0
02/29/2020 12:00:00 AM,Northeast,VEHICLE - STOLEN,34.0922,-118.2226,0
06/06/2020 12:00:00 AM,Hollywood,BATTERY - SIMPLE ASSAULT,34.0908,-118.3012,0
07/25/2020 12:00:00 AM,Van Nuys,VEHICLE - STOLEN,34.1876,-118.4422,0
10/27/2020 12:00:00 AM,77th Street,THEFT FROM MOTOR VEHICLE - PETTY ($950 & UNDER),33.9678,-118.2888,0
12/06/2020 12:00:00 AM,Central,THEFT PLAIN - PETTY ($950 & UNDER),34.0561,-118.2375,0
02/28/2020 12:00:00 AM,Newton,INTIMATE PARTNER - SIMPLE ASSAULT,34.0101,-118.274,0
10/17/2020 12:00:00 AM,Southwest,BURGLARY FROM VEHICLE,34.0261,-118.2774,0
02/18/2020 12:00:00 AM,West LA,THEFT OF IDENTITY,34.0626,-118.4684,0
10/01/2020 12:00:00 AM,West Valley,BURGLARY FROM VEHICLE,34.1939,-118.4862,0
08/16/2020 12:00:00 AM,Hollywood,"VANDALISM - FELONY ($400 & OVER, ALL CHURCH VANDALISMS)",34.103,-118.3402,0
07/03/2020 12:00:00 AM,Wilshire,"ASSAULT WITH DEADLY WEAPON, AGGRAVATED ASSAULT",34.0502,-118.3762,0
05/07/2020 12:00:00 AM,77th Street,THEFT PLAIN - PETTY ($950 & UNDER),33.9818,-118.3294,0
06/21/2020 12:00:00 AM,Hollenbeck,VEHICLE - STOLEN,34.0707,-118.2103,0
08/20/2020 12:00:00 AM,Hollywood,BATTERY - SIMPLE ASSAULT,34.0981,-118.3136,0
05/08/2020 12:00:00 AM,77th Street,BURGLARY FROM VEHICLE,33.9719,-118.3177,0
11/15/2020 12:00:00 AM,Hollywood,"ASSAULT WITH DEADLY WEAPON, AGGRAVATED ASSAULT",34.0986,-118.388,0
12/03/2020 12:00:00 AM,77th Street,BRANDISH WEAPON,33.9806,-118.3323,0
09/04/2020 12:00:00 AM,Central,"ASSAULT WITH DEADLY WEAPON, AGGRAVATED ASSAULT",34.0387,-118.2582,0
08/15/2020 12:00:00 AM,Van Nuys,ARSON,34.1612,-118.4269,0
11/19/2020 12:00:00 AM,Harbor,THEFT FROM MOTOR VEHICLE - PETTY ($950 & UNDER),33.7978,-118.3048,0
03/01/2020 12:00:00 AM,77th Street,OTHER MISCELLANEOUS CRIME,33.9824,-118.3003,0
11/14/2020 12:00:00 AM,Rampart,THEFT FROM MOTOR VEHICLE - PETTY ($950 & UNDER),34.061,-118.2615,0
01/10/2020 12:00:00 AM,Northeast,THEFT PLAIN - PETTY ($950 & UNDER),34.1041,-118.2734,0
10/31/2020 12:00:00 AM,Hollenbeck,INTIMATE PARTNER - SIMPLE ASSAULT,34.0209,-118.1941,0
10/01/2020 12:00:00 AM,West Valley,INTIMATE PARTNER - SIMPLE ASSAULT,34.1769,-118.5384,0
03/06/2020 12:00:00 AM,Newton,BATTERY - SIMPLE ASSAULT,34.0114,-118.2624,0
10/28/2020 12:00:00 AM,Hollenbeck,SHOPLIFTING - PETTY THEFT ($950 & UNDER),34.0376,-118.2166,0
07/09/2020 12:00:00 AM,Northeast,"VANDALISM - FELONY ($400 & OVER, ALL CHURCH VANDALISMS)",34.111,-118.2421,0
03/14/2020 12:00:00 AM,Northeast,BATTERY - SIMPLE ASSAULT,34.1164,-118.2332,0
01/03/2020 12:00:00 AM,West Valley,"THEFT-GRAND ($950.01 & OVER)EXCPT,GUNS,FOWL,LIVESTK,PROD",34.2012,-118.4815,0
01/21/2020 12:00:00 AM,Van Nuys,THEFT OF IDENTITY,34.2066,-118.4513,0
12/27/2020 12:00:00 AM,Hollywood,CRIMINAL THREATS - NO WEAPON DISPLAYED,34.0987,-118.3337,0
04/11/2020 12:00:00 AM,Rampart,VEHICLE - STOLEN,34.0793,-118.2691,0
05/28/2020 12:00:00 AM,Rampart,"VANDALISM - FELONY ($400 & OVER, ALL CHURCH VANDALISMS)",34.0632,-118.2771,0
05/25/2020 12:00:00 AM,Rampart,CHILD NEGLECT (SEE 300 W.I.C.),34.0628,-118.2811,0
02/15/2020 12:00:00 AM,Newton,OTHER ASSAULT,33.9824,-118.2783,0
07/14/2020 12:00:00 AM,Harbor,"VANDALISM - FELONY ($400 & OVER, ALL CHURCH VANDALISMS)",33.7839,-118.2381,0
04/23/2020 12:00:00 AM,Wilshire,"ASSAULT WITH DEADLY WEAPON, AGGRAVATED ASSAULT",34.0471,-118.3762,0
07/10/2020 12:00:00 AM,Hollenbeck,VEHICLE - STOLEN,34.0218,-118.1986,0
03/08/2020 12:00:00 AM,Van Nuys,"VANDALISM - FELONY ($400 & OVER, ALL CHURCH VANDALISMS)",34.1666,-118.4138,0
01/26/2020 12:00:00 AM,77th Street,"ASSAULT WITH DEADLY WEAPON, AGGRAVATED ASSAULT",33.9783,-118.2871,0
08/24/2020 12:00:00 AM,Van Nuys,THEFT FROM MOTOR VEHICLE - PETTY ($950 & UNDER),34.1837,-118.4443,0
06/19/2020 12:00:00 AM,Wilshire,VANDALISM - MISDEAMEANOR ($399 OR UNDER),34.0653,-118.365,0
05/01/2020 12:00:00 AM,77th Street,OTHER MISCELLANEOUS CRIME,33.9669,-118.2803,0
02/14/2020 12:00:00 AM,Northeast,VEHICLE - STOLEN,34.1128,-118.2485,0
02/05/2020 12:00:00 AM,West LA,THEFT PLAIN - PETTY ($950 & UNDER),34.0612,-118.4183,0
02/14/2020 12:00:00 AM,Central,BATTERY - SIMPLE ASSAULT,34.0473,-118.2566,0
03/24/2020 12:00:00 AM,77th Street,BATTERY POLICE (SIMPLE),33.9709,-118.3112,0
06/14/2020 12:00:00 AM,77th Street,FALSE IMPRISONMENT,33.9942,-118.2827,0
12/26/2020 12:00:00 AM,Van Nuys,THEFT OF IDENTITY,34.1547,-118.453,0
03/09/2020 12:00:00 AM,Southwest,BRANDISH WEAPON,34.0334,-118.2799,0
11/22/2020 12:00:00 AM,Hollywood,"VANDALISM - FELONY ($400 & OVER, ALL CHURCH VANDALISMS)",34.1016,-118.3391,0
08/02/2020 12:00:00 AM,Wilshire,BURGLARY,34.0835,-118.3734,0
03/22/2020 12:00:00 AM,Southwest,"VANDALISM - FELONY ($400 & OVER, ALL CHURCH VANDALISMS)",34.0274,-118.3594,0
03/06/2020 12:00:00 AM,Wilshire,"ASSAULT WITH DEADLY WEAPON, AGGRAVATED ASSAULT",34.0575,-118.363,0
08/13/2020 12:00:00 AM,West Valley,"VANDALISM - FELONY ($400 & OVER, ALL CHURCH VANDALISMS)",34.2012,-118.5061,0
04/01/2020 12:00:00 AM,West LA,VEHICLE - STOLEN,34.0548,-118.3965,0
01/10/2020 12:00:00 AM,Van Nuys,THEFT OF IDENTITY,34.1857,-118.4509,0
08/06/2020 12:00:00 AM,Hollywood,"VANDALISM - FELONY ($400 & OVER, ALL CHURCH VANDALISMS)",34.0944,-118.3277,0
02/17/2020 12:00:00 AM,West LA,BATTERY - SIMPLE ASSAULT,34.0609,-118.4358,0
03/18/2020 12:00:00 AM,Northeast,VANDALISM - MISDEAMEANOR ($399 OR UNDER),34.0968,-118.2961,0
09/30/2020 12:00:00 AM,West LA,BURGLARY FROM VEHICLE,34.0483,-118.3803,0
07/30/2020 12:00:00 AM,77th Street,INTIMATE PARTNER - SIMPLE ASSAULT,33.9664,-118.3025,0
12/09/2020 12:00:00 AM,Central,"ASSAULT WITH DEADLY WEAPON, AGGRAVATED ASSAULT",34.0507,-118.2414,0
04/10/2020 12:00:00 AM,77th Street,ROBBERY,33.9921,-118.298,0
08/26/2020 12:00:00 AM,Southwest,INTIMATE PARTNER - SIMPLE ASSAULT,34.0211,-118.3093,0
09/28/2020 12:00:00 AM,Van Nuys,THEFT FROM MOTOR VEHICLE - GRAND ($950.01 AND OVER),34.1866,-118.4719,0
05/23/2020 12:00:00 AM,Wilshire,BURGLARY FROM VEHICLE,34.0689,-118.3674,0
11/27/2020 12:00:00 AM,Hollenbeck,"BUNCO, PETTY THEFT",34.0502,-118.2222,0
05/31/2020 12:00:00 AM,Wilshire,BURGLARY,34.0665,-118.3662,0
01/23/2020 12:00:00 AM,Hollywood,ROBBERY,34.0836,-118.3016,0
02/22/2020 12:00:00 AM,Hollywood,CRIMINAL THREATS - NO WEAPON DISPLAYED,34.1034,-118.3325,0
02/04/2020 12:00:00 AM,77th Street,VANDALISM - MISDEAMEANOR ($399 OR UNDER),33.9688,-118.2856,0
02/07/2020 12:00:00 AM,Northeast,VEHICLE - STOLEN,34.0981,-118.2983,0
06/18/2020 12:00:00 AM,Hollywood,ROBBERY,34.1034,-118.3325,0
05/07/2020 12:00:00 AM,Southwest,"ASSAULT WITH DEADLY WEAPON, AGGRAVATED ASSAULT",34.0309,-118.3002,0
09/20/2020 12:00:00 AM,77th Street,CRM AGNST CHLD (13 OR UNDER) (14-15 & SUSP 10 YRS OLDER),33.9839,-118.3352,0
10/07/2020 12:00:00 AM,West Valley,BURGLARY,34.1613,-118.4917,0
01/25/2020 12:00:00 AM,Hollenbeck,THEFT PLAIN - PETTY ($950 & UNDER),34.0376,-118.2166,0
06/22/2020 12:00:00 AM,West LA,BURGLARY,34.0498,-118.4641,0
12/04/2020 12:00:00 AM,Central,VEHICLE - STOLEN,34.0462,-118.2628,0
12/23/2020 12:00:00 AM,West Valley,VEHICLE - STOLEN,34.2184,-118.5405,0
01/17/2020 12:00:00 AM,West LA,SHOPLIFTING-GRAND THEFT ($950.01 & OVER),34.0605,-118.4193,0
09/17/2020 12:00:00 AM,Van Nuys,"THEFT-GRAND ($950.01 & OVER)EXCPT,GUNS,FOWL,LIVESTK,PROD",34.1993,-118.4662,0
06/16/2020 12:00:00 AM,Northeast,BATTERY - SIMPLE ASSAULT,34.0909,-118.2928,0
01/14/2020 12:00:00 AM,West Valley,"VANDALISM - FELONY ($400 & OVER, ALL CHURCH VANDALISMS)",34.183,-118.536,0
12/27/2020 12:00:00 AM,West LA,BURGLARY FROM VEHICLE,34.0425,-118.3818,0
01/01/2020 12:00:00 AM,Newton,"ASSAULT WITH DEADLY WEAPON, AGGRAVATED ASSAULT",34.0348,-118.235,0
04/10/2020 12:00:00 AM,Southwest,BIKE - STOLEN,34.0317,-118.284,0
05/27/2020 12:00:00 AM,Southwest,VEHICLE - STOLEN,34.0073,-118.2941,0
04/01/2020 12:00:00 AM,Southwest,"SEX,UNLAWFUL(INC MUTUAL CONSENT, PENETRATION W/ FRGN OBJ",34.0271,-118.3648,0
04/04/2020 12:00:00 AM,Central,THEFT OF IDENTITY,34.0502,-118.254,0
05/10/2020 12:00:00 AM,Central,BURGLARY FROM VEHICLE,34.0357,-118.2663,0
06/28/2020 12:00:00 AM,Northeast,THEFT OF IDENTITY,34.0812,-118.252,0
08/08/2020 12:00:00 AM,Hollenbeck,BATTERY - SIMPLE ASSAULT,34.0441,-118.2105,0
11/20/2020 12:00:00 AM,Hollenbeck,BURGLARY,34.081,-118.178,0
06/16/2020 12:00:00 AM,Hollenbeck,INTIMATE PARTNER - AGGRAVATED ASSAULT,34.038,-118.215,0
08/16/2020 12:00:00 AM,West Valley,THEFT FROM MOTOR VEHICLE - PETTY ($950 & UNDER),34.2012,-118.5392,0
12/12/2020 12:00:00 AM,Van Nuys,"ASSAULT WITH DEADLY WEAPON, AGGRAVATED ASSAULT",34.2069,-118.4488,0
01/29/2020 12:00:00 AM,Southwest,BURGLARY FROM VEHICLE,34.0276,-118.3351,0
10/29/2020 12:00:00 AM,West Valley,"ASSAULT WITH DEADLY WEAPON, AGGRAVATED ASSAULT",34.1722,-118.5037,0
02/29/2020 12:00:00 AM,Southwest,BATTERY - SIMPLE ASSAULT,34.0034,-118.3182,0
07/14/2020 12:00:00 AM,Harbor,CHILD ANNOYING (17YRS & UNDER),33.7815,-118.265,0
10/20/2020 12:00:00 AM,77th Street,VEHICLE - STOLEN,33.9712,-118.263,0
10/09/2020 12:00:00 AM,Northeast,VEHICLE - STOLEN,34.1428,-118.215,0
02/07/2020 12:00:00 AM,Wilshire,BURGLARY,34.0476,-118.3245,0
05/06/2020 12:00:00 AM,Harbor,ILLEGAL DUMPING,33.7369,-118.2814,0
10/02/2020 12:00:00 AM,Southwest,"VANDALISM - FELONY ($400 & OVER, ALL CHURCH VANDALISMS)",34.0352,-118.284,0
05/12/2020 12:00:00 AM,Harbor,VANDALISM - MISDEAMEANOR ($399 OR UNDER),33.7974,-118.2372,0
03/03/2020 12:00:00 AM,West LA,TRESPASSING,34.0611,-118.4684,0
04/04/2020 12:00:00 AM,Hollywood,INTIMATE PARTNER - SIMPLE ASSAULT,34.0889,-118.331,0
06/21/2020 12:00:00 AM,West LA,BATTERY - SIMPLE ASSAULT,34.0353,-118.4571,0
07/01/2020 12:00:00 AM,West Valley,"VANDALISM - FELONY ($400 & OVER, ALL CHURCH VANDALISMS)",34.2211,-118.5105,0
10/05/2020 12:00:00 AM,77th Street,"ASSAULT WITH DEADLY WEAPON, AGGRAVATED ASSAULT",34.0006,-118.2948,0
06/21/2020 12:00:00 AM,Northeast,TRESPASSING,34.1045,-118.2721,0
12/11/2020 12:00:00 AM,West LA,BURGLARY FROM VEHICLE,34.0831,-118.4789,0
11/24/2020 12:00:00 AM,Central,BATTERY - SIMPLE ASSAULT,34.0476,-118.2615,0
09/16/2020 12:00:00 AM,Rampart,"THEFT-GRAND ($950.01 & OVER)EXCPT,GUNS,FOWL,LIVESTK,PROD",34.0873,-118.296,0
10/05/2020 12:00:00 AM,West Valley,INTIMATE PARTNER - SIMPLE ASSAULT,34.1569,-118.5423,0
09/24/2020 12:00:00 AM,Harbor,TRESPASSING,33.8535,-118.2992,0
05/30/2020 12:00:00 AM,West LA,BURGLARY,34.0425,-118.3818,0
09/05/2020 12:00:00 AM,Central,BATTERY - SIMPLE ASSAULT,34.0461,-118.2461,0
03/14/2020 12:00:00 AM,Wilshire,BURGLARY,34.0853,-118.3363,0
05/20/2020 12:00:00 AM,Southwest,"EMBEZZLEMENT, GRAND THEFT ($950.01 & OVER)",34.0146,-118.3204,0
01/16/2020 12:00:00 AM,Harbor,INTIMATE PARTNER - SIMPLE ASSAULT,33.7188,-118.2907,0
04/16/2020 12:00:00 AM,Van Nuys,VEHICLE - STOLEN,34.1831,-118.4225,0
05/07/2020 12:00:00 AM,Rampart,VEHICLE - STOLEN,34.0546,-118.2684,0
09/23/2020 12:00:00 AM,Central,OTHER MISCELLANEOUS CRIME,34.0522,-118.2434,0
02/09/2020 12:00:00 AM,Southwest,CRIMINAL THREATS - NO WEAPON DISPLAYED,34.0109,-118.3281,0
09/27/2020 12:00:00 AM,77th Street,INTIMATE PARTNER - SIMPLE ASSAULT,33.9891,-118.2915,0
03/01/2020 12:00:00 AM,Hollywood,THEFT FROM MOTOR VEHICLE - PETTY ($950 & UNDER),34.1089,-118.387,0
12/04/2020 12:00:00 AM,Hollenbeck,"VANDALISM - FELONY ($400 & OVER, ALL CHURCH VANDALISMS)",34.0173,-118.22,0
10/28/2020 12:00:00 AM,Van Nuys,VEHICLE - STOLEN,34.1867,-118.4443,0
07/20/2020 12:00:00 AM,Wilshire,BATTERY POLICE (SIMPLE),34.0465,-118.3419,0
09/07/2020 12:00:00 AM,Central,"VANDALISM - FELONY ($400 & OVER, ALL CHURCH VANDALISMS)",34.0414,-118.2638,0
03/22/2020 12:00:00 AM,Harbor,"VANDALISM - FELONY ($400 & OVER, ALL CHURCH VANDALISMS)",33.736,-118.2835,0
01/17/2020 12:00:00 AM,Central,BATTERY - SIMPLE ASSAULT,34.0474,-118.2496,0
09/29/2020 12:00:00 AM,Wilshire,BURGLARY FROM VEHICLE,34.0519,-118.3306,0
03/14/2020 12:00:00 AM,Hollywood,"THEFT-GRAND ($950.01 & OVER)EXCPT,GUNS,FOWL,LIVESTK,PROD",34.098,-118.35,0
03/03/2020 12:00:00 AM,Southwest,BURGLARY FROM VEHICLE,34.0,-118.3236,0
02/10/2020 12:00:00 AM,Central,OTHER ASSAULT,34.0488,-118.2553,0
01/13/2020 12:00:00 AM,West LA,VANDALISM - MISDEAMEANOR ($399 OR UNDER),34.0571,-118.3868,0
04/04/2020 12:00:00 AM,Hollywood,ATTEMPTED ROBBERY,34.1016,-118.3387,0
02/13/2020 12:00:00 AM,77th Street,THEFT PLAIN - PETTY ($950 & UNDER),33.9545,-118.309,0
09/16/2020 12:00:00 AM,Central,VEHICLE - STOLEN,34.046,-118.2326,0
11/02/2020 12:00:00 AM,Central,FAILURE TO YIELD,34.0342,-118.2673,0
03/04/2020 12:00:00 AM,Hollenbeck,"VANDALISM - FELONY ($400 & OVER, ALL CHURCH VANDALISMS)",34.0253,-118.2224,0
06/16/2020 12:00:00 AM,Hollywood,THEFT FROM MOTOR VEHICLE - PETTY ($950 & UNDER),34.0888,-118.3124,0
02/05/2020 12:00:00 AM,West LA,BURGLARY FROM VEHICLE,34.0738,-118.4768,0
03/15/2020 12:00:00 AM,Newton,DISCHARGE FIREARMS/SHOTS FIRED,34.0057,-118.2728,0
08/11/2020 12:00:00 AM,Van Nuys,BURGLARY FROM VEHICLE,34.1495,-118.452,0
12/04/2020 12:00:00 AM,West Valley,BURGLARY FROM VEHICLE,34.1654,-118.5244,0
04/18/2020 12:00:00 AM,Northeast,"LETTERS, LEWD  -  TELEPHONE CALLS, LEWD",34.1148,-118.2505,0
05/20/2020 12:00:00 AM,Rampart,BURGLARY FROM VEHICLE,34.0539,-118.2799,0
12/20/2020 12:00:00 AM,Rampart,THEFT FROM MOTOR VEHICLE - PETTY ($950 & UNDER),34.0567,-118.2815,0
02/17/2020 12:00:00 AM,West LA,BATTERY - SIMPLE ASSAULT,34.0425,-118.3818,0
03/10/2020 12:00:00 AM,Wilshire,"VANDALISM - FELONY ($400 & OVER, ALL CHURCH VANDALISMS)",34.0816,-118.3648,0
05/30/2020 12:00:00 AM,Central,BURGLARY,34.0452,-118.2534,0
09/20/2020 12:00:00 AM,West LA,THEFT FROM MOTOR VEHICLE - GRAND ($950.01 AND OVER),34.0621,-118.4235,0
04/12/2020 12:00:00 AM,Wilshire,TRESPASSING,34.0837,-118.3543,0
04/28/2020 12:00:00 AM,Harbor,BATTERY - SIMPLE ASSAULT,33.7813,-118.2609,0
03/28/2020 12:00:00 AM,Wilshire,THEFT PLAIN - PETTY ($950 & UNDER),34.0736,-118.343,0
06/10/2020 12:00:00 AM,Hollenbeck,CRIMINAL THREATS - NO WEAPON DISPLAYED,34.0868,-118.177,0
10/06/2020 12:00:00 AM,West Valley,BATTERY - SIMPLE ASSAULT,34.1554,-118.5561,0
08/12/2020 12:00:00 AM,Hollywood,THEFT PLAIN - PETTY ($950 & UNDER),34.0876,-118.3108,0
09/22/2020 12:00:00 AM,77th Street,THEFT OF IDENTITY,33.9505,-118.3167,0
01/14/2020 12:00:00 AM,Newton,"BUNCO, GRAND THEFT",34.0074,-118.2453,0
01/08/2020 12:00:00 AM,West Valley,BATTERY - SIMPLE ASSAULT,34.1807,-118.536,0
02/28/2020 12:00:00 AM,77th Street,"ASSAULT WITH DEADLY WEAPON, AGGRAVATED ASSAULT",33.9974,-118.2827,0
07/17/2020 12:00:00 AM,Central,VEHICLE - STOLEN,34.065,-118.2418,0
01/10/2020 12:00:00 AM,West Valley,BURGLARY FROM VEHICLE,34.1682,-118.5406,0
11/08/2020 12:00:00 AM,77th Street,"SHOTS FIRED AT MOVING VEHICLE, TRAIN OR AIRCRAFT",33.9833,-118.2915,0
09/25/2020 12:00:00 AM,West Valley,SHOPLIFTING - PETTY THEFT ($950 & UNDER),34.1609,-118.5105,0
09/07/2020 12:00:00 AM,Southwest,"THEFT-GRAND ($950.01 & OVER)EXCPT,GUNS,FOWL,LIVESTK,PROD",34.0145,-118.3045,0
01/20/2020 12:00:00 AM,Northeast,BURGLARY FROM VEHICLE,34.0857,-118.2457,0
02/16/2020 12:00:00 AM,Harbor,DOCUMENT FORGERY / STOLEN FELONY,33.737,-118.3077,0
01/11/2020 12:00:00 AM,Southwest,BRANDISH WEAPON,34.0179,-118.3078,0
11/20/2020 12:00:00 AM,Southwest,"VANDALISM - FELONY ($400 & OVER, ALL CHURCH VANDALISMS)",34.0329,-118.2761,0
12/05/2020 12:00:00 AM,Central,"VANDALISM - FELONY ($400 & OVER, ALL CHURCH VANDALISMS)",34.0527,-118.2398,0
05/07/2020 12:00:00 AM,77th Street,"VANDALISM - FELONY ($400 & OVER, ALL CHURCH VANDALISMS)",33.9921,-118.3108,0
05/22/2020 12:00:00 AM,West LA,BURGLARY FROM VEHICLE,34.0874,-118.4746,0
04/05/2020 12:00:00 AM,Central,BURGLARY,34.0462,-118.2585,0
03/06/2020 12:00:00 AM,Newton,BATTERY - SIMPLE ASSAULT,33.9807,-118.2761,0
09/19/2020 12:00:00 AM,Hollywood,BRANDISH WEAPON,34.1007,-118.3494,0
04/04/2020 12:00:00 AM,Northeast,INTIMATE PARTNER - AGGRAVATED ASSAULT,34.0853,-118.26,0
05/07/2020 12:00:00 AM,Southwest,BATTERY - SIMPLE ASSAULT,34.0073,-118.298,0
06/10/2020 12:00:00 AM,77th Street,VANDALISM - MISDEAMEANOR ($399 OR UNDER),33.9737,-118.2842,0
08/12/2020 12:00:00 AM,Wilshire,INTIMATE PARTNER - SIMPLE ASSAULT,34.0687,-118.3472,0
06/09/2020 12:00:00 AM,West Valley,VEHICLE - STOLEN,34.1705,-118.5402,0
06/08/2020 12:00:00 AM,Northeast,VEHICLE - STOLEN,34.0823,-118.2621,0
02/08/2020 12:00:00 AM,Central,BATTERY - SIMPLE ASSAULT,34.0458,-118.243,0
04/03/2020 12:00:00 AM,Hollywood,BURGLARY,34.0835,-118.3245,0
12/23/2020 12:00:00 AM,Southwest,BATTERY - SIMPLE ASSAULT,34.0032,-118.3316,0
06/15/2020 12:00:00 AM,Hollywood,"ASSAULT WITH DEADLY WEAPON, AGGRAVATED ASSAULT",34.1044,-118.3224,0
05/20/2020 12:00:00 AM,Central,"ASSAULT WITH DEADLY WEAPON, AGGRAVATED ASSAULT",34.0429,-118.2462,0
11/26/2020 12:00:00 AM,West LA,BURGLARY,34.0344,-118.4538,0
09/13/2020 12:00:00 AM,77th Street,VEHICLE - STOLEN,33.9974,-118.2871,0
08/13/2020 12:00:00 AM,Central,THEFT PLAIN - PETTY ($950 & UNDER),34.0421,-118.2469,0
09/30/2020 12:00:00 AM,Van Nuys,CRIMINAL THREATS - NO WEAPON DISPLAYED,34.1939,-118.4729,0
04/02/2020 12:00:00 AM,West Valley,INTIMATE PARTNER - SIMPLE ASSAULT,34.2011,-118.5386,0
06/26/2020 12:00:00 AM,Wilshire,THEFT PLAIN - PETTY ($950 & UNDER),34.0499,-118.352,0
03/03/2020 12:00:00 AM,Central,THEFT FROM PERSON - ATTEMPT,34.0488,-118.2518,0
05/26/2020 12:00:00 AM,Rampart,BURGLARY FROM VEHICLE,34.0774,-118.2808,0
01/17/2020 12:00:00 AM,Newton,"ASSAULT WITH DEADLY WEAPON, AGGRAVATED ASSAULT",34.0322,-118.2544,0
12/29/2020 12:00:00 AM,Wilshire,THEFT FROM MOTOR VEHICLE - PETTY ($950 & UNDER),34.0704,-118.3552,0
07/19/2020 12:00:00 AM,West LA,"VANDALISM - FELONY ($400 & OVER, ALL CHURCH VANDALISMS)",34.06,-118.42,0
09/20/2020 12:00:00 AM,77th Street,"THEFT-GRAND ($950.01 & OVER)EXCPT,GUNS,FOWL,LIVESTK,PROD",33.989,-118.3344,0
12/28/2020 12:00:00 AM,Wilshire,"BURGLARY, ATTEMPTED",34.0649,-118.3494,0
06/01/2020 12:00:00 AM,77th Street,BRANDISH WEAPON,33.9922,-118.3276,0
09/10/2020 12:00:00 AM,Harbor,VEHICLE - STOLEN,33.7379,-118.2857,0
08/12/2020 12:00:00 AM,77th Street,BURGLARY,33.9717,-118.2887,0
10/02/2020 12:00:00 AM,Van Nuys,BURGLARY FROM VEHICLE,34.174,-118.4661,0
07/15/2020 12:00:00 AM,77th Street,VEHICLE - ATTEMPT STOLEN,33.9641,-118.2919,0
10/12/2020 12:00:00 AM,Central,INTIMATE PARTNER - AGGRAVATED ASSAULT,34.0627,-118.2463,0
09/03/2020 12:00:00 AM,Southwest,THEFT FROM MOTOR VEHICLE - PETTY ($950 & UNDER),34.0221,-118.2938,0
07/27/2020 12:00:00 AM,Rampart,THEFT FROM MOTOR VEHICLE - GRAND ($950.01 AND OVER),34.0703,-118.2786,0
12/21/2020 12:00:00 AM,Harbor,SHOPLIFTING - PETTY THEFT ($950 & UNDER),33.8535,-118.2992,0
02/09/2020 12:00:00 AM,Southwest,VIOLATION OF COURT ORDER,34.0309,-118.3313,0
11/03/2020 12:00:00 AM,Southwest,VEHICLE - STOLEN,34.0228,-118.2987,0
08/14/2020 12:00:00 AM,Rampart,THEFT FROM MOTOR VEHICLE - PETTY ($950 & UNDER),34.0752,-118.2583,0
04/13/2020 12:00:00 AM,Van Nuys,TRESPASSING,34.174,-118.4662,0
08/17/2020 12:00:00 AM,77th Street,ROBBERY,33.9824,-118.2827,0
02/17/2020 12:00:00 AM,Van Nuys,"LETTERS, LEWD  -  TELEPHONE CALLS, LEWD",34.1867,-118.4618,0
02/11/2020 12:00:00 AM,Central,INTIMATE PARTNER - SIMPLE ASSAULT,34.046,-118.2493,0
01/31/2020 12:00:00 AM,Northeast,VEHICLE - STOLEN,34.1086,-118.1898,0
06/15/2020 12:00:00 AM,Van Nuys,INTIMATE PARTNER - SIMPLE ASSAULT,34.1826,-118.4596,0
06/24/2020 12:00:00 AM,Hollywood,THEFT OF IDENTITY,34.0835,-118.3157,0
10/05/2020 12:00:00 AM,West LA,"VANDALISM - FELONY ($400 & OVER, ALL CHURCH VANDALISMS)",34.0553,-118.3899,0
05/16/2020 12:00:00 AM,Central,BIKE - STOLEN,34.0459,-118.2351,0
08/22/2020 12:00:00 AM,Harbor,"ASSAULT WITH DEADLY WEAPON, AGGRAVATED ASSAULT",33.7852,-118.252,0
04/26/2020 12:00:00 AM,West LA,THEFT FROM MOTOR VEHICLE - PETTY ($950 & UNDER),34.0414,-118.454,0
04/22/2020 12:00:00 AM,Central,VEHICLE - STOLEN,34.0401,-118.2459,0
06/22/2020 12:00:00 AM,Hollywood,BATTERY WITH SEXUAL CONTACT,34.1032,-118.3348,0
04/21/2020 12:00:00 AM,Wilshire,CRIMINAL THREATS - NO WEAPON DISPLAYED,34.0782,-118.3573,0
11/06/2020 12:00:00 AM,77th Street,CRIMINAL THREATS - NO WEAPON DISPLAYED,33.9837,-118.3279,0
01/11/2020 12:00:00 AM,Central,THEFT PLAIN - PETTY ($950 & UNDER),34.046,-118.2509,0
07/03/2020 12:00:00 AM,Harbor,INTIMATE PARTNER - SIMPLE ASSAULT,33.8419,-118.3092,0
07/28/2020 12:00:00 AM,77th Street,"VANDALISM - FELONY ($400 & OVER, ALL CHURCH VANDALISMS)",33.989,-118.3333,0
03/07/2020 12:00:00 AM,Hollywood,BURGLARY,34.0889,-118.3332,0
05/14/2020 12:00:00 AM,Hollenbeck,VEHICLE - STOLEN,34.0451,-118.2249,0
07/24/2020 12:00:00 AM,77th Street,THEFT FROM MOTOR VEHICLE - PETTY ($950 & UNDER),34.0037,-118.2854,0
02/12/2020 12:00:00 AM,77th Street,OTHER ASSAULT,33.9994,-118.3108,0
11/04/2020 12:00:00 AM,Central,"THEFT-GRAND ($950.01 & OVER)EXCPT,GUNS,FOWL,LIVESTK,PROD",34.0539,-118.2436,0
05/21/2020 12:00:00 AM,West LA,BURGLARY FROM VEHICLE,34.0465,-118.442,0
06/27/2020 12:00:00 AM,Hollywood,FAILURE TO YIELD,34.1034,-118.3325,0
11/21/2020 12:00:00 AM,Hollenbeck,BRANDISH WEAPON,34.0344,-118.2157,0
06/26/2020 12:00:00 AM,Hollywood,THEFT OF IDENTITY,34.1074,-118.3193,0
05/20/2020 12:00:00 AM,77th Street,"ASSAULT WITH DEADLY WEAPON, AGGRAVATED ASSAULT",33.9667,-118.2914,0
12/17/2020 12:00:00 AM,Van Nuys,"VANDALISM - FELONY ($400 & OVER, ALL CHURCH VANDALISMS)",34.1984,-118.4684,0
09/27/2020 12:00:00 AM,77th Street,BRANDISH WEAPON,33.9711,-118.2629,0
01/28/2020 12:00:00 AM,Central,BATTERY - SIMPLE ASSAULT,34.0409,-118.2609,0
05/14/2020 12:00:00 AM,Southwest,VANDALISM - MISDEAMEANOR ($399 OR UNDER),34.0067,-118.3511,0
08/01/2020 12:00:00 AM,Hollenbeck,SHOTS FIRED AT INHABITED DWELLING,34.0545,-118.1989,0
05/17/2020 12:00:00 AM,Southwest,BATTERY - SIMPLE ASSAULT,34.0109,-118.2915,0
10/20/2020 12:00:00 AM,77th Street,"SHOTS FIRED AT MOVING VEHICLE, TRAIN OR AIRCRAFT",33.9746,-118.2959,0
07/12/2020 12:00:00 AM,Van Nuys,BATTERY - SIMPLE ASSAULT,34.1985,-118.4471,0
07/05/2020 12:00:00 AM,77th Street,THEFT PLAIN - PETTY ($950 & UNDER),33.9933,-118.3094,0
02/02/2020 12:00:00 AM,West Valley,BRANDISH WEAPON,34.2048,-118.5317,0
11/04/2020 12:00:00 AM,Harbor,VIOLATION OF RESTRAINING ORDER,33.7231,-118.288,0
03/31/2020 12:00:00 AM,Harbor,THEFT PLAIN - PETTY ($950 & UNDER),33.7928,-118.2899,0
10/07/2020 12:00:00 AM,Hollenbeck,VANDALISM - MISDEAMEANOR ($399 OR UNDER),34.0572,-118.1942,0
06/19/2020 12:00:00 AM,Northeast,THEFT FROM MOTOR VEHICLE - PETTY ($950 & UNDER),34.1402,-118.1918,0
09/07/2020 12:00:00 AM,Wilshire,"ASSAULT WITH DEADLY WEAPON, AGGRAVATED ASSAULT",34.0734,-118.3765,0
09/24/2020 12:00:00 AM,77th Street,"ASSAULT WITH DEADLY WEAPON, AGGRAVATED ASSAULT",33.9891,-118.303,0
04/19/2020 12:00:00 AM,Van Nuys,"VANDALISM - FELONY ($400 & OVER, ALL CHURCH VANDALISMS)",34.147,-118.4249,0
02/16/2020 12:00:00 AM,Wilshire,"VANDALISM - FELONY ($400 & OVER, ALL CHURCH VANDALISMS)",34.0399,-118.3272,0
05/30/2020 12:00:00 AM,77th Street,BATTERY - SIMPLE ASSAULT,33.9842,-118.2841,0
09/30/2020 12:00:00 AM,West Valley,TRESPASSING,34.1866,-118.5185,0
09/13/2020 12:00:00 AM,77th Street,"ASSAULT WITH DEADLY WEAPON, AGGRAVATED ASSAULT",33.9703,-118.2564,0
08/18/2020 12:00:00 AM,Southwest,ROBBERY,34.0069,-118.297,0
06/08/2020 12:00:00 AM,Harbor,"BUNCO, GRAND THEFT",33.7333,-118.3129,0
01/22/2020 12:00:00 AM,Wilshire,BURGLARY FROM VEHICLE,34.0485,-118.3335,0
02/21/2020 12:00:00 AM,West LA,DOCUMENT FORGERY / STOLEN FELONY,34.0482,-118.4354,0
08/01/2020 12:00:00 AM,Hollywood,BATTERY WITH SEXUAL CONTACT,34.098,-118.351,0
01/26/2020 12:00:00 AM,Northeast,VIOLATION OF RESTRAINING ORDER,34.0951,-118.2171,0
01/26/2020 12:00:00 AM,77th Street,INTIMATE PARTNER - SIMPLE ASSAULT,33.9728,-118.2962,0
10/30/2020 12:00:00 AM,Van Nuys,BATTERY WITH SEXUAL CONTACT,34.1674,-118.4237,0
03/31/2020 12:00:00 AM,Hollenbeck,BURGLARY,34.0655,-118.2022,0
01/16/2020 12:00:00 AM,Southwest,BURGLARY,34.0073,-118.298,0
10/24/2020 12:00:00 AM,Hollywood,VEHICLE - STOLEN,34.108,-118.3785,0
07/19/2020 12:00:00 AM,West Valley,"ASSAULT WITH DEADLY WEAPON, AGGRAVATED ASSAULT",34.166,-118.5095,0
05/16/2020 12:00:00 AM,Hollywood,"VANDALISM - FELONY ($400 & OVER, ALL CHURCH VANDALISMS)",34.1181,-118.3647,0
10/16/2020 12:00:00 AM,Southwest,"ASSAULT WITH DEADLY WEAPON, AGGRAVATED ASSAULT",34.0349,-118.2959,0
07/09/2020 12:00:00 AM,Hollenbeck,INTIMATE PARTNER - AGGRAVATED ASSAULT,34.0493,-118.2157,0
03/02/2020 12:00:00 AM,Van Nuys,BURGLARY FROM VEHICLE,34.1867,-118.4421,0
07/07/2020 12:00:00 AM,Rampart,THEFT FROM MOTOR VEHICLE - GRAND ($950.01 AND OVER),34.0898,-118.2818,0
08/18/2020 12:00:00 AM,Southwest,BIKE - STOLEN,34.0183,-118.3569,0
01/30/2020 12:00:00 AM,Harbor,"ASSAULT WITH DEADLY WEAPON, AGGRAVATED ASSAULT",33.7888,-118.2749,0
08/27/2020 12:00:00 AM,Hollywood,SODOMY/SEXUAL CONTACT B/W PENIS OF ONE PERS TO ANUS OTH,34.098,-118.3365,0
06/26/2020 12:00:00 AM,Southwest,THEFT PLAIN - PETTY ($950 & UNDER),34.0074,-118.329,0
10/13/2020 12:00:00 AM,Central,BATTERY WITH SEXUAL CONTACT,34.0437,-118.2455,0
01/15/2020 12:00:00 AM,Southwest,CHILD ABUSE (PHYSICAL) - SIMPLE ASSAULT,34.0289,-118.32,0
01/27/2020 12:00:00 AM,West Valley,"VANDALISM - FELONY ($400 & OVER, ALL CHURCH VANDALISMS)",34.2012,-118.497,0
09/11/2020 12:00:00 AM,Hollywood,INTIMATE PARTNER - AGGRAVATED ASSAULT,34.1041,-118.3427,0
01/20/2020 12:00:00 AM,Harbor,VEHICLE - STOLEN,33.7289,-118.2846,0
11/24/2020 12:00:00 AM,Van Nuys,ROBBERY,34.1867,-118.4647,0
08/29/2020 12:00:00 AM,Central,VIOLATION OF RESTRAINING ORDER,34.0465,-118.2488,0
01/22/2020 12:00:00 AM,Northeast,VANDALISM - MISDEAMEANOR ($399 OR UNDER),34.0946,-118.2596,0
01/01/2020 12:00:00 AM,Rampart,BATTERY - SIMPLE ASSAULT,34.0909,-118.2917,0
01/09/2020 12:00:00 AM,77th Street,BATTERY - SIMPLE ASSAULT,33.9892,-118.3089,0
03/18/2020 12:00:00 AM,Northeast,"VANDALISM - FELONY ($400 & OVER, ALL CHURCH VANDALISMS)",34.1069,-118.2901,0
01/05/2020 12:00:00 AM,Wilshire,BATTERY - SIMPLE ASSAULT,34.0746,-118.3765,0
11/12/2020 12:00:00 AM,77th Street,BURGLARY FROM VEHICLE,33.9664,-118.3068,0
05/01/2020 12:00:00 AM,77th Street,BATTERY WITH SEXUAL CONTACT,33.9678,-118.2859,0
10/10/2020 12:00:00 AM,Hollenbeck,VEHICLE - STOLEN,34.0702,-118.213,0
03/11/2020 12:00:00 AM,Southwest,ROBBERY,34.0037,-118.3181,0
02/21/2020 12:00:00 AM,West Valley,VANDALISM - MISDEAMEANOR ($399 OR UNDER),34.2012,-118.4989,0
07/27/2020 12:00:00 AM,Southwest,BATTERY - SIMPLE ASSAULT,34.0087,-118.2866,0
12/06/2020 12:00:00 AM,77th Street,"ASSAULT WITH DEADLY WEAPON, AGGRAVATED ASSAULT",33.9695,-118.2783,0
04/23/2020 12:00:00 AM,Hollenbeck,THEFT FROM MOTOR VEHICLE - GRAND ($950.01 AND OVER),34.0345,-118.2256,0
02/19/2020 12:00:00 AM,Hollywood,THEFT PLAIN - PETTY ($950 & UNDER),34.1006,-118.3417,0
10/12/2020 12:00:00 AM,77th Street,CRIMINAL THREATS - NO WEAPON DISPLAYED,33.9664,-118.3068,0
09/03/2020 12:00:00 AM,Hollywood,"VANDALISM - FELONY ($400 & OVER, ALL CHURCH VANDALISMS)",34.098,-118.355,0
06/15/2020 12:00:00 AM,77th Street,INTIMATE PARTNER - SIMPLE ASSAULT,34.0017,-118.2965,0
04/24/2020 12:00:00 AM,Central,BRANDISH WEAPON,34.046,-118.2509,0
06/14/2020 12:00:00 AM,West Valley,BRANDISH WEAPON,34.1939,-118.4793,0
09/08/2020 12:00:00 AM,Rampart,THEFT FROM MOTOR VEHICLE - PETTY ($950 & UNDER),34.0642,-118.257,0
09/19/2020 12:00:00 AM,Southwest,THEFT PLAIN - PETTY ($950 & UNDER),34.0237,-118.3119,0
06/28/2020 12:00:00 AM,Central,BURGLARY FROM VEHICLE,34.0419,-118.2523,0
04/14/2020 12:00:00 AM,Rampart,BURGLARY FROM VEHICLE,34.066,-118.2689,0
05/29/2020 12:00:00 AM,Van Nuys,THEFT PLAIN - PETTY ($950 & UNDER),34.1531,-118.4616,0
09/21/2020 12:00:00 AM,Wilshire,"ASSAULT WITH DEADLY WEAPON, AGGRAVATED ASSAULT",34.0519,-118.3306,0
10/21/2020 12:00:00 AM,Van Nuys,THEFT FROM MOTOR VEHICLE - GRAND ($950.01 AND OVER),34.1531,-118.4487,0
04/11/2020 12:00:00 AM,Central,"VANDALISM - FELONY ($400 & OVER, ALL CHURCH VANDALISMS)",34.0644,-118.2387,0
02/15/2020 12:00:00 AM,Hollywood,THEFT PLAIN - PETTY ($950 & UNDER),34.1035,-118.3147,0
12/01/2020 12:00:00 AM,Central,VEHICLE - STOLEN,34.0364,-118.2677,0
12/26/2020 12:00:00 AM,77th Street,THEFT FROM MOTOR VEHICLE - PETTY ($950 & UNDER),33.9736,-118.289,0
08/17/2020 12:00:00 AM,Hollywood,THEFT FROM MOTOR VEHICLE - PETTY ($950 & UNDER),34.106,-118.3364,0
12/04/2020 12:00:00 AM,West Valley,TRESPASSING,34.1722,-118.502,0
02/01/2020 12:00:00 AM,Southwest,THEFT PLAIN - PETTY ($950 & UNDER),34.0265,-118.2882,0
08/13/2020 12:00:00 AM,Wilshire,"VANDALISM - FELONY ($400 & OVER, ALL CHURCH VANDALISMS)",34.0721,-118.3626,0
11/01/2020 12:00:00 AM,Rampart,TRESPASSING,34.0726,-118.2578,0
08/06/2020 12:00:00 AM,Hollenbeck,VEHICLE - STOLEN,34.0362,-118.218,0
05/20/2020 12:00:00 AM,West Valley,BRANDISH WEAPON,34.1632,-118.5356,0
02/18/2020 12:00:00 AM,77th Street,BURGLARY FROM VEHICLE,33.9638,-118.2629,0
01/13/2020 12:00:00 AM,Hollywood,THEFT PLAIN - PETTY ($950 & UNDER),34.1039,-118.3311,0
02/13/2020 12:00:00 AM,Rampart,BATTERY - SIMPLE ASSAULT,34.0596,-118.2749,0
12/18/2020 12:00:00 AM,Southwest,BURGLARY,34.0215,-118.3423,0
01/29/2020 12:00:00 AM,Van Nuys,SHOPLIFTING - PETTY THEFT ($950 & UNDER),34.1547,-118.453,0
01/27/2020 12:00:00 AM,West Valley,THEFT PLAIN - PETTY ($950 & UNDER),34.167,-118.5203,0
09/03/2020 12:00:00 AM,Wilshire,VEHICLE - STOLEN,34.0747,-118.3563,0
12/04/2020 12:00:00 AM,77th Street,"VANDALISM - FELONY ($400 & OVER, ALL CHURCH VANDALISMS)",33.9891,-118.3097,0
11/15/2020 12:00:00 AM,Southwest,INTIMATE PARTNER - AGGRAVATED ASSAULT,34.0228,-118.3156,0
10/23/2020 12:00:00 AM,Hollywood,BATTERY - SIMPLE ASSAULT,34.0987,-118.3337,0
05/14/2020 12:00:00 AM,Northeast,BIKE - STOLEN,34.0937,-118.2092,0
03/30/2020 12:00:00 AM,77th Street,THEFT PLAIN - PETTY ($950 & UNDER),33.9853,-118.3489,0
09/06/2020 12:00:00 AM,Hollenbeck,"VANDALISM - FELONY ($400 & OVER, ALL CHURCH VANDALISMS)",34.0676,-118.2116,0
02/12/2020 12:00:00 AM,West Valley,VEHICLE - STOLEN,34.203,-118.5535,0
01/23/2020 12:00:00 AM,Harbor,THEFT PLAIN - PETTY ($950 & UNDER),33.737,-118.2879,0
04/24/2020 12:00:00 AM,Newton,"ASSAULT WITH DEADLY WEAPON, AGGRAVATED ASSAULT",34.0254,-118.2729,0
05/18/2020 12:00:00 AM,Central,THEFT PLAIN - PETTY ($950 & UNDER),34.0481,-118.2507,0
01/23/2020 12:00:00 AM,Newton,THEFT OF IDENTITY,34.0335,-118.2737,0
12/09/2020 12:00:00 AM,Hollywood,SEXUAL PENETRATION W/FOREIGN OBJECT,34.098,-118.3223,0
06/15/2020 12:00:00 AM,77th Street,"ASSAULT WITH DEADLY WEAPON, AGGRAVATED ASSAULT",33.9747,-118.2827,0
09/06/2020 12:00:00 AM,Newton,VANDALISM - MISDEAMEANOR ($399 OR UNDER),34.0189,-118.2481,0
01/26/2020 12:00:00 AM,Van Nuys,"ASSAULT WITH DEADLY WEAPON, AGGRAVATED ASSAULT",34.203,-118.4662,0
04/11/2020 12:00:00 AM,Southwest,ROBBERY,34.0155,-118.2947,0
08/17/2020 12:00:00 AM,Hollywood,INTIMATE PARTNER - SIMPLE ASSAULT,34.0944,-118.3472,0
06/26/2020 12:00:00 AM,Harbor,"BUNCO, GRAND THEFT",33.7669,-118.3106,0
04/13/2020 12:00:00 AM,Southwest,BURGLARY,34.015,-118.3536,0
09/10/2020 12:00:00 AM,Hollenbeck,"VANDALISM - FELONY ($400 & OVER, ALL CHURCH VANDALISMS)",34.0376,-118.2166,0
06/13/2020 12:00:00 AM,77th Street,"VANDALISM - FELONY ($400 & OVER, ALL CHURCH VANDALISMS)",33.9711,-118.2629,0
12/30/2020 12:00:00 AM,Van Nuys,BURGLARY,34.1527,-118.4596,0
11/07/2020 12:00:00 AM,Wilshire,ROBBERY,34.0761,-118.3643,0
07/02/2020 12:00:00 AM,Southwest,TRESPASSING,34.0073,-118.294,0
07/08/2020 12:00:00 AM,Hollenbeck,BURGLARY,34.088,-118.1615,0
01/27/2020 12:00:00 AM,Rampart,VEHICLE - STOLEN,34.0909,-118.2939,0
07/30/2020 12:00:00 AM,Hollenbeck,BURGLARY FROM VEHICLE,34.0436,-118.2051,0
07/19/2020 12:00:00 AM,Van Nuys,BATTERY WITH SEXUAL CONTACT,34.1976,-118.4574,0
02/15/2020 12:00:00 AM,Van Nuys,INTIMATE PARTNER - SIMPLE ASSAULT,34.1316,-118.4395,0
08/20/2020 12:00:00 AM,Rampart,THEFT PLAIN - PETTY ($950 & UNDER),34.0823,-118.2755,0
04/03/2020 12:00:00 AM,Newton,VEHICLE - STOLEN,33.9998,-118.2774,0
03/02/2020 12:00:00 AM,Central,ROBBERY,34.0473,-118.2566,0
02/25/2020 12:00:00 AM,Wilshire,BURGLARY,34.039,-118.3458,0
01/15/2020 12:00:00 AM,77th Street,THEFT PLAIN - PETTY ($950 & UNDER),33.9691,-118.3112,0
09/27/2020 12:00:00 AM,77th Street,INTIMATE PARTNER - AGGRAVATED ASSAULT,33.9737,-118.3341,0
12/14/2020 12:00:00 AM,Van Nuys,SHOPLIFTING-GRAND THEFT ($950.01 & OVER),34.1576,-118.4389,0
10/30/2020 12:00:00 AM,Northeast,THEFT PLAIN - PETTY ($950 & UNDER),34.1546,-118.2932,0
08/31/2020 12:00:00 AM,Rampart,SHOTS FIRED AT INHABITED DWELLING,34.0472,-118.2782,0
09/28/2020 12:00:00 AM,Central,ROBBERY,34.0673,-118.2402,0
03/11/2020 12:00:00 AM,Newton,CHILD ABUSE (PHYSICAL) - SIMPLE ASSAULT,34.0078,-118.2636,0
12/10/2020 12:00:00 AM,Van Nuys,INTIMATE PARTNER - SIMPLE ASSAULT,34.1613,-118.4138,0
11/01/2020 12:00:00 AM,West Valley,TRESPASSING,34.2084,-118.4973,0
04/23/2020 12:00:00 AM,77th Street,CRIMINAL THREATS - NO WEAPON DISPLAYED,33.9651,-118.2754,0
01/13/2020 12:00:00 AM,West Valley,ROBBERY,34.2148,-118.5404,0
07/21/2020 12:00:00 AM,West LA,BRANDISH WEAPON,34.0637,-118.4454,0
10/12/2020 12:00:00 AM,Northeast,VIOLATION OF RESTRAINING ORDER,34.119,-118.2422,0
11/23/2020 12:00:00 AM,Harbor,VEHICLE - STOLEN,33.7234,-118.3057,0
04/05/2020 12:00:00 AM,77th Street,VANDALISM - MISDEAMEANOR ($399 OR UNDER),33.9951,-118.3113,0
02/26/2020 12:00:00 AM,Van Nuys,CRIMINAL THREATS - NO WEAPON DISPLAYED,34.1766,-118.4589,0
12/15/2020 12:00:00 AM,77th Street,"ASSAULT WITH DEADLY WEAPON, AGGRAVATED ASSAULT",33.9418,-118.309,0
09/07/2020 12:00:00 AM,Van Nuys,SHOPLIFTING-GRAND THEFT ($950.01 & OVER),34.1531,-118.4487,0
07/08/2020 12:00:00 AM,77th Street,CRIMINAL THREATS - NO WEAPON DISPLAYED,33.9841,-118.3003,0
11/03/2020 12:00:00 AM,Rampart,DOCUMENT FORGERY / STOLEN FELONY,34.0856,-118.2868,0
04/25/2020 12:00:00 AM,Hollywood,ROBBERY,34.1,-118.3113,0
10/27/2020 12:00:00 AM,Rampart,"VANDALISM - FELONY ($400 & OVER, ALL CHURCH VANDALISMS)",34.0605,-118.2814,0
01/06/2020 12:00:00 AM,West Valley,SHOPLIFTING - PETTY THEFT ($950 & UNDER),34.1903,-118.48,0
10/11/2020 12:00:00 AM,Southwest,BATTERY - SIMPLE ASSAULT,34.0112,-118.3415,0
10/13/2020 12:00:00 AM,Wilshire,THEFT FROM MOTOR VEHICLE - GRAND ($950.01 AND OVER),34.0649,-118.3385,0
10/23/2020 12:00:00 AM,Northeast,BURGLARY,34.1036,-118.2946,0
06/15/2020 12:00:00 AM,Northeast,VANDALISM - MISDEAMEANOR ($399 OR UNDER),34.1201,-118.2289,0
10/29/2020 12:00:00 AM,Central,BURGLARY,34.044,-118.2467,0
03/02/2020 12:00:00 AM,Southwest,THEFT PLAIN - PETTY ($950 & UNDER),34.0268,-118.2896,0
11/01/2020 12:00:00 AM,Harbor,VIOLATION OF COURT ORDER,33.7478,-118.2822,0
10/24/2020 12:00:00 AM,Southwest,BURGLARY,34.0309,-118.2965,0
01/08/2020 12:00:00 AM,Wilshire,"BUNCO, GRAND THEFT",34.0626,-118.3578,0
02/05/2020 12:00:00 AM,Hollenbeck,VEHICLE - STOLEN,34.0302,-118.2006,0
02/10/2020 12:00:00 AM,Van Nuys,BURGLARY,34.1958,-118.4637,0
03/22/2020 12:00:00 AM,Wilshire,THEFT PLAIN - PETTY ($950 & UNDER),34.0871,-118.3374,0
02/21/2020 12:00:00 AM,Newton,BURGLARY,34.0075,-118.2565,0
08/17/2020 12:00:00 AM,77th Street,CHILD ABUSE (PHYSICAL) - SIMPLE ASSAULT,33.9746,-118.2966,0
04/15/2020 12:00:00 AM,77th Street,"VANDALISM - FELONY ($400 & OVER, ALL CHURCH VANDALISMS)",34.0028,-118.3089,0
12/05/2020 12:00:00 AM,West Valley,BATTERY WITH SEXUAL CONTACT,34.166,-118.5095,0
03/05/2020 12:00:00 AM,Central,OTHER MISCELLANEOUS CRIME,34.0549,-118.2426,0
07/01/2020 12:00:00 AM,Hollywood,VANDALISM - MISDEAMEANOR ($399 OR UNDER),34.0907,-118.3289,0
06/19/2020 12:00:00 AM,West LA,BURGLARY,34.0444,-118.461,0
06/30/2020 12:00:00 AM,Harbor,VEHICLE - STOLEN,33.7201,-118.3196,0
03/10/2020 12:00:00 AM,West LA,THEFT PLAIN - PETTY ($950 & UNDER),34.045,-118.4557,0
04/07/2020 12:00:00 AM,West Valley,BATTERY - SIMPLE ASSAULT,34.1739,-118.5123,0
12/15/2020 12:00:00 AM,Rampart,ATTEMPTED ROBBERY,34.0619,-118.2702,0
10/28/2020 12:00:00 AM,Southwest,"LETTERS, LEWD  -  TELEPHONE CALLS, LEWD",34.0317,-118.3177,0
11/24/2020 12:00:00 AM,Harbor,"THEFT-GRAND ($950.01 & OVER)EXCPT,GUNS,FOWL,LIVESTK,PROD",33.8663,-118.2824,0
11/13/2020 12:00:00 AM,Hollywood,THEFT FROM MOTOR VEHICLE - GRAND ($950.01 AND OVER),34.0889,-118.3428,0
01/25/2020 12:00:00 AM,Van Nuys,BURGLARY,34.1667,-118.4531,0
09/09/2020 12:00:00 AM,Central,BATTERY - SIMPLE ASSAULT,34.0468,-118.2502,0
03/18/2020 12:00:00 AM,77th Street,ATTEMPTED ROBBERY,33.9924,-118.3089,0
04/18/2020 12:00:00 AM,77th Street,BRANDISH WEAPON,33.9748,-118.2652,0
05/24/2020 12:00:00 AM,Central,"LETTERS, LEWD  -  TELEPHONE CALLS, LEWD",34.0397,-118.2637,0
10/02/2020 12:00:00 AM,Wilshire,VEHICLE - STOLEN,34.0468,-118.3636,0
12/01/2020 12:00:00 AM,77th Street,INTIMATE PARTNER - SIMPLE ASSAULT,33.9891,-118.3198,0
01/06/2020 12:00:00 AM,Central,"VANDALISM - FELONY ($400 & OVER, ALL CHURCH VANDALISMS)",34.0627,-118.2463,0
10/28/2020 12:00:00 AM,Wilshire,THEFT FROM MOTOR VEHICLE - PETTY ($950 & UNDER),34.0816,-118.3627,0
09/03/2020 12:00:00 AM,Northeast,"ASSAULT WITH DEADLY WEAPON, AGGRAVATED ASSAULT",34.0944,-118.2405,0
03/10/2020 12:00:00 AM,Wilshire,"LETTERS, LEWD  -  TELEPHONE CALLS, LEWD",34.066,-118.373,0
06/14/2020 12:00:00 AM,Hollywood,VEHICLE - STOLEN,34.1034,-118.3325,0
05/31/2020 12:00:00 AM,77th Street,"ASSAULT WITH DEADLY WEAPON, AGGRAVATED ASSAULT",33.9965,-118.2827,0
07/28/2020 12:00:00 AM,Southwest,BATTERY - SIMPLE ASSAULT,34.0109,-118.2906,0
07/21/2020 12:00:00 AM,Rampart,THEFT PLAIN - PETTY ($950 & UNDER),34.0729,-118.2757,0
12/08/2020 12:00:00 AM,West Valley,BURGLARY,34.1765,-118.5333,0
09/09/2020 12:00:00 AM,Rampart,BURGLARY FROM VEHICLE,34.0609,-118.2586,0
10/15/2020 12:00:00 AM,Rampart,"BUNCO, GRAND THEFT",34.0747,-118.2686,0
06/01/2020 12:00:00 AM,Hollywood,"VANDALISM - FELONY ($400 & OVER, ALL CHURCH VANDALISMS)",34.1016,-118.3295,0
08/30/2020 12:00:00 AM,Van Nuys,THEFT OF IDENTITY,34.1857,-118.4552,0
06/01/2020 12:00:00 AM,Hollywood,BURGLARY FROM VEHICLE,34.088,-118.3266,0
09/21/2020 12:00:00 AM,Wilshire,THEFT PLAIN - PETTY ($950 & UNDER),34.0575,-118.3581,0
10/10/2020 12:00:00 AM,Van Nuys,INTIMATE PARTNER - SIMPLE ASSAULT,34.2048,-118.4531,0
05/20/2020 12:00:00 AM,West LA,VEHICLE - STOLEN,34.1272,-118.4671,0
02/22/2020 12:00:00 AM,Northeast,VANDALISM - MISDEAMEANOR ($399 OR UNDER),34.1267,-118.1868,0
06/12/2020 12:00:00 AM,Van Nuys,BURGLARY FROM VEHICLE,34.1509,-118.4487,0
08/21/2020 12:00:00 AM,West LA,BATTERY - SIMPLE ASSAULT,34.0617,-118.4446,0
05/15/2020 12:00:00 AM,Hollenbeck,"ASSAULT WITH DEADLY WEAPON, AGGRAVATED ASSAULT",34.0201,-118.2104,0
02/27/2020 12:00:00 AM,Central,BATTERY - SIMPLE ASSAULT,34.0468,-118.2415,0
08/15/2020 12:00:00 AM,Hollywood,"THEFT-GRAND ($950.01 & OVER)EXCPT,GUNS,FOWL,LIVESTK,PROD",34.0981,-118.3158,0
10/02/2020 12:00:00 AM,Van Nuys,THEFT FROM MOTOR VEHICLE - PETTY ($950 & UNDER),34.1561,-118.4574,0
06/13/2020 12:00:00 AM,Northeast,BRANDISH WEAPON,34.1214,-118.1915,0
01/29/2020 12:00:00 AM,Central,"VANDALISM - FELONY ($400 & OVER, ALL CHURCH VANDALISMS)",34.0542,-118.2566,0
11/20/2020 12:00:00 AM,Southwest,BURGLARY,34.0153,-118.3045,0
10/27/2020 12:00:00 AM,Van Nuys,BURGLARY FROM VEHICLE,34.1994,-118.453,0
09/24/2020 12:00:00 AM,Northeast,"ASSAULT WITH DEADLY WEAPON, AGGRAVATED ASSAULT",34.1095,-118.2958,0
01/13/2020 12:00:00 AM,Van Nuys,BRANDISH WEAPON,34.1603,-118.4399,0
05/06/2020 12:00:00 AM,77th Street,"THEFT-GRAND ($950.01 & OVER)EXCPT,GUNS,FOWL,LIVESTK,PROD",33.989,-118.3439,0
10/25/2020 12:00:00 AM,Rampart,"THEFT, PERSON",34.0577,-118.2799,0
02/26/2020 12:00:00 AM,Hollywood,ATTEMPTED ROBBERY,34.098,-118.3295,0
06/10/2020 12:00:00 AM,Rampart,BURGLARY,34.0691,-118.2759,0
07/06/2020 12:00:00 AM,Southwest,"VANDALISM - FELONY ($400 & OVER, ALL CHURCH VANDALISMS)",34.0109,-118.3092,0
04/26/2020 12:00:00 AM,West LA,INTIMATE PARTNER - SIMPLE ASSAULT,34.0542,-118.3785,0
10/08/2020 12:00:00 AM,Southwest,"EMBEZZLEMENT, GRAND THEFT ($950.01 & OVER)",34.0215,-118.3525,0
11/04/2020 12:00:00 AM,Central,"VANDALISM - FELONY ($400 & OVER, ALL CHURCH VANDALISMS)",34.0343,-118.2605,0
02/22/2020 12:00:00 AM,Newton,THEFT OF IDENTITY,34.021,-118.2498,0
05/01/2020 12:00:00 AM,Harbor,"EMBEZZLEMENT, GRAND THEFT ($950.01 & OVER)",33.7495,-118.2875,0
06/21/2020 12:00:00 AM,Hollenbeck,"ASSAULT WITH DEADLY WEAPON, AGGRAVATED ASSAULT",34.0719,-118.2103,0
10/11/2020 12:00:00 AM,Hollenbeck,"VANDALISM - FELONY ($400 & OVER, ALL CHURCH VANDALISMS)",34.0334,-118.1999,0
08/01/2020 12:00:00 AM,Hollywood,THEFT OF IDENTITY,34.1075,-118.3296,0
08/31/2020 12:00:00 AM,West LA,TRESPASSING,34.0864,-118.4745,0
06/26/2020 12:00:00 AM,Hollywood,BRANDISH WEAPON,34.1074,-118.312,0
11/08/2020 12:00:00 AM,Central,ARSON,34.0599,-118.2379,0
06/19/2020 12:00:00 AM,Wilshire,"ASSAULT WITH DEADLY WEAPON, AGGRAVATED ASSAULT",34.0521,-118.3722,0
06/14/2020 12:00:00 AM,Hollenbeck,"VANDALISM - FELONY ($400 & OVER, ALL CHURCH VANDALISMS)",34.058,-118.1937,0
01/08/2020 12:00:00 AM,Newton,THEFT FROM MOTOR VEHICLE - PETTY ($950 & UNDER),34.0093,-118.2521,0
01/31/2020 12:00:00 AM,Newton,CONTEMPT OF COURT,34.0158,-118.2508,0
05/08/2020 12:00:00 AM,77th Street,ROBBERY,34.0037,-118.2915,0
11/16/2020 12:00:00 AM,Rampart,VEHICLE - STOLEN,34.0552,-118.2675,0
08/06/2020 12:00:00 AM,77th Street,"ASSAULT WITH DEADLY WEAPON, AGGRAVATED ASSAULT",33.9979,-118.2884,0
07/25/2020 12:00:00 AM,West LA,BATTERY - SIMPLE ASSAULT,34.06,-118.42,0
08/27/2020 12:00:00 AM,77th Street,BATTERY - SIMPLE ASSAULT,33.9922,-118.3276,0
05/21/2020 12:00:00 AM,West Valley,VEHICLE - STOLEN,34.1938,-118.5601,0
08/04/2020 12:00:00 AM,Van Nuys,THEFT FROM MOTOR VEHICLE - PETTY ($950 & UNDER),34.1903,-118.4356,0
06/27/2020 12:00:00 AM,77th Street,BATTERY - SIMPLE ASSAULT,33.9662,-118.2871,0
08/07/2020 12:00:00 AM,Harbor,THEFT FROM MOTOR VEHICLE - PETTY ($950 & UNDER),33.7866,-118.2715,0
09/20/2020 12:00:00 AM,Rampart,"VANDALISM - FELONY ($400 & OVER, ALL CHURCH VANDALISMS)",34.0757,-118.2777,0
06/06/2020 12:00:00 AM,Harbor,"VANDALISM - FELONY ($400 & OVER, ALL CHURCH VANDALISMS)",33.7753,-118.2456,0
09/25/2020 12:00:00 AM,Southwest,THEFT FROM MOTOR VEHICLE - PETTY ($950 & UNDER),34.0073,-118.3057,0
10/31/2020 12:00:00 AM,77th Street,"VANDALISM - FELONY ($400 & OVER, ALL CHURCH VANDALISMS)",33.9795,-118.2838,0
09/11/2020 12:00:00 AM,Southwest,SHOPLIFTING - PETTY THEFT ($950 & UNDER),34.0268,-118.2808,0
09/06/2020 12:00:00 AM,77th Street,BRANDISH WEAPON,33.999,-118.3002,0
06/26/2020 12:00:00 AM,Rampart,THEFT FROM MOTOR VEHICLE - PETTY ($950 & UNDER),34.0677,-118.2728,0
01/21/2020 12:00:00 AM,West LA,"BUNCO, PETTY THEFT",34.0341,-118.4525,0
05/01/2020 12:00:00 AM,Central,"RAPE, FORCIBLE",34.0403,-118.2421,0
04/24/2020 12:00:00 AM,Wilshire,THEFT FROM MOTOR VEHICLE - PETTY ($950 & UNDER),34.0499,-118.352,0
08/27/2020 12:00:00 AM,Harbor,CRIMINAL THREATS - NO WEAPON DISPLAYED,33.7416,-118.3065,0
04/14/2020 12:00:00 AM,Wilshire,VIOLATION OF RESTRAINING ORDER,34.0516,-118.3219,0
12/09/2020 12:00:00 AM,77th Street,"ASSAULT WITH DEADLY WEAPON, AGGRAVATED ASSAULT",33.9655,-118.2889,0
09/25/2020 12:00:00 AM,Van Nuys,THEFT FROM MOTOR VEHICLE - PETTY ($950 & UNDER),34.1612,-118.4574,0
02/17/2020 12:00:00 AM,Hollenbeck,THEFT FROM MOTOR VEHICLE - PETTY ($950 & UNDER),34.0868,-118.177,0
09/20/2020 12:00:00 AM,Southwest,"ASSAULT WITH DEADLY WEAPON, AGGRAVATED ASSAULT",34.0289,-118.3563,0
02/13/2020 12:00:00 AM,Northeast,THEFT FROM MOTOR VEHICLE - GRAND ($950.01 AND OVER),34.1074,-118.1902,0
01/29/2020 12:00:00 AM,Northeast,BURGLARY,34.0858,-118.2599,0
06/14/2020 12:00:00 AM,Central,BURGLARY FROM VEHICLE,34.0442,-118.2482,0
07/18/2020 12:00:00 AM,Van Nuys,BRANDISH WEAPON,34.1839,-118.4605,0
04/21/2020 12:00:00 AM,Hollywood,BURGLARY FROM VEHICLE,34.098,-118.3517,0
07/07/2020 12:00:00 AM,Van Nuys,VEHICLE - STOLEN,34.1811,-118.4614,0
10/05/2020 12:00:00 AM,Harbor,THROWING OBJECT AT MOVING VEHICLE,33.8607,-118.2992,0
02/08/2020 12:00:00 AM,Van Nuys,BURGLARY,34.1434,-118.462,0
07/04/2020 12:00:00 AM,West LA,BURGLARY,34.0303,-118.4013,0
04/20/2020 12:00:00 AM,77th Street,BRANDISH WEAPON,33.9778,-118.3024,0
01/05/2020 12:00:00 AM,77th Street,OTHER MISCELLANEOUS CRIME,33.9757,-118.3309,0
07/31/2020 12:00:00 AM,Rampart,BATTERY - SIMPLE ASSAULT,34.0481,-118.2712,0
04/14/2020 12:00:00 AM,Van Nuys,THEFT OF IDENTITY,34.1844,-118.4368,0
10/26/2020 12:00:00 AM,Southwest,VIOLATION OF COURT ORDER,34.0064,-118.3154,0
03/01/2020 12:00:00 AM,Central,"VANDALISM - FELONY ($400 & OVER, ALL CHURCH VANDALISMS)",34.0478,-118.2484,0
09/11/2020 12:00:00 AM,Central,OTHER MISCELLANEOUS CRIME,34.0417,-118.2584,0
03/22/2020 12:00:00 AM,Hollywood,"VANDALISM - FELONY ($400 & OVER, ALL CHURCH VANDALISMS)",34.103,-118.3225,0
01/24/2020 12:00:00 AM,77th Street,"ASSAULT WITH DEADLY WEAPON, AGGRAVATED ASSAULT",33.9665,-118.2651,0
02/27/2020 12:00:00 AM,Van Nuys,"LETTERS, LEWD  -  TELEPHONE CALLS, LEWD",34.1503,-118.4603,0
02/19/2020 12:00:00 AM,Rampart,INTIMATE PARTNER - AGGRAVATED ASSAULT,34.0605,-118.2814,0
04/07/2020 12:00:00 AM,77th Street,CRIMINAL HOMICIDE,33.9897,-118.2871,0
07/09/2020 12:00:00 AM,Harbor,ROBBERY,33.7879,-118.3075,0
10/14/2020 12:00:00 AM,Hollywood,ROBBERY,34.0876,-118.3092,0
02/04/2020 12:00:00 AM,Hollywood,THEFT OF IDENTITY,34.0908,-118.3277,0
08/23/2020 12:00:00 AM,Southwest,"ASSAULT WITH DEADLY WEAPON, AGGRAVATED ASSAULT",34.0132,-118.3457,0
10/16/2020 12:00:00 AM,77th Street,INTIMATE PARTNER - SIMPLE ASSAULT,33.9795,-118.2838,0
05/07/2020 12:00:00 AM,West Valley,VEHICLE - STOLEN,34.1577,-118.4836,0
04/20/2020 12:00:00 AM,Van Nuys,THEFT OF IDENTITY,34.1667,-118.425,0
04/10/2020 12:00:00 AM,West LA,BURGLARY FROM VEHICLE,34.0332,-118.4216,0
01/10/2020 12:00:00 AM,Northeast,BURGLARY FROM VEHICLE,34.0976,-118.2739,0
01/21/2020 12:00:00 AM,Southwest,"VANDALISM - FELONY ($400 & OVER, ALL CHURCH VANDALISMS)",34.0282,-118.3133,0
06/26/2020 12:00:00 AM,Southwest,ROBBERY,34.0237,-118.3089,0
01/05/2020 12:00:00 AM,Newton,"VANDALISM - FELONY ($400 & OVER, ALL CHURCH VANDALISMS)",34.035,-118.2478,0
05/17/2020 12:00:00 AM,Rampart,THEFT FROM MOTOR VEHICLE - PETTY ($950 & UNDER),34.0478,-118.2711,0
01/04/2020 12:00:00 AM,Harbor,ROBBERY,33.7948,-118.2694,0
09/17/2020 12:00:00 AM,Hollenbeck,"ASSAULT WITH DEADLY WEAPON, AGGRAVATED ASSAULT",34.0895,-118.1708,0
06/15/2020 12:00:00 AM,Southwest,BATTERY - SIMPLE ASSAULT,34.0345,-118.3682,0
04/06/2020 12:00:00 AM,West Valley,VANDALISM - MISDEAMEANOR ($399 OR UNDER),34.1584,-118.4891,0
10/07/2020 12:00:00 AM,Van Nuys,VEHICLE - STOLEN,34.1827,-118.4575,0
06/20/2020 12:00:00 AM,Van Nuys,BURGLARY,34.2002,-118.427,0
05/23/2020 12:00:00 AM,Harbor,INTIMATE PARTNER - SIMPLE ASSAULT,33.7111,-118.2865,0
07/29/2020 12:00:00 AM,Van Nuys,BURGLARY,34.1536,-118.4541,0
10/22/2020 12:00:00 AM,77th Street,CRIMINAL THREATS - NO WEAPON DISPLAYED,34.0007,-118.2827,0
02/08/2020 12:00:00 AM,Newton,BURGLARY FROM VEHICLE,33.9924,-118.2772,0
05/23/2020 12:00:00 AM,Harbor,INTIMATE PARTNER - SIMPLE ASSAULT,33.7795,-118.2715,0
01/18/2020 12:00:00 AM,Hollenbeck,VIOLATION OF RESTRAINING ORDER,34.0284,-118.2158,0
12/08/2020 12:00:00 AM,Northeast,ROBBERY,34.1376,-118.1907,0
07/01/2020 12:00:00 AM,Rampart,BURGLARY,34.0507,-118.2643,0
12/24/2020 12:00:00 AM,West LA,BURGLARY,34.0364,-118.5254,0
07/03/2020 12:00:00 AM,Southwest,THEFT FROM MOTOR VEHICLE - PETTY ($950 & UNDER),34.0164,-118.3057,0
05/23/2020 12:00:00 AM,West Valley,VEHICLE - STOLEN,34.1776,-118.5535,0
08/21/2020 12:00:00 AM,West Valley,VIOLATION OF COURT ORDER,34.1917,-118.4951,0
05/09/2020 12:00:00 AM,Southwest,THEFT FROM MOTOR VEHICLE - ATTEMPT,34.0119,-118.3133,0
02/12/2020 12:00:00 AM,Central,SHOPLIFTING - PETTY THEFT ($950 & UNDER),34.0487,-118.2588,0
05/05/2020 12:00:00 AM,West Valley,INTIMATE PARTNER - SIMPLE ASSAULT,34.1722,-118.522,0
11/15/2020 12:00:00 AM,77th Street,ARSON,33.9637,-118.2695,0
05/12/2020 12:00:00 AM,Hollywood,RESISTING ARREST,34.0944,-118.3266,0
12/19/2020 12:00:00 AM,77th Street,INTIMATE PARTNER - AGGRAVATED ASSAULT,33.9951,-118.3046,0
10/29/2020 12:00:00 AM,Central,BURGLARY,34.0404,-118.2431,0
10/04/2020 12:00:00 AM,Van Nuys,THEFT OF IDENTITY,34.1826,-118.4575,0
11/18/2020 12:00:00 AM,77th Street,VANDALISM - MISDEAMEANOR ($399 OR UNDER),33.967,-118.2717,0
08/07/2020 12:00:00 AM,Northeast,THEFT FROM MOTOR VEHICLE - PETTY ($950 & UNDER),34.1538,-118.3092,0
03/10/2020 12:00:00 AM,West Valley,BATTERY - SIMPLE ASSAULT,34.1698,-118.5308,0
11/27/2020 12:00:00 AM,West LA,THEFT PLAIN - PETTY ($950 & UNDER),34.0469,-118.4303,0
08/22/2020 12:00:00 AM,Rampart,INTIMATE PARTNER - SIMPLE ASSAULT,34.0677,-118.252,0
08/07/2020 12:00:00 AM,Rampart,VANDALISM - MISDEAMEANOR ($399 OR UNDER),34.0745,-118.2578,0
03/21/2020 12:00:00 AM,Newton,VANDALISM - MISDEAMEANOR ($399 OR UNDER),34.0128,-118.2565,0
02/03/2020 12:00:00 AM,Wilshire,ROBBERY,34.0398,-118.3388,0
08/15/2020 12:00:00 AM,Central,BATTERY - SIMPLE ASSAULT,34.044,-118.2528,0
07/08/2020 12:00:00 AM,Southwest,CHILD ABUSE (PHYSICAL) - AGGRAVATED ASSAULT,34.0174,-118.311,0
06/21/2020 12:00:00 AM,Wilshire,OTHER MISCELLANEOUS CRIME,34.0582,-118.3644,0
09/15/2020 12:00:00 AM,Rampart,VANDALISM - MISDEAMEANOR ($399 OR UNDER),34.0587,-118.2678,0
02/25/2020 12:00:00 AM,Rampart,"THEFT-GRAND ($950.01 & OVER)EXCPT,GUNS,FOWL,LIVESTK,PROD",34.0452,-118.2842,0
04/26/2020 12:00:00 AM,West Valley,BURGLARY FROM VEHICLE,34.2077,-118.4912,0
10/16/2020 12:00:00 AM,Northeast,VEHICLE - STOLEN,34.1318,-118.1957,0
01/06/2020 12:00:00 AM,Van Nuys,BIKE - STOLEN,34.1939,-118.4684,0
11/02/2020 12:00:00 AM,Central,ROBBERY,34.0357,-118.2663,0
04/18/2020 12:00:00 AM,Southwest,BIKE - STOLEN,34.0146,-118.313,0
03/17/2020 12:00:00 AM,West LA,KIDNAPPING,34.0452,-118.453,0
04/23/2020 12:00:00 AM,Hollywood,THEFT PLAIN - PETTY ($950 & UNDER),34.095,-118.307,0
03/03/2020 12:00:00 AM,Hollywood,BURGLARY FROM VEHICLE,34.1054,-118.305,0
08/30/2020 12:00:00 AM,77th Street,VEHICLE - STOLEN,33.9527,-118.3047,0
11/14/2020 12:00:00 AM,West LA,THEFT PLAIN - PETTY ($950 & UNDER),34.0594,-118.3764,0
11/01/2020 12:00:00 AM,Rampart,"VANDALISM - FELONY ($400 & OVER, ALL CHURCH VANDALISMS)",34.0829,-118.2733,0
10/19/2020 12:00:00 AM,Northeast,"VANDALISM - FELONY ($400 & OVER, ALL CHURCH VANDALISMS)",34.12,-118.1893,0
03/10/2020 12:00:00 AM,West Valley,BIKE - STOLEN,34.1866,-118.5491,0
09/17/2020 12:00:00 AM,77th Street,"ASSAULT WITH DEADLY WEAPON, AGGRAVATED ASSAULT",33.9667,-118.2871,0
09/30/2020 12:00:00 AM,Van Nuys,BURGLARY FROM VEHICLE,34.1536,-118.4259,0
09/07/2020 12:00:00 AM,Harbor,"VANDALISM - FELONY ($400 & OVER, ALL CHURCH VANDALISMS)",33.7271,-118.3109,0
05/08/2020 12:00:00 AM,77th Street,"ASSAULT WITH DEADLY WEAPON, AGGRAVATED ASSAULT",33.9527,-118.309,0
03/16/2020 12:00:00 AM,Central,VEHICLE - STOLEN,34.0359,-118.2648,0
05/11/2020 12:00:00 AM,West LA,BIKE - STOLEN,34.0477,-118.4581,0
02/20/2020 12:00:00 AM,Hollywood,BURGLARY FROM VEHICLE,34.0889,-118.3299,0
03/21/2020 12:00:00 AM,Hollywood,DISTURBING THE PEACE,34.1005,-118.3136,0
10/06/2020 12:00:00 AM,Hollywood,THEFT OF IDENTITY,34.0858,-118.3118,0
02/16/2020 12:00:00 AM,Central,INTIMATE PARTNER - SIMPLE ASSAULT,34.0381,-118.2327,0
01/22/2020 12:00:00 AM,Newton,"VANDALISM - FELONY ($400 & OVER, ALL CHURCH VANDALISMS)",34.0076,-118.2521,0
04/07/2020 12:00:00 AM,Wilshire,THEFT PLAIN - PETTY ($950 & UNDER),34.0501,-118.3691,0
04/17/2020 12:00:00 AM,Northeast,SHOPLIFTING - PETTY THEFT ($950 & UNDER),34.1203,-118.2005,0
02/14/2020 12:00:00 AM,Harbor,BATTERY - SIMPLE ASSAULT,33.7795,-118.2723,0
06/01/2020 12:00:00 AM,Central,VEHICLE - STOLEN,34.0713,-118.2291,0
05/14/2020 12:00:00 AM,Southwest,BATTERY - SIMPLE ASSAULT,34.0074,-118.29,0
11/11/2020 12:00:00 AM,Hollywood,VEHICLE - STOLEN,34.0951,-118.3031,0
09/04/2020 12:00:00 AM,77th Street,"ASSAULT WITH DEADLY WEAPON, AGGRAVATED ASSAULT",33.961,-118.2717,0
11/28/2020 12:00:00 AM,Central,BIKE - STOLEN,34.0453,-118.2499,0
03/11/2020 12:00:00 AM,Wilshire,"VANDALISM - FELONY ($400 & OVER, ALL CHURCH VANDALISMS)",34.073,-118.3509,0
03/04/2020 12:00:00 AM,77th Street,"VANDALISM - FELONY ($400 & OVER, ALL CHURCH VANDALISMS)",33.9776,-118.3294,0
01/20/2020 12:00:00 AM,Wilshire,ROBBERY,34.073,-118.3731,0
09/10/2020 12:00:00 AM,Van Nuys,THEFT FROM MOTOR VEHICLE - GRAND ($950.01 AND OVER),34.1739,-118.4542,0
06/13/2020 12:00:00 AM,77th Street,"ASSAULT WITH DEADLY WEAPON, AGGRAVATED ASSAULT",34.0037,-118.2959,0
10/05/2020 12:00:00 AM,Hollywood,THEFT PLAIN - PETTY ($950 & UNDER),34.1007,-118.3494,0
07/07/2020 12:00:00 AM,Wilshire,BURGLARY,34.0669,-118.3419,0
02/07/2020 12:00:00 AM,Van Nuys,TRESPASSING,34.1831,-118.4279,0
06/16/2020 12:00:00 AM,Southwest,VEHICLE - STOLEN,34.0274,-118.3089,0
07/14/2020 12:00:00 AM,Rampart,INTIMATE PARTNER - SIMPLE ASSAULT,34.0417,-118.275,0
06/25/2020 12:00:00 AM,Hollenbeck,BURGLARY,34.0275,-118.2195,0
04/25/2020 12:00:00 AM,Northeast,"VANDALISM - FELONY ($400 & OVER, ALL CHURCH VANDALISMS)",34.143,-118.1855,0
09/28/2020 12:00:00 AM,77th Street,BATTERY - SIMPLE ASSAULT,33.971,-118.2981,0
08/31/2020 12:00:00 AM,Hollenbeck,VEHICLE - STOLEN,34.0473,-118.2089,0
11/30/2020 12:00:00 AM,Rampart,BATTERY - SIMPLE ASSAULT,34.0619,-118.2817,0
05/08/2020 12:00:00 AM,Harbor,BURGLARY FROM VEHICLE,33.7434,-118.3098,0
10/19/2020 12:00:00 AM,Central,VEHICLE - STOLEN,34.0452,-118.2569,0
06/24/2020 12:00:00 AM,Harbor,VANDALISM - MISDEAMEANOR ($399 OR UNDER),33.7929,-118.272,0
01/30/2020 12:00:00 AM,Rampart,BATTERY - SIMPLE ASSAULT,34.0565,-118.2724,0
04/19/2020 12:00:00 AM,Southwest,CHILD ABUSE (PHYSICAL) - SIMPLE ASSAULT,34.0291,-118.3015,0
03/31/2020 12:00:00 AM,Newton,VEHICLE - STOLEN,34.0084,-118.2521,0
02/19/2020 12:00:00 AM,Harbor,PEEPING TOM,33.7799,-118.2637,0
05/17/2020 12:00:00 AM,West LA,INDECENT EXPOSURE,34.0491,-118.4633,0
06/02/2020 12:00:00 AM,Central,BURGLARY FROM VEHICLE,34.0423,-118.2666,0
03/27/2020 12:00:00 AM,Hollywood,ROBBERY,34.0908,-118.3136,0
06/21/2020 12:00:00 AM,Northeast,BURGLARY FROM VEHICLE,34.1074,-118.1978,0
02/14/2020 12:00:00 AM,Central,"BUNCO, PETTY THEFT",34.046,-118.2509,0
09/02/2020 12:00:00 AM,Southwest,"BUNCO, PETTY THEFT",34.0281,-118.2788,0
07/11/2020 12:00:00 AM,Southwest,VEHICLE - STOLEN,34.0364,-118.2975,0
09/28/2020 12:00:00 AM,Van Nuys,ROBBERY,34.205,-118.4339,0
02/09/2020 12:00:00 AM,Northeast,EXTORTION,34.0904,-118.2128,0
10/18/2020 12:00:00 AM,Hollenbeck,BATTERY - SIMPLE ASSAULT,34.0794,-118.1974,0
06/23/2020 12:00:00 AM,Hollenbeck,BATTERY - SIMPLE ASSAULT,34.0322,-118.2117,0
09/26/2020 12:00:00 AM,Northeast,"ASSAULT WITH DEADLY WEAPON, AGGRAVATED ASSAULT",34.1047,-118.2469,0
05/09/2020 12:00:00 AM,Hollenbeck,VANDALISM - MISDEAMEANOR ($399 OR UNDER),34.0428,-118.2167,0
05/29/2020 12:00:00 AM,Southwest,BURGLARY,34.0278,-118.3378,0
08/20/2020 12:00:00 AM,Southwest,"THEFT, PERSON",34.017,-118.3477,0
07/23/2020 12:00:00 AM,77th Street,"THEFT-GRAND ($950.01 & OVER)EXCPT,GUNS,FOWL,LIVESTK,PROD",33.9711,-118.2629,0
03/26/2020 12:00:00 AM,Southwest,FAILURE TO YIELD,34.0336,-118.3441,0
05/09/2020 12:00:00 AM,Harbor,"VANDALISM - FELONY ($400 & OVER, ALL CHURCH VANDALISMS)",33.8202,-118.3037,0
09/30/2020 12:00:00 AM,77th Street,"VANDALISM - FELONY ($400 & OVER, ALL CHURCH VANDALISMS)",33.979,-118.3112,0
11/14/2020 12:00:00 AM,Wilshire,SHOPLIFTING - PETTY THEFT ($950 & UNDER),34.0669,-118.3456,0
04/08/2020 12:00:00 AM,Central,INTIMATE PARTNER - SIMPLE ASSAULT,34.0429,-118.2462,0
05/07/2020 12:00:00 AM,Rampart,INTIMATE PARTNER - SIMPLE ASSAULT,34.053,-118.2648,0
11/08/2020 12:00:00 AM,West LA,THEFT FROM MOTOR VEHICLE - PETTY ($950 & UNDER),34.0483,-118.4485,0
11/05/2020 12:00:00 AM,77th Street,DISCHARGE FIREARMS/SHOTS FIRED,33.9782,-118.328,0
02/10/2020 12:00:00 AM,77th Street,TRESPASSING,33.9643,-118.2871,0
12/26/2020 12:00:00 AM,77th Street,VEHICLE - STOLEN,33.9891,-118.3097,0
10/15/2020 12:00:00 AM,Northeast,THEFT FROM MOTOR VEHICLE - GRAND ($950.01 AND OVER),34.1137,-118.2353,0
11/13/2020 12:00:00 AM,Hollywood,"VANDALISM - FELONY ($400 & OVER, ALL CHURCH VANDALISMS)",34.0889,-118.3405,0
07/06/2020 12:00:00 AM,West LA,BURGLARY,34.0492,-118.4394,0
07/12/2020 12:00:00 AM,Van Nuys,THEFT OF IDENTITY,34.1675,-118.4487,0
09/23/2020 12:00:00 AM,77th Street,VIOLATION OF RESTRAINING ORDER,33.9703,-118.2783,0
06/22/2020 12:00:00 AM,West LA,BURGLARY,34.0417,-118.5174,0
02/07/2020 12:00:00 AM,West Valley,THEFT FROM MOTOR VEHICLE - GRAND ($950.01 AND OVER),34.2001,-118.5055,0
04/24/2020 12:00:00 AM,Rampart,VEHICLE - STOLEN,34.0786,-118.2708,0
08/06/2020 12:00:00 AM,Rampart,CRIMINAL THREATS - NO WEAPON DISPLAYED,34.0617,-118.2795,0
01/09/2020 12:00:00 AM,Hollywood,THEFT PLAIN - PETTY ($950 & UNDER),34.1016,-118.3333,0
09/17/2020 12:00:00 AM,Van Nuys,VIOLATION OF COURT ORDER,34.1957,-118.4637,0
10/21/2020 12:00:00 AM,Central,VIOLATION OF RESTRAINING ORDER,34.0627,-118.2463,0
01/07/2020 12:00:00 AM,West Valley,THEFT FROM MOTOR VEHICLE - PETTY ($950 & UNDER),34.1763,-118.5273,0
08/27/2020 12:00:00 AM,Hollenbeck,VEHICLE - STOLEN,34.1035,-118.1874,0
10/02/2020 12:00:00 AM,Harbor,VANDALISM - MISDEAMEANOR ($399 OR UNDER),33.7212,-118.2909,0
01/06/2020 12:00:00 AM,Van Nuys,ROBBERY,34.1721,-118.4574,0
08/13/2020 12:00:00 AM,Southwest,"ASSAULT WITH DEADLY WEAPON, AGGRAVATED ASSAULT",34.0349,-118.3046,0
08/01/2020 12:00:00 AM,Hollywood,"ASSAULT WITH DEADLY WEAPON, AGGRAVATED ASSAULT",34.1015,-118.3425,0
07/23/2020 12:00:00 AM,Southwest,"BURGLARY, ATTEMPTED",34.0092,-118.3404,0
08/19/2020 12:00:00 AM,Harbor,"VANDALISM - FELONY ($400 & OVER, ALL CHURCH VANDALISMS)",33.7913,-118.2617,0
06/13/2020 12:00:00 AM,Van Nuys,"ASSAULT WITH DEADLY WEAPON, AGGRAVATED ASSAULT",34.1478,-118.4296,0
05/25/2020 12:00:00 AM,Wilshire,BATTERY - SIMPLE ASSAULT,34.0468,-118.3312,0
09/12/2020 12:00:00 AM,Rampart,SHOPLIFTING - PETTY THEFT ($950 & UNDER),34.0636,-118.2723,0
10/16/2020 12:00:00 AM,West LA,VANDALISM - MISDEAMEANOR ($399 OR UNDER),34.0561,-118.5512,0
04/26/2020 12:00:00 AM,Northeast,DISCHARGE FIREARMS/SHOTS FIRED,34.1199,-118.2431,0
08/14/2020 12:00:00 AM,77th Street,CHILD ABUSE (PHYSICAL) - AGGRAVATED ASSAULT,33.9745,-118.3302,0
05/04/2020 12:00:00 AM,Southwest,"RAPE, FORCIBLE",34.0128,-118.3067,0
04/27/2020 12:00:00 AM,77th Street,BATTERY - SIMPLE ASSAULT,33.9713,-118.2739,0
05/22/2020 12:00:00 AM,West Valley,"THEFT-GRAND ($950.01 & OVER)EXCPT,GUNS,FOWL,LIVESTK,PROD",34.1589,-118.5411,0
10/13/2020 12:00:00 AM,Rampart,THEFT FROM MOTOR VEHICLE - PETTY ($950 & UNDER),34.0747,-118.2686,0
07/18/2020 12:00:00 AM,77th Street,INTIMATE PARTNER - SIMPLE ASSAULT,33.9655,-118.3025,0
02/16/2020 12:00:00 AM,West Valley,INTIMATE PARTNER - AGGRAVATED ASSAULT,34.2148,-118.5404,0
02/05/2020 12:00:00 AM,77th Street,VEHICLE - STOLEN,33.9755,-118.2892,0
06/19/2020 12:00:00 AM,Van Nuys,SHOPLIFTING - PETTY THEFT ($950 & UNDER),34.1807,-118.4662,0
02/26/2020 12:00:00 AM,Southwest,BATTERY - SIMPLE ASSAULT,34.0144,-118.3627,0
07/07/2020 12:00:00 AM,77th Street,CRUELTY TO ANIMALS,34.0017,-118.2959,0
07/28/2020 12:00:00 AM,Van Nuys,BURGLARY,34.1976,-118.4443,0
11/16/2020 12:00:00 AM,Harbor,"ASSAULT WITH DEADLY WEAPON, AGGRAVATED ASSAULT",33.7365,-118.2902,0
10/10/2020 12:00:00 AM,Hollywood,BURGLARY,34.0999,-118.3038,0
08/03/2020 12:00:00 AM,West LA,THEFT OF IDENTITY,34.0422,-118.4491,0
12/19/2020 12:00:00 AM,Rampart,BURGLARY,34.0529,-118.2819,0
11/24/2020 12:00:00 AM,77th Street,VEHICLE - STOLEN,33.9693,-118.285,0
09/02/2020 12:00:00 AM,Central,OTHER ASSAULT,34.0511,-118.2597,0
04/12/2020 12:00:00 AM,Rampart,BURGLARY FROM VEHICLE,34.0522,-118.2673,0
09/18/2020 12:00:00 AM,Southwest,BATTERY - SIMPLE ASSAULT,34.0326,-118.3405,0
01/16/2020 12:00:00 AM,West Valley,VIOLATION OF COURT ORDER,34.1724,-118.5393,0
01/11/2020 12:00:00 AM,Southwest,VEHICLE - STOLEN,34.0295,-118.3417,0
10/04/2020 12:00:00 AM,Hollenbeck,BATTERY - SIMPLE ASSAULT,34.0847,-118.2133,0
03/23/2020 12:00:00 AM,Rampart,THEFT OF IDENTITY,34.068,-118.2695,0
06/10/2020 12:00:00 AM,West Valley,BRANDISH WEAPON,34.1885,-118.5376,0
09/11/2020 12:00:00 AM,Central,ORAL COPULATION,34.0466,-118.2555,0
02/02/2020 12:00:00 AM,Harbor,CRIMINAL THREATS - NO WEAPON DISPLAYED,33.8315,-118.3065,0
08/08/2020 12:00:00 AM,77th Street,VEHICLE - STOLEN,33.97,-118.3265,0
02/05/2020 12:00:00 AM,Wilshire,BATTERY - SIMPLE ASSAULT,34.0735,-118.3571,0
01/15/2020 12:00:00 AM,Northeast,THEFT FROM MOTOR VEHICLE - PETTY ($950 & UNDER),34.1077,-118.2852,0
02/02/2020 12:00:00 AM,Van Nuys,"THEFT, PERSON",34.1887,-118.4487,0
08/04/2020 12:00:00 AM,Van Nuys,TRESPASSING,34.1472,-118.4533,0
12/17/2020 12:00:00 AM,Central,VANDALISM - MISDEAMEANOR ($399 OR UNDER),34.0388,-118.2717,0
06/13/2020 12:00:00 AM,77th Street,VEHICLE - STOLEN,34.0001,-118.3057,0
04/08/2020 12:00:00 AM,West LA,"VANDALISM - FELONY ($400 & OVER, ALL CHURCH VANDALISMS)",34.0461,-118.5243,0
06/04/2020 12:00:00 AM,Van Nuys,VEHICLE - STOLEN,34.1794,-118.44,0
12/19/2020 12:00:00 AM,Rampart,THEFT PLAIN - PETTY ($950 & UNDER),34.0896,-118.2979,0
10/07/2020 12:00:00 AM,West LA,TRESPASSING,34.0355,-118.4321,0
07/01/2020 12:00:00 AM,Northeast,"THEFT-GRAND ($950.01 & OVER)EXCPT,GUNS,FOWL,LIVESTK,PROD",34.1126,-118.1807,0
02/03/2020 12:00:00 AM,Newton,BURGLARY,34.0038,-118.2783,0
01/07/2020 12:00:00 AM,West LA,BURGLARY,34.0966,-118.4178,0
08/09/2020 12:00:00 AM,Van Nuys,BURGLARY,34.1622,-118.4269,0
02/21/2020 12:00:00 AM,Northeast,THEFT FROM MOTOR VEHICLE - GRAND ($950.01 AND OVER),34.1088,-118.2311,0
03/22/2020 12:00:00 AM,Hollenbeck,BATTERY - SIMPLE ASSAULT,34.0956,-118.1685,0
03/31/2020 12:00:00 AM,Harbor,ROBBERY,33.7695,-118.2612,0
04/09/2020 12:00:00 AM,Hollywood,THEFT PLAIN - PETTY ($950 & UNDER),34.098,-118.3366,0
05/16/2020 12:00:00 AM,Central,ARSON,34.0467,-118.2427,0
10/17/2020 12:00:00 AM,Harbor,STALKING,33.7243,-118.3013,0
05/30/2020 12:00:00 AM,Central,BURGLARY,34.0438,-118.2547,0
07/04/2020 12:00:00 AM,Harbor,"VANDALISM - FELONY ($400 & OVER, ALL CHURCH VANDALISMS)",33.778,-118.2728,0
01/21/2020 12:00:00 AM,Northeast,THEFT PLAIN - PETTY ($950 & UNDER),34.1042,-118.222,0
11/19/2020 12:00:00 AM,Rampart,THEFT PLAIN - PETTY ($950 & UNDER),34.074,-118.2638,0
02/15/2020 12:00:00 AM,Newton,"VANDALISM - FELONY ($400 & OVER, ALL CHURCH VANDALISMS)",34.0074,-118.274,0
02/01/2020 12:00:00 AM,Harbor,BATTERY - SIMPLE ASSAULT,33.8438,-118.3066,0
12/23/2020 12:00:00 AM,West Valley,ROBBERY,34.1723,-118.5169,0
05/12/2020 12:00:00 AM,West Valley,"ASSAULT WITH DEADLY WEAPON, AGGRAVATED ASSAULT",34.2157,-118.5383,0
06/19/2020 12:00:00 AM,Southwest,"ASSAULT WITH DEADLY WEAPON, AGGRAVATED ASSAULT",34.0126,-118.3403,0
03/04/2020 12:00:00 AM,77th Street,"ASSAULT WITH DEADLY WEAPON, AGGRAVATED ASSAULT",33.979,-118.2839,0
09/07/2020 12:00:00 AM,Rampart,"ASSAULT WITH DEADLY WEAPON, AGGRAVATED ASSAULT",34.0601,-118.2761,0
06/26/2020 12:00:00 AM,West Valley,CRIMINAL THREATS - NO WEAPON DISPLAYED,34.2085,-118.4789,0
11/27/2020 12:00:00 AM,Central,BURGLARY FROM VEHICLE,34.0497,-118.251,0
08/30/2020 12:00:00 AM,Hollywood,"VANDALISM - FELONY ($400 & OVER, ALL CHURCH VANDALISMS)",34.1016,-118.3365,0
03/29/2020 12:00:00 AM,77th Street,THEFT PLAIN - PETTY ($950 & UNDER),33.9842,-118.3149,0
07/21/2020 12:00:00 AM,West LA,ROBBERY,34.0385,-118.5556,0
01/13/2020 12:00:00 AM,Hollenbeck,THEFT FROM MOTOR VEHICLE - PETTY ($950 & UNDER),34.0907,-118.2038,0
08/08/2020 12:00:00 AM,Rampart,VEHICLE - STOLEN,34.0754,-118.2648,0
09/02/2020 12:00:00 AM,West Valley,BATTERY - SIMPLE ASSAULT,34.1509,-118.5222,0
05/20/2020 12:00:00 AM,Wilshire,THEFT PLAIN - PETTY ($950 & UNDER),34.0761,-118.3731,0
05/28/2020 12:00:00 AM,Northeast,VEHICLE - STOLEN,34.1361,-118.2202,0
02/17/2020 12:00:00 AM,Harbor,SHOPLIFTING - PETTY THEFT ($950 & UNDER),33.7216,-118.3091,0
03/31/2020 12:00:00 AM,West LA,BURGLARY,34.0589,-118.5459,0
05/30/2020 12:00:00 AM,Southwest,BURGLARY,34.0108,-118.3222,0
02/05/2020 12:00:00 AM,Northeast,"VANDALISM - FELONY ($400 & OVER, ALL CHURCH VANDALISMS)",34.1092,-118.2714,0
07/26/2020 12:00:00 AM,West LA,BURGLARY,34.0548,-118.3965,0
08/24/2020 12:00:00 AM,Southwest,BURGLARY FROM VEHICLE,34.0326,-118.3366,0
05/26/2020 12:00:00 AM,West LA,"THEFT-GRAND ($950.01 & OVER)EXCPT,GUNS,FOWL,LIVESTK,PROD",34.1145,-118.4039,0
10/05/2020 12:00:00 AM,Harbor,CRIMINAL THREATS - NO WEAPON DISPLAYED,33.7941,-118.29,0
06/09/2020 12:00:00 AM,Harbor,BURGLARY FROM VEHICLE,33.7639,-118.2934,0
09/05/2020 12:00:00 AM,77th Street,BURGLARY FROM VEHICLE,33.9622,-118.285,0
08/15/2020 12:00:00 AM,Northeast,ROBBERY,34.1056,-118.2303,0
01/17/2020 12:00:00 AM,Central,PURSE SNATCHING,34.0485,-118.2447,0
02/15/2020 12:00:00 AM,West LA,THEFT OF IDENTITY,34.0429,-118.4581,0
05/08/2020 12:00:00 AM,Central,"VANDALISM - FELONY ($400 & OVER, ALL CHURCH VANDALISMS)",34.043,-118.2571,0
10/28/2020 12:00:00 AM,77th Street,"ASSAULT WITH DEADLY WEAPON, AGGRAVATED ASSAULT",34.0001,-118.3002,0
06/26/2020 12:00:00 AM,Central,BURGLARY FROM VEHICLE,34.0447,-118.2349,0
08/25/2020 12:00:00 AM,Hollenbeck,BURGLARY,34.045,-118.2165,0
12/03/2020 12:00:00 AM,Rampart,INTIMATE PARTNER - SIMPLE ASSAULT,34.0628,-118.2811,0
12/01/2020 12:00:00 AM,Central,THEFT OF IDENTITY,34.0448,-118.2474,0
09/27/2020 12:00:00 AM,Hollywood,"VANDALISM - FELONY ($400 & OVER, ALL CHURCH VANDALISMS)",34.0835,-118.3046,0
12/24/2020 12:00:00 AM,Wilshire,BATTERY - SIMPLE ASSAULT,34.0621,-118.3385,0
07/09/2020 12:00:00 AM,West Valley,VANDALISM - MISDEAMEANOR ($399 OR UNDER),34.2032,-118.5623,0
11/02/2020 12:00:00 AM,77th Street,ROBBERY,33.9931,-118.3307,0
09/07/2020 12:00:00 AM,Central,BRANDISH WEAPON,34.045,-118.2469,0
06/30/2020 12:00:00 AM,Central,"ASSAULT WITH DEADLY WEAPON, AGGRAVATED ASSAULT",34.0453,-118.236,0
07/02/2020 12:00:00 AM,Hollywood,BATTERY - SIMPLE ASSAULT,34.1007,-118.3494,0
10/15/2020 12:00:00 AM,Van Nuys,ARSON,34.1846,-118.4488,0
02/16/2020 12:00:00 AM,Van Nuys,THEFT PLAIN - PETTY ($950 & UNDER),34.153,-118.4383,0
09/10/2020 12:00:00 AM,Southwest,BURGLARY,34.0188,-118.3504,0
04/24/2020 12:00:00 AM,Central,"ASSAULT WITH DEADLY WEAPON, AGGRAVATED ASSAULT",34.0401,-118.2668,0
12/24/2020 12:00:00 AM,Harbor,ROBBERY,33.7182,-118.2949,0
02/25/2020 12:00:00 AM,Rampart,VANDALISM - MISDEAMEANOR ($399 OR UNDER),34.0777,-118.2982,0
05/28/2020 12:00:00 AM,Harbor,VEHICLE - STOLEN,33.7211,-118.2916,0
06/26/2020 12:00:00 AM,Hollywood,TRESPASSING,34.1074,-118.312,0
02/22/2020 12:00:00 AM,West LA,THEFT PLAIN - PETTY ($950 & UNDER),34.0526,-118.4607,0
07/06/2020 12:00:00 AM,Central,BATTERY - SIMPLE ASSAULT,34.0437,-118.2455,0
08/25/2020 12:00:00 AM,Northeast,CRIMINAL THREATS - NO WEAPON DISPLAYED,34.1278,-118.1929,0
07/30/2020 12:00:00 AM,Rampart,THEFT FROM MOTOR VEHICLE - GRAND ($950.01 AND OVER),34.0667,-118.2843,0
06/07/2020 12:00:00 AM,Central,"VANDALISM - FELONY ($400 & OVER, ALL CHURCH VANDALISMS)",34.0355,-118.2714,0
02/22/2020 12:00:00 AM,Southwest,"BUNCO, GRAND THEFT",34.035,-118.2834,0
05/07/2020 12:00:00 AM,West LA,BIKE - STOLEN,34.0438,-118.4647,0
01/21/2020 12:00:00 AM,Northeast,BURGLARY FROM VEHICLE,34.0911,-118.2619,0
09/27/2020 12:00:00 AM,77th Street,ROBBERY,33.9731,-118.3304,0
05/31/2020 12:00:00 AM,Wilshire,OTHER MISCELLANEOUS CRIME,34.0726,-118.3463,0
08/06/2020 12:00:00 AM,Rampart,"VANDALISM - FELONY ($400 & OVER, ALL CHURCH VANDALISMS)",34.0508,-118.2682,0
10/31/2020 12:00:00 AM,77th Street,"ASSAULT WITH DEADLY WEAPON, AGGRAVATED ASSAULT",33.9767,-118.3309,0
11/08/2020 12:00:00 AM,Hollenbeck,VIOLATION OF RESTRAINING ORDER,34.029,-118.2037,0
01/02/2020 12:00:00 AM,Wilshire,"LETTERS, LEWD  -  TELEPHONE CALLS, LEWD",34.0721,-118.3733,0
05/27/2020 12:00:00 AM,Van Nuys,VEHICLE - STOLEN,34.1813,-118.4356,0
05/29/2020 12:00:00 AM,Northeast,"VANDALISM - FELONY ($400 & OVER, ALL CHURCH VANDALISMS)",34.0917,-118.2741,0
06/30/2020 12:00:00 AM,Van Nuys,INTIMATE PARTNER - AGGRAVATED ASSAULT,34.183,-118.4629,0
04/08/2020 12:00:00 AM,Hollenbeck,THEFT FROM MOTOR VEHICLE - GRAND ($950.01 AND OVER),34.0775,-118.2217,0
08/12/2020 12:00:00 AM,Central,BURGLARY FROM VEHICLE,34.0532,-118.2555,0
03/22/2020 12:00:00 AM,Van Nuys,BURGLARY FROM VEHICLE,34.174,-118.4662,0
02/26/2020 12:00:00 AM,West Valley,THEFT OF IDENTITY,34.212,-118.5514,0
08/06/2020 12:00:00 AM,Hollywood,ROBBERY,34.0908,-118.3013,0
12/11/2020 12:00:00 AM,Hollenbeck,VANDALISM - MISDEAMEANOR ($399 OR UNDER),34.0192,-118.2052,0
11/04/2020 12:00:00 AM,77th Street,CONTEMPT OF COURT,33.9745,-118.3309,0
04/07/2020 12:00:00 AM,77th Street,VEHICLE - STOLEN,33.9924,-118.2809,0
08/10/2020 12:00:00 AM,Hollywood,VEHICLE - STOLEN,34.1005,-118.3092,0
01/16/2020 12:00:00 AM,West Valley,BIKE - STOLEN,34.2002,-118.5492,0
05/24/2020 12:00:00 AM,Van Nuys,VEHICLE - STOLEN,34.1827,-118.4487,0
06/05/2020 12:00:00 AM,West Valley,SHOPLIFTING-GRAND THEFT ($950.01 & OVER),34.1938,-118.5335,0
10/23/2020 12:00:00 AM,77th Street,CRIMINAL THREATS - NO WEAPON DISPLAYED,33.9746,-118.2876,0
02/16/2020 12:00:00 AM,Newton,BATTERY - SIMPLE ASSAULT,34.0037,-118.2609,0
09/20/2020 12:00:00 AM,Rampart,BATTERY - SIMPLE ASSAULT,34.0836,-118.2917,0
12/04/2020 12:00:00 AM,West LA,VEHICLE - STOLEN,34.0451,-118.453,0
01/03/2020 12:00:00 AM,Harbor,TRESPASSING,33.7415,-118.2948,0
11/08/2020 12:00:00 AM,Northeast,"RAPE, FORCIBLE",34.1062,-118.1912,0
06/09/2020 12:00:00 AM,Central,BATTERY - SIMPLE ASSAULT,34.0454,-118.2466,0
04/19/2020 12:00:00 AM,Northeast,"VANDALISM - FELONY ($400 & OVER, ALL CHURCH VANDALISMS)",34.0907,-118.2121,0
07/22/2020 12:00:00 AM,77th Street,BATTERY - SIMPLE ASSAULT,33.9754,-118.2981,0
05/30/2020 12:00:00 AM,Northeast,BIKE - STOLEN,34.0931,-118.2994,0
08/20/2020 12:00:00 AM,77th Street,BATTERY - SIMPLE ASSAULT,33.9635,-118.298,0
06/14/2020 12:00:00 AM,Harbor,INTIMATE PARTNER - SIMPLE ASSAULT,33.7828,-118.2651,0
10/05/2020 12:00:00 AM,Harbor,THROWING OBJECT AT MOVING VEHICLE,33.8607,-118.2992,0
11/05/2020 12:00:00 AM,Hollywood,BURGLARY FROM VEHICLE,34.1084,-118.3855,0
07/16/2020 12:00:00 AM,Central,"VANDALISM - FELONY ($400 & OVER, ALL CHURCH VANDALISMS)",34.0607,-118.2494,0
10/27/2020 12:00:00 AM,Southwest,CRIMINAL THREATS - NO WEAPON DISPLAYED,33.9969,-118.3182,0
03/04/2020 12:00:00 AM,Central,THEFT PLAIN - PETTY ($950 & UNDER),34.0563,-118.2374,0
03/31/2020 12:00:00 AM,Northeast,BURGLARY FROM VEHICLE,34.1141,-118.1748,0
04/13/2020 12:00:00 AM,Newton,"VANDALISM - FELONY ($400 & OVER, ALL CHURCH VANDALISMS)",34.02,-118.2648,0
10/15/2020 12:00:00 AM,Southwest,BURGLARY,34.0273,-118.297,0
12/07/2020 12:00:00 AM,Southwest,BURGLARY FROM VEHICLE,34.0349,-118.3177,0
11/14/2020 12:00:00 AM,West Valley,BATTERY - SIMPLE ASSAULT,34.1994,-118.5622,0
07/30/2020 12:00:00 AM,Hollywood,ROBBERY,34.1036,-118.3049,0
08/26/2020 12:00:00 AM,Southwest,THEFT OF IDENTITY,34.0133,-118.3213,0
03/08/2020 12:00:00 AM,Central,THEFT PLAIN - PETTY ($950 & UNDER),34.0417,-118.2443,0
04/01/2020 12:00:00 AM,Southwest,BATTERY - SIMPLE ASSAULT,34.0092,-118.2872,0
08/23/2020 12:00:00 AM,Rampart,INTIMATE PARTNER - SIMPLE ASSAULT,34.054,-118.2726,0
06/08/2020 12:00:00 AM,Harbor,VANDALISM - MISDEAMEANOR ($399 OR UNDER),33.7216,-118.3012,0
06/14/2020 12:00:00 AM,Rampart,INTIMATE PARTNER - AGGRAVATED ASSAULT,34.0836,-118.2949,0
10/07/2020 12:00:00 AM,77th Street,BATTERY - SIMPLE ASSAULT,33.9564,-118.309,0
02/08/2020 12:00:00 AM,Rampart,BATTERY - SIMPLE ASSAULT,34.0888,-118.2917,0
04/16/2020 12:00:00 AM,West Valley,TRESPASSING,34.1728,-118.56,0
05/26/2020 12:00:00 AM,Southwest,INTIMATE PARTNER - SIMPLE ASSAULT,34.0129,-118.349,0
04/26/2020 12:00:00 AM,Northeast,VEHICLE - STOLEN,34.1095,-118.2958,0
03/01/2020 12:00:00 AM,Hollenbeck,BRANDISH WEAPON,34.0447,-118.2075,0
02/25/2020 12:00:00 AM,Harbor,BIKE - STOLEN,33.7365,-118.2923,0
02/23/2020 12:00:00 AM,Central,VEHICLE - STOLEN,34.0635,-118.2416,0
02/12/2020 12:00:00 AM,Northeast,THEFT PLAIN - PETTY ($950 & UNDER),34.1218,-118.2252,0
11/27/2020 12:00:00 AM,Central,"THEFT, PERSON",34.0533,-118.2561,0
01/02/2020 12:00:00 AM,West LA,VEHICLE - STOLEN,34.0362,-118.4481,0
03/15/2020 12:00:00 AM,77th Street,INTIMATE PARTNER - AGGRAVATED ASSAULT,34.0019,-118.3056,0
11/17/2020 12:00:00 AM,Rampart,THEFT FROM MOTOR VEHICLE - GRAND ($950.01 AND OVER),34.0727,-118.2637,0
11/08/2020 12:00:00 AM,Southwest,"VANDALISM - FELONY ($400 & OVER, ALL CHURCH VANDALISMS)",34.0283,-118.3492,0
01/01/2020 12:00:00 AM,West LA,BURGLARY FROM VEHICLE,34.0562,-118.4423,0
08/11/2020 12:00:00 AM,Van Nuys,SHOPLIFTING-GRAND THEFT ($950.01 & OVER),34.1867,-118.4232,0
11/02/2020 12:00:00 AM,77th Street,CONTEMPT OF COURT,33.97,-118.3068,0
07/10/2020 12:00:00 AM,Harbor,THEFT FROM MOTOR VEHICLE - PETTY ($950 & UNDER),33.78,-118.2624,0
12/02/2020 12:00:00 AM,Hollywood,"ASSAULT WITH DEADLY WEAPON, AGGRAVATED ASSAULT",34.1007,-118.3494,0
06/01/2020 12:00:00 AM,West Valley,"ASSAULT WITH DEADLY WEAPON, AGGRAVATED ASSAULT",34.1939,-118.4749,0
05/31/2020 12:00:00 AM,Southwest,BATTERY - SIMPLE ASSAULT,34.0171,-118.3531,0
10/07/2020 12:00:00 AM,Harbor,"ASSAULT WITH DEADLY WEAPON, AGGRAVATED ASSAULT",33.7214,-118.2927,0
03/22/2020 12:00:00 AM,Rampart,ARSON,34.0617,-118.2502,0
09/01/2020 12:00:00 AM,West Valley,THROWING OBJECT AT MOVING VEHICLE,34.1775,-118.5088,0
10/15/2020 12:00:00 AM,Southwest,VANDALISM - MISDEAMEANOR ($399 OR UNDER),34.0317,-118.2769,0
04/22/2020 12:00:00 AM,77th Street,"THEFT-GRAND ($950.01 & OVER)EXCPT,GUNS,FOWL,LIVESTK,PROD",33.9727,-118.2893,0
01/24/2020 12:00:00 AM,Newton,BATTERY - SIMPLE ASSAULT,34.0148,-118.2494,0
09/01/2020 12:00:00 AM,Southwest,CRIMINAL THREATS - NO WEAPON DISPLAYED,34.0173,-118.3078,0
08/05/2020 12:00:00 AM,Hollenbeck,VEHICLE - STOLEN,34.0484,-118.2068,0
08/23/2020 12:00:00 AM,Southwest,THEFT OF IDENTITY,34.0109,-118.325,0
04/14/2020 12:00:00 AM,West LA,BURGLARY,34.052,-118.4441,0
05/29/2020 12:00:00 AM,Northeast,"THEFT-GRAND ($950.01 & OVER)EXCPT,GUNS,FOWL,LIVESTK,PROD",34.1096,-118.2383,0
01/27/2020 12:00:00 AM,77th Street,ROBBERY,33.9822,-118.287,0
04/27/2020 12:00:00 AM,Harbor,BURGLARY,33.7785,-118.2623,0
03/11/2020 12:00:00 AM,Newton,BATTERY - SIMPLE ASSAULT,34.021,-118.2712,0
08/09/2020 12:00:00 AM,West Valley,VANDALISM - MISDEAMEANOR ($399 OR UNDER),34.18,-118.4826,0
09/07/2020 12:00:00 AM,Rampart,"VANDALISM - FELONY ($400 & OVER, ALL CHURCH VANDALISMS)",34.0727,-118.2637,0
03/29/2020 12:00:00 AM,77th Street,BURGLARY,33.9622,-118.285,0
11/08/2020 12:00:00 AM,Van Nuys,DISCHARGE FIREARMS/SHOTS FIRED,34.1794,-118.4377,0
09/04/2020 12:00:00 AM,77th Street,VEHICLE - STOLEN,33.971,-118.2981,0
11/01/2020 12:00:00 AM,West LA,BIKE - STOLEN,34.0423,-118.4656,0
07/16/2020 12:00:00 AM,Van Nuys,"VANDALISM - FELONY ($400 & OVER, ALL CHURCH VANDALISMS)",34.174,-118.4661,0
03/02/2020 12:00:00 AM,Newton,SODOMY/SEXUAL CONTACT B/W PENIS OF ONE PERS TO ANUS OTH,34.0224,-118.2583,0
03/21/2020 12:00:00 AM,77th Street,BATTERY - SIMPLE ASSAULT,33.96,-118.3068,0
05/10/2020 12:00:00 AM,Hollenbeck,VEHICLE - STOLEN,34.0527,-118.1969,0
06/05/2020 12:00:00 AM,Hollywood,THEFT OF IDENTITY,34.1016,-118.3267,0
10/27/2020 12:00:00 AM,Central,"VANDALISM - FELONY ($400 & OVER, ALL CHURCH VANDALISMS)",34.0394,-118.2623,0
01/04/2020 12:00:00 AM,77th Street,"SHOTS FIRED AT MOVING VEHICLE, TRAIN OR AIRCRAFT",33.9655,-118.2893,0
01/08/2020 12:00:00 AM,Rampart,"BUNCO, GRAND THEFT",34.0565,-118.2724,0
03/04/2020 12:00:00 AM,77th Street,BURGLARY FROM VEHICLE,33.9914,-118.2937,0
08/12/2020 12:00:00 AM,Harbor,THEFT OF IDENTITY,33.7356,-118.2946,0
05/03/2020 12:00:00 AM,77th Street,BURGLARY,33.9817,-118.3323,0
08/02/2020 12:00:00 AM,Southwest,"ASSAULT WITH DEADLY WEAPON, AGGRAVATED ASSAULT",34.0267,-118.3327,0
10/19/2020 12:00:00 AM,Van Nuys,INTIMATE PARTNER - AGGRAVATED ASSAULT,34.1903,-118.4574,0
02/09/2020 12:00:00 AM,Van Nuys,"VANDALISM - FELONY ($400 & OVER, ALL CHURCH VANDALISMS)",34.1703,-118.4564,0
10/13/2020 12:00:00 AM,Northeast,VEHICLE - STOLEN,34.1321,-118.2331,0
03/01/2020 12:00:00 AM,Newton,"ASSAULT WITH DEADLY WEAPON, AGGRAVATED ASSAULT",34.0401,-118.2459,0
09/19/2020 12:00:00 AM,Rampart,ATTEMPTED ROBBERY,34.0601,-118.2761,0
11/21/2020 12:00:00 AM,Southwest,"VANDALISM - FELONY ($400 & OVER, ALL CHURCH VANDALISMS)",34.0085,-118.3057,0
05/25/2020 12:00:00 AM,Hollenbeck,BATTERY - SIMPLE ASSAULT,34.0301,-118.195,0
03/28/2020 12:00:00 AM,Harbor,THEFT FROM MOTOR VEHICLE - PETTY ($950 & UNDER),33.7412,-118.2924,0
04/21/2020 12:00:00 AM,Central,"SEX,UNLAWFUL(INC MUTUAL CONSENT, PENETRATION W/ FRGN OBJ",34.0533,-118.2561,0
06/24/2020 12:00:00 AM,77th Street,BRANDISH WEAPON,33.9736,-118.2915,0
06/02/2020 12:00:00 AM,Northeast,VEHICLE - STOLEN,34.1136,-118.1791,0
08/08/2020 12:00:00 AM,Central,BURGLARY FROM VEHICLE,34.0685,-118.246,0
05/29/2020 12:00:00 AM,Central,BURGLARY,34.0474,-118.2496,0
08/28/2020 12:00:00 AM,Hollywood,ROBBERY,34.1016,-118.3325,0
01/02/2020 12:00:00 AM,Newton,VANDALISM - MISDEAMEANOR ($399 OR UNDER),33.9986,-118.2652,0
03/05/2020 12:00:00 AM,Newton,VEHICLE - STOLEN,34.0171,-118.2736,0
02/15/2020 12:00:00 AM,Harbor,BATTERY WITH SEXUAL CONTACT,33.7815,-118.265,0
02/22/2020 12:00:00 AM,77th Street,INTIMATE PARTNER - AGGRAVATED ASSAULT,33.9669,-118.2739,0
04/03/2020 12:00:00 AM,Hollywood,VEHICLE - STOLEN,34.1093,-118.3093,0
09/30/2020 12:00:00 AM,Hollenbeck,CHILD ABUSE (PHYSICAL) - AGGRAVATED ASSAULT,34.0806,-118.2176,0
01/18/2020 12:00:00 AM,West Valley,SODOMY/SEXUAL CONTACT B/W PENIS OF ONE PERS TO ANUS OTH,34.1654,-118.5109,0
03/03/2020 12:00:00 AM,Southwest,SHOPLIFTING - PETTY THEFT ($950 & UNDER),34.0242,-118.3722,0
01/23/2020 12:00:00 AM,Van Nuys,CHILD ANNOYING (17YRS & UNDER),34.1794,-118.4162,0
06/25/2020 12:00:00 AM,West LA,BURGLARY,34.0577,-118.4438,0
06/04/2020 12:00:00 AM,West LA,"THEFT-GRAND ($950.01 & OVER)EXCPT,GUNS,FOWL,LIVESTK,PROD",34.0425,-118.3818,0
05/05/2020 12:00:00 AM,Rampart,THEFT PLAIN - PETTY ($950 & UNDER),34.0508,-118.2683,0
03/29/2020 12:00:00 AM,West Valley,VEHICLE - STOLEN,34.1774,-118.5387,0
05/06/2020 12:00:00 AM,Northeast,BATTERY - SIMPLE ASSAULT,34.1095,-118.2958,0
11/03/2020 12:00:00 AM,77th Street,VEHICLE - STOLEN,33.9644,-118.2944,0
08/31/2020 12:00:00 AM,West Valley,"VANDALISM - FELONY ($400 & OVER, ALL CHURCH VANDALISMS)",34.2172,-118.5134,0
10/06/2020 12:00:00 AM,77th Street,BURGLARY,33.9785,-118.3003,0
02/13/2020 12:00:00 AM,Hollywood,BURGLARY FROM VEHICLE,34.0962,-118.3471,0
03/14/2020 12:00:00 AM,Central,VANDALISM - MISDEAMEANOR ($399 OR UNDER),34.0473,-118.2566,0
11/02/2020 12:00:00 AM,Harbor,BRANDISH WEAPON,33.8153,-118.3045,0
11/12/2020 12:00:00 AM,77th Street,CONTEMPT OF COURT,33.9778,-118.3134,0
07/11/2020 12:00:00 AM,Central,VEHICLE - STOLEN,34.0614,-118.2357,0
12/02/2020 12:00:00 AM,Central,THEFT PLAIN - PETTY ($950 & UNDER),34.0444,-118.2541,0
03/08/2020 12:00:00 AM,Hollenbeck,VANDALISM - MISDEAMEANOR ($399 OR UNDER),34.0462,-118.2153,0
10/12/2020 12:00:00 AM,77th Street,BRANDISH WEAPON,33.9717,-118.2915,0
06/13/2020 12:00:00 AM,Harbor,BURGLARY FROM VEHICLE,33.7886,-118.2793,0
01/28/2020 12:00:00 AM,Rampart,ROBBERY,34.079,-118.2758,0
08/23/2020 12:00:00 AM,Van Nuys,BATTERY - SIMPLE ASSAULT,34.1766,-118.448,0
03/18/2020 12:00:00 AM,Northeast,ROBBERY,34.1199,-118.2431,0
05/25/2020 12:00:00 AM,Central,ROBBERY,34.0452,-118.2534,0
09/03/2020 12:00:00 AM,Harbor,INTIMATE PARTNER - SIMPLE ASSAULT,33.8028,-118.264,0
11/27/2020 12:00:00 AM,Van Nuys,"VANDALISM - FELONY ($400 & OVER, ALL CHURCH VANDALISMS)",34.1509,-118.4487,0
02/29/2020 12:00:00 AM,77th Street,VEHICLE - STOLEN,33.9823,-118.2841,0
01/01/2020 12:00:00 AM,Hollywood,ARSON,34.098,-118.3314,0
02/12/2020 12:00:00 AM,Central,BATTERY - SIMPLE ASSAULT,34.0563,-118.2374,0
01/11/2020 12:00:00 AM,Central,BATTERY - SIMPLE ASSAULT,34.0509,-118.2585,0
06/04/2020 12:00:00 AM,Hollenbeck,VIOLATION OF COURT ORDER,34.0765,-118.2157,0
11/27/2020 12:00:00 AM,West LA,"THEFT-GRAND ($950.01 & OVER)EXCPT,GUNS,FOWL,LIVESTK,PROD",34.0433,-118.4615,0
12/16/2020 12:00:00 AM,Southwest,CRIMINAL HOMICIDE,34.0237,-118.3722,0
02/19/2020 12:00:00 AM,Southwest,VEHICLE - STOLEN,34.023,-118.3272,0
03/05/2020 12:00:00 AM,Rampart,"VANDALISM - FELONY ($400 & OVER, ALL CHURCH VANDALISMS)",34.0584,-118.281,0
10/09/2020 12:00:00 AM,77th Street,VEHICLE - STOLEN,33.9727,-118.2897,0
01/01/2020 12:00:00 AM,Northeast,THEFT OF IDENTITY,34.1172,-118.1738,0
08/04/2020 12:00:00 AM,Rampart,"VANDALISM - FELONY ($400 & OVER, ALL CHURCH VANDALISMS)",34.0389,-118.2762,0
05/15/2020 12:00:00 AM,Hollywood,"VANDALISM - FELONY ($400 & OVER, ALL CHURCH VANDALISMS)",34.0908,-118.319,0
12/25/2020 12:00:00 AM,Rampart,OTHER MISCELLANEOUS CRIME,34.0614,-118.2752,0
10/26/2020 12:00:00 AM,77th Street,VEHICLE - STOLEN,33.9851,-118.2871,0
10/27/2020 12:00:00 AM,Central,ASSAULT WITH DEADLY WEAPON ON POLICE OFFICER,34.043,-118.2606,0
07/11/2020 12:00:00 AM,Hollenbeck,BATTERY - SIMPLE ASSAULT,34.0718,-118.218,0
10/27/2020 12:00:00 AM,Central,BURGLARY,34.046,-118.2595,0
06/10/2020 12:00:00 AM,Hollywood,BURGLARY,34.0944,-118.319,0
03/09/2020 12:00:00 AM,Van Nuys,THEFT FROM MOTOR VEHICLE - GRAND ($950.01 AND OVER),34.1622,-118.4618,0
01/06/2020 12:00:00 AM,77th Street,PEEPING TOM,33.9883,-118.2838,0
05/07/2020 12:00:00 AM,77th Street,BATTERY - SIMPLE ASSAULT,33.9737,-118.2783,0
10/02/2020 12:00:00 AM,Hollywood,"ASSAULT WITH DEADLY WEAPON, AGGRAVATED ASSAULT",34.098,-118.3366,0
06/04/2020 12:00:00 AM,Wilshire,THEFT OF IDENTITY,34.0699,-118.3511,0
10/30/2020 12:00:00 AM,77th Street,CRIMINAL THREATS - NO WEAPON DISPLAYED,33.98,-118.3168,0
07/02/2020 12:00:00 AM,West LA,THEFT FROM MOTOR VEHICLE - PETTY ($950 & UNDER),34.0481,-118.3793,0
07/02/2020 12:00:00 AM,Rampart,INTIMATE PARTNER - SIMPLE ASSAULT,34.0557,-118.2758,0
05/06/2020 12:00:00 AM,Central,"ASSAULT WITH DEADLY WEAPON, AGGRAVATED ASSAULT",34.0363,-118.2733,0
07/12/2020 12:00:00 AM,Central,VANDALISM - MISDEAMEANOR ($399 OR UNDER),34.0465,-118.2488,0
01/18/2020 12:00:00 AM,West LA,BATTERY - SIMPLE ASSAULT,34.0649,-118.4372,0
02/07/2020 12:00:00 AM,Rampart,"THEFT-GRAND ($950.01 & OVER)EXCPT,GUNS,FOWL,LIVESTK,PROD",34.0565,-118.2724,0
05/30/2020 12:00:00 AM,Southwest,ROBBERY,34.0325,-118.3509,0
12/12/2020 12:00:00 AM,Northeast,BURGLARY FROM VEHICLE,34.1008,-118.2668,0
09/01/2020 12:00:00 AM,Newton,ROBBERY,33.9802,-118.2739,0
03/26/2020 12:00:00 AM,West LA,VEHICLE - STOLEN,34.0378,-118.4419,0
09/09/2020 12:00:00 AM,Harbor,ROBBERY,33.7889,-118.3075,0
07/24/2020 12:00:00 AM,Wilshire,VANDALISM - MISDEAMEANOR ($399 OR UNDER),34.0782,-118.3615,0
11/17/2020 12:00:00 AM,Southwest,HUMAN TRAFFICKING - COMMERCIAL SEX ACTS,34.0109,-118.3113,0
12/12/2020 12:00:00 AM,Rampart,BATTERY WITH SEXUAL CONTACT,34.0566,-118.2694,0
06/02/2020 12:00:00 AM,Southwest,"VANDALISM - FELONY ($400 & OVER, ALL CHURCH VANDALISMS)",34.0145,-118.2937,0
01/03/2020 12:00:00 AM,Wilshire,THEFT OF IDENTITY,34.0364,-118.3625,0
07/12/2020 12:00:00 AM,Central,VEHICLE - STOLEN,34.0363,-118.2314,0
07/06/2020 12:00:00 AM,Harbor,VEHICLE - STOLEN,33.7216,-118.2991,0
02/08/2020 12:00:00 AM,Southwest,"VANDALISM - FELONY ($400 & OVER, ALL CHURCH VANDALISMS)",34.0146,-118.3512,0
06/18/2020 12:00:00 AM,Southwest,"ASSAULT WITH DEADLY WEAPON, AGGRAVATED ASSAULT",34.0146,-118.311,0
01/12/2020 12:00:00 AM,Rampart,VANDALISM - MISDEAMEANOR ($399 OR UNDER),34.079,-118.2967,0
02/04/2020 12:00:00 AM,West Valley,"VANDALISM - FELONY ($400 & OVER, ALL CHURCH VANDALISMS)",34.2157,-118.53,0
05/28/2020 12:00:00 AM,Van Nuys,BATTERY - SIMPLE ASSAULT,34.1649,-118.4557,0
08/03/2020 12:00:00 AM,77th Street,INTIMATE PARTNER - AGGRAVATED ASSAULT,33.9667,-118.2877,0
01/12/2020 12:00:00 AM,Northeast,BURGLARY FROM VEHICLE,34.1027,-118.2852,0
03/14/2020 12:00:00 AM,Wilshire,BURGLARY,34.0728,-118.3656,0
11/30/2020 12:00:00 AM,Harbor,"ASSAULT WITH DEADLY WEAPON, AGGRAVATED ASSAULT",33.7895,-118.2934,0
11/20/2020 12:00:00 AM,Van Nuys,BATTERY - SIMPLE ASSAULT,34.1576,-118.4231,0
02/15/2020 12:00:00 AM,Hollywood,"ASSAULT WITH DEADLY WEAPON, AGGRAVATED ASSAULT",34.0998,-118.3211,0
05/17/2020 12:00:00 AM,Southwest,THEFT FROM MOTOR VEHICLE - GRAND ($950.01 AND OVER),34.0074,-118.2827,0
09/14/2020 12:00:00 AM,Central,"ASSAULT WITH DEADLY WEAPON, AGGRAVATED ASSAULT",34.0481,-118.2507,0
11/25/2020 12:00:00 AM,West Valley,BURGLARY FROM VEHICLE,34.1479,-118.5275,0
11/02/2020 12:00:00 AM,Harbor,ROBBERY,33.7917,-118.2776,0
01/22/2020 12:00:00 AM,Central,"ASSAULT WITH DEADLY WEAPON, AGGRAVATED ASSAULT",34.0361,-118.2634,0
06/16/2020 12:00:00 AM,77th Street,BATTERY - SIMPLE ASSAULT,33.9708,-118.2888,0
12/02/2020 12:00:00 AM,77th Street,INTIMATE PARTNER - SIMPLE ASSAULT,33.9825,-118.3309,0
03/03/2020 12:00:00 AM,West Valley,BATTERY - SIMPLE ASSAULT,34.1687,-118.5244,0
07/03/2020 12:00:00 AM,Wilshire,THEFT FROM MOTOR VEHICLE - PETTY ($950 & UNDER),34.0617,-118.3454,0
07/24/2020 12:00:00 AM,West Valley,SHOPLIFTING - PETTY THEFT ($950 & UNDER),34.2084,-118.5082,0
07/28/2020 12:00:00 AM,Central,BURGLARY FROM VEHICLE,34.0465,-118.2488,0
11/09/2020 12:00:00 AM,Van Nuys,"VANDALISM - FELONY ($400 & OVER, ALL CHURCH VANDALISMS)",34.1817,-118.4531,0
01/29/2020 12:00:00 AM,Hollenbeck,CHILD ABUSE (PHYSICAL) - SIMPLE ASSAULT,34.0244,-118.1993,0
11/27/2020 12:00:00 AM,Wilshire,BIKE - STOLEN,34.0571,-118.3611,0
12/12/2020 12:00:00 AM,77th Street,BURGLARY,33.9698,-118.2833,0
04/28/2020 12:00:00 AM,West Valley,VIOLATION OF RESTRAINING ORDER,34.1769,-118.5384,0
06/23/2020 12:00:00 AM,Northeast,BATTERY - SIMPLE ASSAULT,34.1128,-118.2679,0
01/31/2020 12:00:00 AM,Wilshire,THEFT PLAIN - PETTY ($950 & UNDER),34.0835,-118.3734,0
08/09/2020 12:00:00 AM,Hollywood,INTIMATE PARTNER - AGGRAVATED ASSAULT,34.0888,-118.3124,0
10/19/2020 12:00:00 AM,Hollywood,BURGLARY,34.098,-118.3471,0
04/21/2020 12:00:00 AM,Hollywood,THEFT OF IDENTITY,34.1052,-118.3333,0
12/01/2020 12:00:00 AM,Harbor,ROBBERY,33.7297,-118.2906,0
10/09/2020 12:00:00 AM,West LA,BATTERY - SIMPLE ASSAULT,34.0536,-118.4662,0
08/31/2020 12:00:00 AM,Van Nuys,THEFT OF IDENTITY,34.1423,-118.4485,0
08/28/2020 12:00:00 AM,West LA,BATTERY - SIMPLE ASSAULT,34.0472,-118.4519,0
09/15/2020 12:00:00 AM,Central,TRESPASSING,34.0539,-118.2436,0
03/20/2020 12:00:00 AM,Hollywood,"EMBEZZLEMENT, GRAND THEFT ($950.01 & OVER)",34.0998,-118.3223,0
01/01/2020 12:00:00 AM,Central,"THEFT-GRAND ($950.01 & OVER)EXCPT,GUNS,FOWL,LIVESTK,PROD",34.0462,-118.2585,0
05/07/2020 12:00:00 AM,Northeast,VEHICLE - STOLEN,34.107,-118.1923,0
07/28/2020 12:00:00 AM,77th Street,CRIMINAL THREATS - NO WEAPON DISPLAYED,33.9845,-118.3265,0
01/22/2020 12:00:00 AM,West LA,BURGLARY FROM VEHICLE,34.0386,-118.4588,0
08/18/2020 12:00:00 AM,West Valley,"VANDALISM - FELONY ($400 & OVER, ALL CHURCH VANDALISMS)",34.1698,-118.5386,0
01/02/2020 12:00:00 AM,Wilshire,CRIMINAL THREATS - NO WEAPON DISPLAYED,34.0516,-118.3219,0
04/09/2020 12:00:00 AM,Central,BATTERY - SIMPLE ASSAULT,34.0363,-118.2672,0
03/13/2020 12:00:00 AM,Van Nuys,"THEFT, PERSON",34.2048,-118.4531,0
02/06/2020 12:00:00 AM,Harbor,INTIMATE PARTNER - SIMPLE ASSAULT,33.7833,-118.2527,0
05/09/2020 12:00:00 AM,Harbor,THEFT FROM MOTOR VEHICLE - PETTY ($950 & UNDER),33.8018,-118.3075,0
07/05/2020 12:00:00 AM,Van Nuys,SHOPLIFTING - PETTY THEFT ($950 & UNDER),34.1509,-118.4487,0
07/30/2020 12:00:00 AM,Southwest,ARSON,34.0046,-118.2915,0
03/19/2020 12:00:00 AM,Hollywood,ROBBERY,34.0962,-118.3266,0
05/31/2020 12:00:00 AM,Central,RESISTING ARREST,34.0474,-118.2496,0
12/09/2020 12:00:00 AM,West LA,THEFT FROM MOTOR VEHICLE - GRAND ($950.01 AND OVER),34.0524,-118.468,0
01/01/2020 12:00:00 AM,Hollywood,CRIMINAL THREATS - NO WEAPON DISPLAYED,34.0962,-118.349,0
07/15/2020 12:00:00 AM,Southwest,"VEHICLE, STOLEN - OTHER (MOTORIZED SCOOTERS, BIKES, ETC)",34.0219,-118.2959,0
07/27/2020 12:00:00 AM,Southwest,INTIMATE PARTNER - SIMPLE ASSAULT,34.0312,-118.3259,0
12/06/2020 12:00:00 AM,Harbor,VANDALISM - MISDEAMEANOR ($399 OR UNDER),33.8222,-118.3015,0
02/09/2020 12:00:00 AM,77th Street,CRIMINAL THREATS - NO WEAPON DISPLAYED,33.9651,-118.2754,0
05/23/2020 12:00:00 AM,West LA,BURGLARY FROM VEHICLE,34.0689,-118.4301,0
09/15/2020 12:00:00 AM,Hollywood,"ASSAULT WITH DEADLY WEAPON, AGGRAVATED ASSAULT",34.0918,-118.3109,0
12/29/2020 12:00:00 AM,Southwest,VIOLATION OF RESTRAINING ORDER,34.0145,-118.298,0
08/04/2020 12:00:00 AM,Hollywood,THEFT OF IDENTITY,34.1047,-118.3898,0
03/14/2020 12:00:00 AM,Newton,BURGLARY FROM VEHICLE,34.0326,-118.2322,0
03/26/2020 12:00:00 AM,Central,"VANDALISM - FELONY ($400 & OVER, ALL CHURCH VANDALISMS)",34.0495,-118.2494,0
12/22/2020 12:00:00 AM,Central,INTIMATE PARTNER - SIMPLE ASSAULT,34.0533,-118.2561,0
07/24/2020 12:00:00 AM,Hollywood,BATTERY - SIMPLE ASSAULT,34.104,-118.3755,0
07/16/2020 12:00:00 AM,Hollenbeck,"ASSAULT WITH DEADLY WEAPON, AGGRAVATED ASSAULT",34.0265,-118.201,0
03/01/2020 12:00:00 AM,Southwest,CHILD NEGLECT (SEE 300 W.I.C.),34.0111,-118.2818,0
09/15/2020 12:00:00 AM,West LA,BATTERY - SIMPLE ASSAULT,34.0525,-118.4607,0
01/20/2020 12:00:00 AM,Central,BURGLARY FROM VEHICLE,34.0445,-118.2523,0
04/25/2020 12:00:00 AM,Van Nuys,THEFT OF IDENTITY,34.2022,-118.428,0
05/28/2020 12:00:00 AM,77th Street,BURGLARY FROM VEHICLE,33.9824,-118.2827,0
05/25/2020 12:00:00 AM,Northeast,BATTERY - SIMPLE ASSAULT,34.1063,-118.1995,0
02/21/2020 12:00:00 AM,Newton,ROBBERY,34.0162,-118.2647,0
06/24/2020 12:00:00 AM,Northeast,"THEFT-GRAND ($950.01 & OVER)EXCPT,GUNS,FOWL,LIVESTK,PROD",34.1425,-118.2239,0
03/01/2020 12:00:00 AM,Southwest,BRANDISH WEAPON,34.0148,-118.3417,0
01/08/2020 12:00:00 AM,Hollenbeck,THEFT FROM MOTOR VEHICLE - GRAND ($950.01 AND OVER),34.1067,-118.1835,0
02/06/2020 12:00:00 AM,77th Street,VIOLATION OF RESTRAINING ORDER,33.9609,-118.2739,0
03/29/2020 12:00:00 AM,77th Street,INTIMATE PARTNER - SIMPLE ASSAULT,33.9727,-118.2893,0
02/03/2020 12:00:00 AM,Wilshire,DISTURBING THE PEACE,34.0706,-118.3674,0
02/27/2020 12:00:00 AM,Hollenbeck,INTIMATE PARTNER - AGGRAVATED ASSAULT,34.0596,-118.1934,0
01/14/2020 12:00:00 AM,West Valley,INTIMATE PARTNER - SIMPLE ASSAULT,34.1722,-118.5447,0
10/24/2020 12:00:00 AM,Hollenbeck,DISCHARGE FIREARMS/SHOTS FIRED,34.0798,-118.2185,0
06/14/2020 12:00:00 AM,Southwest,INTIMATE PARTNER - SIMPLE ASSAULT,34.0349,-118.2959,0
07/30/2020 12:00:00 AM,West Valley,THEFT OF IDENTITY,34.1686,-118.5203,0
12/02/2020 12:00:00 AM,Hollywood,INTIMATE PARTNER - SIMPLE ASSAULT,34.1004,-118.3416,0
12/23/2020 12:00:00 AM,Wilshire,BURGLARY FROM VEHICLE,34.0721,-118.3821,0
05/30/2020 12:00:00 AM,West LA,VEHICLE - STOLEN,34.0641,-118.4273,0
07/03/2020 12:00:00 AM,Rampart,BURGLARY,34.0565,-118.2768,0
05/15/2020 12:00:00 AM,Van Nuys,"VANDALISM - FELONY ($400 & OVER, ALL CHURCH VANDALISMS)",34.1785,-118.4465,0
05/14/2020 12:00:00 AM,West LA,"BURGLARY, ATTEMPTED",34.0374,-118.3886,0
07/01/2020 12:00:00 AM,Central,"THEFT-GRAND ($950.01 & OVER)EXCPT,GUNS,FOWL,LIVESTK,PROD",34.0444,-118.2541,0
06/06/2020 12:00:00 AM,West Valley,BURGLARY,34.1593,-118.5011,0
06/29/2020 12:00:00 AM,Wilshire,INTIMATE PARTNER - SIMPLE ASSAULT,34.0447,-118.3633,0
03/08/2020 12:00:00 AM,Rampart,"ASSAULT WITH DEADLY WEAPON, AGGRAVATED ASSAULT",34.0562,-118.2719,0
12/03/2020 12:00:00 AM,West Valley,VEHICLE - STOLEN,34.1861,-118.5305,0
11/27/2020 12:00:00 AM,West LA,THEFT FROM MOTOR VEHICLE - GRAND ($950.01 AND OVER),34.0414,-118.4269,0
08/08/2020 12:00:00 AM,West LA,"THEFT-GRAND ($950.01 & OVER)EXCPT,GUNS,FOWL,LIVESTK,PROD",34.0497,-118.4448,0
02/23/2020 12:00:00 AM,Newton,"ASSAULT WITH DEADLY WEAPON, AGGRAVATED ASSAULT",33.998,-118.2565,0
08/29/2020 12:00:00 AM,77th Street,INTIMATE PARTNER - SIMPLE ASSAULT,33.977,-118.314,0
08/08/2020 12:00:00 AM,Central,BURGLARY FROM VEHICLE,34.0415,-118.2374,0
04/17/2020 12:00:00 AM,West Valley,THEFT FROM MOTOR VEHICLE - GRAND ($950.01 AND OVER),34.1859,-118.5229,0
02/20/2020 12:00:00 AM,West Valley,"VANDALISM - FELONY ($400 & OVER, ALL CHURCH VANDALISMS)",34.1939,-118.5347,0
01/20/2020 12:00:00 AM,West LA,BURGLARY FROM VEHICLE,34.0422,-118.4669,0
07/31/2020 12:00:00 AM,Northeast,BATTERY - SIMPLE ASSAULT,34.0871,-118.2141,0
01/07/2020 12:00:00 AM,Hollywood,BATTERY POLICE (SIMPLE),34.0944,-118.331,0
06/20/2020 12:00:00 AM,Wilshire,BURGLARY FROM VEHICLE,34.0782,-118.3563,0
12/10/2020 12:00:00 AM,Hollenbeck,VEHICLE - STOLEN,34.0233,-118.2229,0
12/15/2020 12:00:00 AM,West LA,BATTERY - SIMPLE ASSAULT,34.0446,-118.3867,0
04/14/2020 12:00:00 AM,Central,TRESPASSING,34.0619,-118.2369,0
05/04/2020 12:00:00 AM,Harbor,VEHICLE - STOLEN,33.7883,-118.2508,0
03/19/2020 12:00:00 AM,West Valley,BURGLARY,34.1847,-118.5441,0
03/01/2020 12:00:00 AM,Newton,"VANDALISM - FELONY ($400 & OVER, ALL CHURCH VANDALISMS)",34.0396,-118.2451,0
06/06/2020 12:00:00 AM,Harbor,INTIMATE PARTNER - AGGRAVATED ASSAULT,33.7772,-118.2609,0
10/18/2020 12:00:00 AM,West LA,VEHICLE - STOLEN,34.0433,-118.4232,0
05/04/2020 12:00:00 AM,Central,"EMBEZZLEMENT, GRAND THEFT ($950.01 & OVER)",34.0479,-118.2612,0
02/08/2020 12:00:00 AM,Rampart,BURGLARY,34.061,-118.2615,0
06/23/2020 12:00:00 AM,Van Nuys,BURGLARY FROM VEHICLE,34.1957,-118.4662,0
03/19/2020 12:00:00 AM,Hollywood,"VANDALISM - FELONY ($400 & OVER, ALL CHURCH VANDALISMS)",34.0944,-118.3452,0
06/25/2020 12:00:00 AM,West Valley,THEFT PLAIN - PETTY ($950 & UNDER),34.1685,-118.5659,0
02/27/2020 12:00:00 AM,Wilshire,"VANDALISM - FELONY ($400 & OVER, ALL CHURCH VANDALISMS)",34.0753,-118.3837,0
10/17/2020 12:00:00 AM,Hollenbeck,SHOPLIFTING - PETTY THEFT ($950 & UNDER),34.0457,-118.2052,0
05/01/2020 12:00:00 AM,Northeast,BURGLARY,34.0955,-118.2922,0
12/06/2020 12:00:00 AM,West Valley,OTHER MISCELLANEOUS CRIME,34.156,-118.4722,0
04/02/2020 12:00:00 AM,West LA,BIKE - STOLEN,34.0383,-118.4324,0
06/02/2020 12:00:00 AM,Hollywood,VEHICLE - STOLEN,34.0928,-118.3109,0
05/02/2020 12:00:00 AM,Rampart,OTHER MISCELLANEOUS CRIME,34.0779,-118.266,0
11/07/2020 12:00:00 AM,Rampart,"ASSAULT WITH DEADLY WEAPON, AGGRAVATED ASSAULT",34.0502,-118.2765,0
01/24/2020 12:00:00 AM,Newton,"ASSAULT WITH DEADLY WEAPON, AGGRAVATED ASSAULT",33.9815,-118.2695,0
02/25/2020 12:00:00 AM,Newton,"ASSAULT WITH DEADLY WEAPON, AGGRAVATED ASSAULT",34.0092,-118.2612,0
02/07/2020 12:00:00 AM,Harbor,ROBBERY,33.7935,-118.2607,0
10/23/2020 12:00:00 AM,77th Street,BRANDISH WEAPON,33.971,-118.2981,0
08/31/2020 12:00:00 AM,Southwest,VEHICLE - STOLEN,34.0242,-118.2944,0
06/25/2020 12:00:00 AM,Northeast,BATTERY - SIMPLE ASSAULT,34.1393,-118.1985,0
04/05/2020 12:00:00 AM,Wilshire,"VANDALISM - FELONY ($400 & OVER, ALL CHURCH VANDALISMS)",34.0836,-118.3753,0
11/03/2020 12:00:00 AM,Harbor,BATTERY - SIMPLE ASSAULT,33.7407,-118.2835,0
01/24/2020 12:00:00 AM,Hollywood,BATTERY - SIMPLE ASSAULT,34.0969,-118.3109,0
06/23/2020 12:00:00 AM,Wilshire,"ASSAULT WITH DEADLY WEAPON, AGGRAVATED ASSAULT",34.075,-118.3236,0
02/12/2020 12:00:00 AM,Central,"BUNCO, PETTY THEFT",34.0357,-118.2563,0
11/07/2020 12:00:00 AM,77th Street,"ASSAULT WITH DEADLY WEAPON, AGGRAVATED ASSAULT",33.9806,-118.3309,0
05/21/2020 12:00:00 AM,Hollywood,"ASSAULT WITH DEADLY WEAPON, AGGRAVATED ASSAULT",34.1034,-118.3748,0
05/21/2020 12:00:00 AM,West Valley,THEFT PLAIN - PETTY ($950 & UNDER),34.1724,-118.5407,0
08/15/2020 12:00:00 AM,West Valley,VEHICLE - STOLEN,34.2029,-118.5273,0
04/17/2020 12:00:00 AM,Central,THEFT PLAIN - PETTY ($950 & UNDER),34.0412,-118.2436,0
07/09/2020 12:00:00 AM,Central,INTIMATE PARTNER - SIMPLE ASSAULT,34.046,-118.2493,0
06/10/2020 12:00:00 AM,Central,OTHER MISCELLANEOUS CRIME,34.0577,-118.2318,0
05/04/2020 12:00:00 AM,West Valley,VIOLATION OF RESTRAINING ORDER,34.1758,-118.5146,0
04/27/2020 12:00:00 AM,Southwest,LEWD CONDUCT,34.0325,-118.3708,0
11/14/2020 12:00:00 AM,Central,BURGLARY FROM VEHICLE,34.0591,-118.2412,0
01/16/2020 12:00:00 AM,Rampart,"ASSAULT WITH DEADLY WEAPON, AGGRAVATED ASSAULT",34.0565,-118.2768,0
08/20/2020 12:00:00 AM,Hollywood,BRANDISH WEAPON,34.1052,-118.3213,0
03/06/2020 12:00:00 AM,Harbor,VEHICLE - STOLEN,33.7823,-118.2418,0
08/09/2020 12:00:00 AM,77th Street,ROBBERY,33.9656,-118.2651,0
05/09/2020 12:00:00 AM,Van Nuys,VIOLATION OF RESTRAINING ORDER,34.2094,-118.452,0
05/06/2020 12:00:00 AM,Southwest,BURGLARY,34.0231,-118.3393,0
03/23/2020 12:00:00 AM,Rampart,VIOLATION OF TEMPORARY RESTRAINING ORDER,34.062,-118.2804,0
12/08/2020 12:00:00 AM,77th Street,VANDALISM - MISDEAMEANOR ($399 OR UNDER),33.9915,-118.281,0
06/01/2020 12:00:00 AM,West LA,THEFT FROM MOTOR VEHICLE - GRAND ($950.01 AND OVER),34.0455,-118.4291,0
10/27/2020 12:00:00 AM,Wilshire,BURGLARY FROM VEHICLE,34.061,-118.3619,0
06/01/2020 12:00:00 AM,Harbor,"BUNCO, GRAND THEFT",33.7916,-118.2918,0
07/07/2020 12:00:00 AM,Rampart,VANDALISM - MISDEAMEANOR ($399 OR UNDER),34.0572,-118.272,0
02/08/2020 12:00:00 AM,Newton,BURGLARY FROM VEHICLE,33.9984,-118.274,0
08/28/2020 12:00:00 AM,Northeast,BIKE - STOLEN,34.0865,-118.2667,0
05/08/2020 12:00:00 AM,Hollywood,THEFT FROM MOTOR VEHICLE - PETTY ($950 & UNDER),34.1137,-118.3234,0
12/05/2020 12:00:00 AM,Hollenbeck,CRM AGNST CHLD (13 OR UNDER) (14-15 & SUSP 10 YRS OLDER),34.0493,-118.1953,0
03/10/2020 12:00:00 AM,Southwest,VEHICLE - STOLEN,34.023,-118.351,0
05/12/2020 12:00:00 AM,Hollenbeck,THEFT FROM MOTOR VEHICLE - PETTY ($950 & UNDER),34.0853,-118.186,0
07/06/2020 12:00:00 AM,Central,THEFT PLAIN - PETTY ($950 & UNDER),34.0447,-118.2452,0
02/21/2020 12:00:00 AM,West Valley,THEFT FROM MOTOR VEHICLE - GRAND ($950.01 AND OVER),34.1531,-118.5159,0
01/29/2020 12:00:00 AM,Wilshire,VANDALISM - MISDEAMEANOR ($399 OR UNDER),34.0383,-118.3772,0
04/15/2020 12:00:00 AM,Wilshire,BURGLARY,34.0835,-118.3416,0
08/09/2020 12:00:00 AM,77th Street,VEHICLE - STOLEN,33.9656,-118.2651,0
12/07/2020 12:00:00 AM,Rampart,INTIMATE PARTNER - SIMPLE ASSAULT,34.0763,-118.2892,0
05/18/2020 12:00:00 AM,Rampart,"THEFT, PERSON",34.0873,-118.296,0
04/19/2020 12:00:00 AM,Northeast,BATTERY - SIMPLE ASSAULT,34.1207,-118.1964,0
10/19/2020 12:00:00 AM,Wilshire,ATTEMPTED ROBBERY,34.0782,-118.3695,0
01/24/2020 12:00:00 AM,Hollenbeck,CRIMINAL THREATS - NO WEAPON DISPLAYED,34.0757,-118.1711,0
05/05/2020 12:00:00 AM,Harbor,THEFT FROM MOTOR VEHICLE - PETTY ($950 & UNDER),33.7306,-118.2902,0
09/12/2020 12:00:00 AM,Rampart,BATTERY - SIMPLE ASSAULT,34.0434,-118.2787,0
10/22/2020 12:00:00 AM,Southwest,BURGLARY,34.0072,-118.3201,0
03/08/2020 12:00:00 AM,77th Street,"VANDALISM - FELONY ($400 & OVER, ALL CHURCH VANDALISMS)",33.9974,-118.2982,0
03/24/2020 12:00:00 AM,Rampart,VEHICLE - STOLEN,34.0699,-118.2823,0
12/13/2020 12:00:00 AM,Southwest,VEHICLE - STOLEN,34.006,-118.3321,0
06/25/2020 12:00:00 AM,Wilshire,BATTERY - SIMPLE ASSAULT,34.037,-118.349,0
02/01/2020 12:00:00 AM,77th Street,VEHICLE - STOLEN,33.966,-118.2783,0
06/22/2020 12:00:00 AM,Southwest,ATTEMPTED ROBBERY,34.0325,-118.3553,0
04/01/2020 12:00:00 AM,Newton,"VANDALISM - FELONY ($400 & OVER, ALL CHURCH VANDALISMS)",33.9983,-118.2783,0
08/22/2020 12:00:00 AM,Van Nuys,BURGLARY FROM VEHICLE,34.2012,-118.4298,0
12/01/2020 12:00:00 AM,Van Nuys,VEHICLE - STOLEN,34.1576,-118.4389,0
03/29/2020 12:00:00 AM,West Valley,VANDALISM - MISDEAMEANOR ($399 OR UNDER),34.1765,-118.5333,0
01/29/2020 12:00:00 AM,Newton,ARSON,34.026,-118.246,0
04/13/2020 12:00:00 AM,West LA,DOCUMENT FORGERY / STOLEN FELONY,34.0507,-118.4683,0
11/24/2020 12:00:00 AM,Rampart,BRANDISH WEAPON,34.0909,-118.2893,0
09/06/2020 12:00:00 AM,77th Street,VEHICLE - STOLEN,33.9855,-118.3024,0
05/11/2020 12:00:00 AM,Wilshire,BURGLARY,34.0627,-118.3593,0
12/10/2020 12:00:00 AM,Rampart,"VANDALISM - FELONY ($400 & OVER, ALL CHURCH VANDALISMS)",34.061,-118.2775,0
06/24/2020 12:00:00 AM,Rampart,BRANDISH WEAPON,34.0542,-118.2611,0
11/18/2020 12:00:00 AM,Rampart,THEFT FROM MOTOR VEHICLE - GRAND ($950.01 AND OVER),34.0681,-118.2537,0
05/21/2020 12:00:00 AM,77th Street,BATTERY - SIMPLE ASSAULT,33.981,-118.2914,0
02/08/2020 12:00:00 AM,West Valley,THEFT FROM MOTOR VEHICLE - PETTY ($950 & UNDER),34.1885,-118.4935,0
06/27/2020 12:00:00 AM,Harbor,"VANDALISM - FELONY ($400 & OVER, ALL CHURCH VANDALISMS)",33.7843,-118.2746,0
10/19/2020 12:00:00 AM,Hollenbeck,VEHICLE - STOLEN,34.0786,-118.1712,0
08/02/2020 12:00:00 AM,Central,BRANDISH WEAPON,34.0495,-118.2528,0
06/20/2020 12:00:00 AM,Northeast,SHOPLIFTING - PETTY THEFT ($950 & UNDER),34.1361,-118.215,0
10/17/2020 12:00:00 AM,West LA,VANDALISM - MISDEAMEANOR ($399 OR UNDER),34.0472,-118.4655,0
02/14/2020 12:00:00 AM,Van Nuys,CRIMINAL THREATS - NO WEAPON DISPLAYED,34.174,-118.4662,0
09/16/2020 12:00:00 AM,Central,"VANDALISM - FELONY ($400 & OVER, ALL CHURCH VANDALISMS)",34.048,-118.2577,0
06/28/2020 12:00:00 AM,West Valley,"ASSAULT WITH DEADLY WEAPON, AGGRAVATED ASSAULT",34.1724,-118.5645,0
04/27/2020 12:00:00 AM,Harbor,BURGLARY FROM VEHICLE,33.7868,-118.2687,0
11/04/2020 12:00:00 AM,West Valley,"BUNCO, GRAND THEFT",34.2043,-118.5285,0
03/05/2020 12:00:00 AM,West LA,"THEFT-GRAND ($950.01 & OVER)EXCPT,GUNS,FOWL,LIVESTK,PROD",34.0467,-118.4572,0
09/19/2020 12:00:00 AM,West Valley,BURGLARY,34.1695,-118.5405,0
05/21/2020 12:00:00 AM,Wilshire,VEHICLE - STOLEN,34.0633,-118.3473,0
08/25/2020 12:00:00 AM,Van Nuys,VEHICLE - STOLEN,34.203,-118.4458,0
04/16/2020 12:00:00 AM,West LA,CRIMINAL THREATS - NO WEAPON DISPLAYED,34.0456,-118.4519,0
04/11/2020 12:00:00 AM,West Valley,"THEFT-GRAND ($950.01 & OVER)EXCPT,GUNS,FOWL,LIVESTK,PROD",34.1728,-118.56,0
01/10/2020 12:00:00 AM,Southwest,"LETTERS, LEWD  -  TELEPHONE CALLS, LEWD",34.0265,-118.3721,0
01/14/2020 12:00:00 AM,77th Street,"ASSAULT WITH DEADLY WEAPON, AGGRAVATED ASSAULT",33.9883,-118.2859,0
01/11/2020 12:00:00 AM,Newton,"ASSAULT WITH DEADLY WEAPON, AGGRAVATED ASSAULT",34.0277,-118.2696,0
03/01/2020 12:00:00 AM,West Valley,BURGLARY,34.2012,-118.4924,0
06/11/2020 12:00:00 AM,Southwest,ARSON,34.017,-118.3477,0
04/04/2020 12:00:00 AM,77th Street,"BUNCO, PETTY THEFT",33.9762,-118.3133,0
08/10/2020 12:00:00 AM,Central,VEHICLE - STOLEN,34.0429,-118.2462,0
02/20/2020 12:00:00 AM,Hollenbeck,"SEX,UNLAWFUL(INC MUTUAL CONSENT, PENETRATION W/ FRGN OBJ",34.0702,-118.188,0
03/23/2020 12:00:00 AM,Hollywood,"VANDALISM - FELONY ($400 & OVER, ALL CHURCH VANDALISMS)",34.0926,-118.3179,0
01/17/2020 12:00:00 AM,Central,"VANDALISM - FELONY ($400 & OVER, ALL CHURCH VANDALISMS)",34.0583,-118.2395,0
01/13/2020 12:00:00 AM,Van Nuys,THEFT OF IDENTITY,34.2131,-118.4584,0
06/16/2020 12:00:00 AM,Wilshire,BURGLARY FROM VEHICLE,34.0512,-118.3743,0
02/26/2020 12:00:00 AM,Southwest,OTHER MISCELLANEOUS CRIME,34.0146,-118.3078,0
07/16/2020 12:00:00 AM,Southwest,ROBBERY,34.023,-118.351,0
08/21/2020 12:00:00 AM,Wilshire,THEFT FROM MOTOR VEHICLE - PETTY ($950 & UNDER),34.0554,-118.3651,0
07/20/2020 12:00:00 AM,Rampart,"VANDALISM - FELONY ($400 & OVER, ALL CHURCH VANDALISMS)",34.063,-118.2754,0
03/16/2020 12:00:00 AM,Wilshire,BRANDISH WEAPON,34.0391,-118.3604,0
02/29/2020 12:00:00 AM,Central,SHOPLIFTING - PETTY THEFT ($950 & UNDER),34.0492,-118.2391,0
08/13/2020 12:00:00 AM,Hollenbeck,INTIMATE PARTNER - SIMPLE ASSAULT,34.078,-118.2181,0
01/12/2020 12:00:00 AM,Hollenbeck,INTIMATE PARTNER - SIMPLE ASSAULT,34.0299,-118.2068,0
05/01/2020 12:00:00 AM,Central,VANDALISM - MISDEAMEANOR ($399 OR UNDER),34.0454,-118.2657,0
06/05/2020 12:00:00 AM,Rampart,THEFT FROM MOTOR VEHICLE - PETTY ($950 & UNDER),34.0721,-118.2818,0
11/23/2020 12:00:00 AM,Northeast,THEFT FROM MOTOR VEHICLE - GRAND ($950.01 AND OVER),34.0951,-118.2171,0
09/19/2020 12:00:00 AM,Northeast,BIKE - STOLEN,34.0853,-118.229,0
01/29/2020 12:00:00 AM,Wilshire,THEFT PLAIN - PETTY ($950 & UNDER),34.0531,-118.3238,0
11/10/2020 12:00:00 AM,Central,BURGLARY FROM VEHICLE,34.0607,-118.2494,0
03/14/2020 12:00:00 AM,Harbor,CONTRIBUTING,33.8213,-118.3064,0
07/05/2020 12:00:00 AM,Hollywood,"RAPE, FORCIBLE",34.1041,-118.3433,0
06/10/2020 12:00:00 AM,West Valley,BATTERY - SIMPLE ASSAULT,34.2048,-118.4749,0
09/06/2020 12:00:00 AM,Harbor,VEHICLE - STOLEN,33.7909,-118.2494,0
04/06/2020 12:00:00 AM,77th Street,"ASSAULT WITH DEADLY WEAPON, AGGRAVATED ASSAULT",33.9601,-118.2827,0
12/23/2020 12:00:00 AM,Rampart,INTIMATE PARTNER - SIMPLE ASSAULT,34.0389,-118.2762,0
06/08/2020 12:00:00 AM,77th Street,INTIMATE PARTNER - SIMPLE ASSAULT,33.9932,-118.3225,0
08/08/2020 12:00:00 AM,Hollywood,ROBBERY,34.1016,-118.3361,0
01/17/2020 12:00:00 AM,Van Nuys,"VANDALISM - FELONY ($400 & OVER, ALL CHURCH VANDALISMS)",34.1613,-118.4456,0
06/13/2020 12:00:00 AM,Wilshire,VEHICLE - STOLEN,34.0722,-118.3806,0
01/16/2020 12:00:00 AM,Southwest,VEHICLE - STOLEN,34.0138,-118.3465,0
04/26/2020 12:00:00 AM,Southwest,BATTERY - SIMPLE ASSAULT,34.0251,-118.278,0
12/28/2020 12:00:00 AM,Wilshire,"VANDALISM - FELONY ($400 & OVER, ALL CHURCH VANDALISMS)",34.0835,-118.3441,0
12/14/2020 12:00:00 AM,Central,VEHICLE - STOLEN,34.0562,-118.2535,0
10/12/2020 12:00:00 AM,Southwest,THEFT PLAIN - PETTY ($950 & UNDER),34.0074,-118.329,0
03/29/2020 12:00:00 AM,Southwest,CHILD ABUSE (PHYSICAL) - SIMPLE ASSAULT,34.0091,-118.3013,0
01/17/2020 12:00:00 AM,77th Street,"BURGLARY, ATTEMPTED",33.9709,-118.3308,0
05/11/2020 12:00:00 AM,Northeast,DOCUMENT FORGERY / STOLEN FELONY,34.1222,-118.2114,0
04/18/2020 12:00:00 AM,Wilshire,INTIMATE PARTNER - SIMPLE ASSAULT,34.0436,-118.34,0
01/01/2020 12:00:00 AM,Harbor,TRESPASSING,33.7451,-118.3141,0
02/20/2020 12:00:00 AM,Newton,ROBBERY,34.0047,-118.2783,0
04/16/2020 12:00:00 AM,Hollenbeck,BURGLARY,34.0436,-118.2051,0
11/23/2020 12:00:00 AM,Hollenbeck,VEHICLE - STOLEN,34.0358,-118.21,0
01/06/2020 12:00:00 AM,Northeast,VEHICLE - STOLEN,34.1337,-118.2324,0
08/12/2020 12:00:00 AM,Wilshire,THEFT FROM MOTOR VEHICLE - GRAND ($950.01 AND OVER),34.071,-118.3511,0
11/26/2020 12:00:00 AM,Harbor,INTIMATE PARTNER - SIMPLE ASSAULT,33.7902,-118.2468,0
10/11/2020 12:00:00 AM,77th Street,BATTERY - SIMPLE ASSAULT,33.9647,-118.2651,0
04/07/2020 12:00:00 AM,Newton,CRM AGNST CHLD (13 OR UNDER) (14-15 & SUSP 10 YRS OLDER),34.0027,-118.2478,0
10/17/2020 12:00:00 AM,Central,BATTERY - SIMPLE ASSAULT,34.0473,-118.2566,0
06/05/2020 12:00:00 AM,Van Nuys,"THEFT-GRAND ($950.01 & OVER)EXCPT,GUNS,FOWL,LIVESTK,PROD",34.1903,-118.4574,0
07/11/2020 12:00:00 AM,Wilshire,VEHICLE - ATTEMPT STOLEN,34.0662,-118.3552,0
02/29/2020 12:00:00 AM,Hollywood,VEHICLE - STOLEN,34.0992,-118.3414,0
08/25/2020 12:00:00 AM,West Valley,ILLEGAL DUMPING,34.2011,-118.5279,0
02/07/2020 12:00:00 AM,Southwest,VEHICLE - STOLEN,34.0328,-118.2903,0
01/25/2020 12:00:00 AM,Northeast,INTIMATE PARTNER - SIMPLE ASSAULT,34.0934,-118.2961,0
07/18/2020 12:00:00 AM,Hollenbeck,THEFT FROM MOTOR VEHICLE - PETTY ($950 & UNDER),34.0527,-118.1969,0
11/18/2020 12:00:00 AM,West LA,THEFT FROM MOTOR VEHICLE - GRAND ($950.01 AND OVER),34.0553,-118.3919,0
08/13/2020 12:00:00 AM,Van Nuys,"VANDALISM - FELONY ($400 & OVER, ALL CHURCH VANDALISMS)",34.1781,-118.4179,0
05/10/2020 12:00:00 AM,West LA,BURGLARY FROM VEHICLE,34.0889,-118.5325,0
03/06/2020 12:00:00 AM,Van Nuys,THEFT FROM MOTOR VEHICLE - GRAND ($950.01 AND OVER),34.1794,-118.4618,0
11/13/2020 12:00:00 AM,Harbor,ATTEMPTED ROBBERY,33.7829,-118.2627,0
06/23/2020 12:00:00 AM,77th Street,INTIMATE PARTNER - SIMPLE ASSAULT,33.9845,-118.3078,0
04/25/2020 12:00:00 AM,Rampart,INTIMATE PARTNER - SIMPLE ASSAULT,34.0493,-118.2828,0
03/12/2020 12:00:00 AM,West Valley,BURGLARY,34.2188,-118.5072,0
06/16/2020 12:00:00 AM,Northeast,THEFT PLAIN - PETTY ($950 & UNDER),34.0799,-118.2554,0
05/27/2020 12:00:00 AM,Northeast,SHOPLIFTING - PETTY THEFT ($950 & UNDER),34.0947,-118.2877,0
09/27/2020 12:00:00 AM,Central,"ASSAULT WITH DEADLY WEAPON, AGGRAVATED ASSAULT",34.0358,-118.2345,0
05/04/2020 12:00:00 AM,Hollywood,BURGLARY,34.0944,-118.3452,0
10/29/2020 12:00:00 AM,West LA,BATTERY - SIMPLE ASSAULT,34.0446,-118.3867,0
10/16/2020 12:00:00 AM,Hollywood,"ASSAULT WITH DEADLY WEAPON, AGGRAVATED ASSAULT",34.0953,-118.3266,0
11/25/2020 12:00:00 AM,Van Nuys,BURGLARY FROM VEHICLE,34.1649,-118.4394,0
01/10/2020 12:00:00 AM,Northeast,BURGLARY FROM VEHICLE,34.1349,-118.186,0
10/15/2020 12:00:00 AM,77th Street,VANDALISM - MISDEAMEANOR ($399 OR UNDER),33.9661,-118.2849,0
10/04/2020 12:00:00 AM,Northeast,INTIMATE PARTNER - SIMPLE ASSAULT,34.0933,-118.2675,0
08/25/2020 12:00:00 AM,West LA,BURGLARY,34.0366,-118.4185,0
04/05/2020 12:00:00 AM,Northeast,BURGLARY FROM VEHICLE,34.1127,-118.2831,0
10/25/2020 12:00:00 AM,Van Nuys,CRIMINAL HOMICIDE,34.1975,-118.4345,0
02/29/2020 12:00:00 AM,West Valley,BATTERY - SIMPLE ASSAULT,34.2143,-118.5534,0
02/13/2020 12:00:00 AM,Hollywood,CHILD NEGLECT (SEE 300 W.I.C.),34.0944,-118.331,0
05/30/2020 12:00:00 AM,Wilshire,BURGLARY,34.0838,-118.3637,0
10/08/2020 12:00:00 AM,77th Street,ATTEMPTED ROBBERY,33.9834,-118.3115,0
05/05/2020 12:00:00 AM,Northeast,"VANDALISM - FELONY ($400 & OVER, ALL CHURCH VANDALISMS)",34.1428,-118.226,0
12/29/2020 12:00:00 AM,Southwest,THEFT PLAIN - PETTY ($950 & UNDER),34.0309,-118.3101,0
08/27/2020 12:00:00 AM,77th Street,"ASSAULT WITH DEADLY WEAPON, AGGRAVATED ASSAULT",33.9819,-118.2827,0
12/10/2020 12:00:00 AM,Rampart,DISCHARGE FIREARMS/SHOTS FIRED,34.0851,-118.2881,0
09/23/2020 12:00:00 AM,Harbor,ROBBERY,33.7424,-118.2805,0
05/30/2020 12:00:00 AM,West LA,BURGLARY,34.0605,-118.4193,0
06/01/2020 12:00:00 AM,Rampart,"VANDALISM - FELONY ($400 & OVER, ALL CHURCH VANDALISMS)",34.0473,-118.2784,0
02/14/2020 12:00:00 AM,Hollywood,THEFT FROM MOTOR VEHICLE - GRAND ($950.01 AND OVER),34.1035,-118.3489,0
07/11/2020 12:00:00 AM,West Valley,"RAPE, FORCIBLE",34.1866,-118.5011,0
01/24/2020 12:00:00 AM,Central,VEHICLE - STOLEN,34.045,-118.264,0
01/23/2020 12:00:00 AM,77th Street,SEX OFFENDER REGISTRANT OUT OF COMPLIANCE,33.9703,-118.2783,0
03/31/2020 12:00:00 AM,Southwest,OTHER MISCELLANEOUS CRIME,34.0046,-118.3089,0
03/21/2020 12:00:00 AM,Southwest,INTIMATE PARTNER - AGGRAVATED ASSAULT,34.0219,-118.28,0
04/27/2020 12:00:00 AM,Harbor,"ASSAULT WITH DEADLY WEAPON, AGGRAVATED ASSAULT",33.7978,-118.2898,0
09/25/2020 12:00:00 AM,Van Nuys,VEHICLE - STOLEN,34.183,-118.4225,0
02/23/2020 12:00:00 AM,West Valley,SHOPLIFTING - PETTY THEFT ($950 & UNDER),34.1599,-118.4766,0
06/16/2020 12:00:00 AM,Southwest,"THEFT-GRAND ($950.01 & OVER)EXCPT,GUNS,FOWL,LIVESTK,PROD",34.0212,-118.2805,0
03/28/2020 12:00:00 AM,Northeast,VEHICLE - STOLEN,34.1172,-118.2092,0
07/13/2020 12:00:00 AM,West LA,VEHICLE - STOLEN,34.0416,-118.4428,0
10/14/2020 12:00:00 AM,Wilshire,"VANDALISM - FELONY ($400 & OVER, ALL CHURCH VANDALISMS)",34.0623,-118.3466,0
09/26/2020 12:00:00 AM,West LA,VEHICLE - STOLEN,34.0447,-118.5265,0
01/19/2020 12:00:00 AM,77th Street,"ASSAULT WITH DEADLY WEAPON, AGGRAVATED ASSAULT",33.9897,-118.2827,0
07/05/2020 12:00:00 AM,Central,BURGLARY FROM VEHICLE,34.0433,-118.2577,0
01/28/2020 12:00:00 AM,Central,THEFT OF IDENTITY,34.0416,-118.255,0
12/12/2020 12:00:00 AM,77th Street,VEHICLE - STOLEN,33.9982,-118.3089,0
11/28/2020 12:00:00 AM,Rampart,BATTERY - SIMPLE ASSAULT,34.0595,-118.266,0
12/07/2020 12:00:00 AM,Hollenbeck,BATTERY - SIMPLE ASSAULT,34.0705,-118.2001,0
05/05/2020 12:00:00 AM,West LA,BURGLARY FROM VEHICLE,34.0563,-118.4676,0
05/04/2020 12:00:00 AM,West LA,THEFT PLAIN - PETTY ($950 & UNDER),34.0449,-118.3866,0
01/16/2020 12:00:00 AM,Central,INTIMATE PARTNER - SIMPLE ASSAULT,34.0459,-118.2526,0
09/06/2020 12:00:00 AM,Newton,SHOTS FIRED AT INHABITED DWELLING,34.0189,-118.2481,0
03/15/2020 12:00:00 AM,Hollywood,ATTEMPTED ROBBERY,34.1007,-118.3494,0
11/02/2020 12:00:00 AM,Northeast,VANDALISM - MISDEAMEANOR ($399 OR UNDER),34.0839,-118.2224,0
09/05/2020 12:00:00 AM,Van Nuys,TRESPASSING,34.1557,-118.4661,0
02/13/2020 12:00:00 AM,77th Street,"ASSAULT WITH DEADLY WEAPON, AGGRAVATED ASSAULT",33.9629,-118.2695,0
03/21/2020 12:00:00 AM,Rampart,BURGLARY FROM VEHICLE,34.0733,-118.2766,0
07/19/2020 12:00:00 AM,West Valley,VEHICLE - STOLEN,34.1904,-118.5508,0
04/01/2020 12:00:00 AM,77th Street,BRANDISH WEAPON,33.9806,-118.2838,0
08/18/2020 12:00:00 AM,Northeast,BURGLARY,34.0928,-118.2807,0
03/17/2020 12:00:00 AM,Southwest,BURGLARY FROM VEHICLE,34.0294,-118.2874,0
03/29/2020 12:00:00 AM,Hollenbeck,THEFT FROM MOTOR VEHICLE - PETTY ($950 & UNDER),34.0752,-118.2188,0
03/09/2020 12:00:00 AM,Newton,VANDALISM - MISDEAMEANOR ($399 OR UNDER),33.9833,-118.2783,0
07/22/2020 12:00:00 AM,West LA,"BUNCO, GRAND THEFT",34.0425,-118.4656,0
07/18/2020 12:00:00 AM,Van Nuys,THEFT OF IDENTITY,34.1939,-118.4243,0
09/24/2020 12:00:00 AM,West LA,ATTEMPTED ROBBERY,34.0348,-118.4339,0
04/25/2020 12:00:00 AM,Hollywood,CRIMINAL THREATS - NO WEAPON DISPLAYED,34.0863,-118.3222,0
09/16/2020 12:00:00 AM,Hollenbeck,VEHICLE - STOLEN,34.1069,-118.1834,0
03/02/2020 12:00:00 AM,Southwest,INTIMATE PARTNER - SIMPLE ASSAULT,34.0326,-118.335,0
06/21/2020 12:00:00 AM,West LA,BURGLARY,34.0698,-118.4635,0
03/27/2020 12:00:00 AM,Harbor,BURGLARY FROM VEHICLE,33.7928,-118.243,0
08/19/2020 12:00:00 AM,77th Street,CRIMINAL THREATS - NO WEAPON DISPLAYED,33.9723,-118.3309,0
10/11/2020 12:00:00 AM,77th Street,INTIMATE PARTNER - SIMPLE ASSAULT,33.9629,-118.263,0
01/26/2020 12:00:00 AM,Central,SHOPLIFTING - PETTY THEFT ($950 & UNDER),34.048,-118.2577,0
04/04/2020 12:00:00 AM,Hollywood,INTIMATE PARTNER - SIMPLE ASSAULT,34.0908,-118.3223,0
06/25/2020 12:00:00 AM,West Valley,"ASSAULT WITH DEADLY WEAPON, AGGRAVATED ASSAULT",34.2011,-118.5447,0
04/23/2020 12:00:00 AM,Van Nuys,THEFT OF IDENTITY,34.1667,-118.4378,0
04/09/2020 12:00:00 AM,Van Nuys,THEFT PLAIN - PETTY ($950 & UNDER),34.1326,-118.4445,0
11/21/2020 12:00:00 AM,Rampart,ROBBERY,34.0591,-118.2636,0
01/05/2020 12:00:00 AM,Van Nuys,OTHER MISCELLANEOUS CRIME,34.1903,-118.4574,0
07/16/2020 12:00:00 AM,Van Nuys,BATTERY - SIMPLE ASSAULT,34.2066,-118.4625,0
05/01/2020 12:00:00 AM,Rampart,"VANDALISM - FELONY ($400 & OVER, ALL CHURCH VANDALISMS)",34.0423,-118.2804,0
07/19/2020 12:00:00 AM,West Valley,THEFT PLAIN - PETTY ($950 & UNDER),34.2084,-118.5448,0
01/18/2020 12:00:00 AM,Harbor,"VANDALISM - FELONY ($400 & OVER, ALL CHURCH VANDALISMS)",33.7849,-118.2612,0
04/21/2020 12:00:00 AM,Van Nuys,DOCUMENT FORGERY / STOLEN FELONY,34.1841,-118.4693,0
07/15/2020 12:00:00 AM,Hollywood,BATTERY - SIMPLE ASSAULT,34.0987,-118.3337,0
09/26/2020 12:00:00 AM,Wilshire,INTIMATE PARTNER - SIMPLE ASSAULT,34.0735,-118.3571,0
12/09/2020 12:00:00 AM,Rampart,SHOPLIFTING - PETTY THEFT ($950 & UNDER),34.0539,-118.2756,0
03/17/2020 12:00:00 AM,Hollenbeck,THEFT FROM MOTOR VEHICLE - PETTY ($950 & UNDER),34.0883,-118.1797,0
06/09/2020 12:00:00 AM,Central,"VANDALISM - FELONY ($400 & OVER, ALL CHURCH VANDALISMS)",34.0423,-118.2452,0
06/01/2020 12:00:00 AM,77th Street,"ASSAULT WITH DEADLY WEAPON, AGGRAVATED ASSAULT",34.0037,-118.2856,0
03/13/2020 12:00:00 AM,Rampart,OTHER MISCELLANEOUS CRIME,34.0591,-118.2635,0
02/12/2020 12:00:00 AM,Southwest,VIOLATION OF RESTRAINING ORDER,34.0082,-118.2941,0
05/07/2020 12:00:00 AM,77th Street,"SEX,UNLAWFUL(INC MUTUAL CONSENT, PENETRATION W/ FRGN OBJ",33.9667,-118.2871,0
07/03/2020 12:00:00 AM,Van Nuys,BATTERY - SIMPLE ASSAULT,34.1831,-118.4523,0
04/24/2020 12:00:00 AM,77th Street,THEFT OF IDENTITY,33.9637,-118.309,0
09/06/2020 12:00:00 AM,Northeast,BATTERY - SIMPLE ASSAULT,34.0874,-118.2107,0
12/25/2020 12:00:00 AM,Northeast,CRIMINAL THREATS - NO WEAPON DISPLAYED,34.1129,-118.2878,0
09/12/2020 12:00:00 AM,Rampart,VEHICLE - STOLEN,34.0737,-118.2775,0
05/31/2020 12:00:00 AM,Harbor,BATTERY - SIMPLE ASSAULT,33.8457,-118.3066,0
04/16/2020 12:00:00 AM,Harbor,VIOLATION OF RESTRAINING ORDER,33.8481,-118.3041,0
06/23/2020 12:00:00 AM,Southwest,"ASSAULT WITH DEADLY WEAPON, AGGRAVATED ASSAULT",34.006,-118.3305,0
06/11/2020 12:00:00 AM,West LA,"THEFT-GRAND ($950.01 & OVER)EXCPT,GUNS,FOWL,LIVESTK,PROD",34.0515,-118.4692,0
07/27/2020 12:00:00 AM,Wilshire,"ASSAULT WITH DEADLY WEAPON, AGGRAVATED ASSAULT",34.0452,-118.3281,0
12/15/2020 12:00:00 AM,77th Street,VEHICLE - STOLEN,33.9909,-118.3333,0
04/18/2020 12:00:00 AM,Northeast,SHOPLIFTING - PETTY THEFT ($950 & UNDER),34.1367,-118.2713,0
11/15/2020 12:00:00 AM,Harbor,INTIMATE PARTNER - SIMPLE ASSAULT,33.7243,-118.2963,0
01/01/2020 12:00:00 AM,Northeast,BURGLARY FROM VEHICLE,34.091,-118.2788,0
11/17/2020 12:00:00 AM,Hollenbeck,"VANDALISM - FELONY ($400 & OVER, ALL CHURCH VANDALISMS)",34.0502,-118.2222,0
08/20/2020 12:00:00 AM,Wilshire,THEFT PLAIN - PETTY ($950 & UNDER),34.0358,-118.3517,0
05/12/2020 12:00:00 AM,77th Street,INTIMATE PARTNER - AGGRAVATED ASSAULT,33.9906,-118.2958,0
06/23/2020 12:00:00 AM,77th Street,INTIMATE PARTNER - SIMPLE ASSAULT,33.9689,-118.2739,0
04/12/2020 12:00:00 AM,Rampart,VEHICLE - STOLEN,34.0641,-118.2567,0
07/01/2020 12:00:00 AM,Hollenbeck,CRIMINAL THREATS - NO WEAPON DISPLAYED,34.0189,-118.1943,0
03/01/2020 12:00:00 AM,Harbor,ROBBERY,33.7433,-118.2923,0
03/08/2020 12:00:00 AM,Northeast,THEFT FROM MOTOR VEHICLE - GRAND ($950.01 AND OVER),34.1139,-118.1886,0
10/19/2020 12:00:00 AM,Wilshire,TRESPASSING,34.0375,-118.335,0
10/27/2020 12:00:00 AM,Northeast,BRANDISH WEAPON,34.1393,-118.2041,0
10/21/2020 12:00:00 AM,Wilshire,"VANDALISM - FELONY ($400 & OVER, ALL CHURCH VANDALISMS)",34.0649,-118.3451,0
08/08/2020 12:00:00 AM,Hollywood,BATTERY - SIMPLE ASSAULT,34.1016,-118.3361,0
08/16/2020 12:00:00 AM,Southwest,BATTERY - SIMPLE ASSAULT,34.0219,-118.3045,0
06/04/2020 12:00:00 AM,Hollywood,BURGLARY FROM VEHICLE,34.109,-118.3251,0
07/05/2020 12:00:00 AM,Hollywood,CRIMINAL THREATS - NO WEAPON DISPLAYED,34.1034,-118.3325,0
05/17/2020 12:00:00 AM,Southwest,VEHICLE - STOLEN,34.0346,-118.3003,0
09/09/2020 12:00:00 AM,Van Nuys,"VANDALISM - FELONY ($400 & OVER, ALL CHURCH VANDALISMS)",34.1498,-118.4421,0
03/14/2020 12:00:00 AM,Southwest,THEFT OF IDENTITY,34.0213,-118.3284,0
10/27/2020 12:00:00 AM,Southwest,THEFT OF IDENTITY,34.0334,-118.278,0
01/24/2020 12:00:00 AM,Newton,VANDALISM - MISDEAMEANOR ($399 OR UNDER),34.0199,-118.2733,0
04/13/2020 12:00:00 AM,Northeast,BATTERY - SIMPLE ASSAULT,34.0934,-118.2961,0
08/03/2020 12:00:00 AM,Harbor,INTIMATE PARTNER - SIMPLE ASSAULT,33.7951,-118.2576,0
06/07/2020 12:00:00 AM,Central,CRIMINAL THREATS - NO WEAPON DISPLAYED,34.0685,-118.246,0
02/20/2020 12:00:00 AM,Southwest,"BURGLARY FROM VEHICLE, ATTEMPTED",34.0246,-118.2772,0
11/25/2020 12:00:00 AM,West LA,VIOLATION OF COURT ORDER,34.0423,-118.4656,0
12/08/2020 12:00:00 AM,Rampart,VEHICLE - STOLEN,34.0559,-118.2756,0
04/14/2020 12:00:00 AM,Harbor,BURGLARY,33.7741,-118.2646,0
01/13/2020 12:00:00 AM,Hollywood,VEHICLE - STOLEN,34.1085,-118.3851,0
01/18/2020 12:00:00 AM,Central,CHILD ANNOYING (17YRS & UNDER),34.0509,-118.2585,0
12/13/2020 12:00:00 AM,Harbor,"VANDALISM - FELONY ($400 & OVER, ALL CHURCH VANDALISMS)",33.7666,-118.2597,0
07/11/2020 12:00:00 AM,Van Nuys,INTIMATE PARTNER - SIMPLE ASSAULT,34.1939,-118.4289,0
10/27/2020 12:00:00 AM,Central,ASSAULT WITH DEADLY WEAPON ON POLICE OFFICER,34.0628,-118.2465,0
02/03/2020 12:00:00 AM,Wilshire,BURGLARY FROM VEHICLE,34.0626,-118.3578,0
10/23/2020 12:00:00 AM,Rampart,VANDALISM - MISDEAMEANOR ($399 OR UNDER),34.0909,-118.2867,0
01/04/2020 12:00:00 AM,West Valley,BURGLARY,34.1939,-118.5317,0
12/29/2020 12:00:00 AM,Van Nuys,ROBBERY,34.1867,-118.4247,0
03/16/2020 12:00:00 AM,Southwest,THEFT OF IDENTITY,34.0304,-118.3002,0
01/22/2020 12:00:00 AM,Central,BATTERY POLICE (SIMPLE),34.0452,-118.2534,0
02/13/2020 12:00:00 AM,Rampart,"ASSAULT WITH DEADLY WEAPON, AGGRAVATED ASSAULT",34.0563,-118.281,0
07/03/2020 12:00:00 AM,Harbor,VANDALISM - MISDEAMEANOR ($399 OR UNDER),33.7734,-118.2763,0
08/26/2020 12:00:00 AM,Hollywood,VEHICLE - STOLEN,34.0867,-118.3107,0
11/27/2020 12:00:00 AM,Northeast,"VANDALISM - FELONY ($400 & OVER, ALL CHURCH VANDALISMS)",34.1151,-118.2553,0
02/17/2020 12:00:00 AM,West LA,SHOPLIFTING - PETTY THEFT ($950 & UNDER),34.038,-118.4436,0
11/27/2020 12:00:00 AM,Hollywood,"VANDALISM - FELONY ($400 & OVER, ALL CHURCH VANDALISMS)",34.0998,-118.351,0
02/02/2020 12:00:00 AM,Newton,THEFT FROM MOTOR VEHICLE - PETTY ($950 & UNDER),33.9762,-118.2681,0
10/30/2020 12:00:00 AM,Van Nuys,SHOPLIFTING - PETTY THEFT ($950 & UNDER),34.1867,-118.4381,0
08/05/2020 12:00:00 AM,Northeast,VIOLATION OF COURT ORDER,34.0829,-118.2565,0
01/18/2020 12:00:00 AM,Northeast,TRESPASSING,34.0981,-118.2972,0
03/15/2020 12:00:00 AM,Rampart,BURGLARY,34.0515,-118.2658,0
01/16/2020 12:00:00 AM,Rampart,THEFT PLAIN - PETTY ($950 & UNDER),34.0812,-118.2992,0
12/12/2020 12:00:00 AM,West Valley,THEFT FROM MOTOR VEHICLE - GRAND ($950.01 AND OVER),34.1654,-118.522,0
09/15/2020 12:00:00 AM,Central,BURGLARY FROM VEHICLE,34.0649,-118.2465,0
07/03/2020 12:00:00 AM,77th Street,DISCHARGE FIREARMS/SHOTS FIRED,33.9994,-118.3108,0
04/28/2020 12:00:00 AM,77th Street,INTIMATE PARTNER - SIMPLE ASSAULT,33.9915,-118.2856,0
11/15/2020 12:00:00 AM,77th Street,CHILD NEGLECT (SEE 300 W.I.C.),33.9826,-118.3429,0
11/12/2020 12:00:00 AM,West LA,BURGLARY,34.0337,-118.4402,0
02/13/2020 12:00:00 AM,West Valley,"VANDALISM - FELONY ($400 & OVER, ALL CHURCH VANDALISMS)",34.1977,-118.5361,0
02/28/2020 12:00:00 AM,77th Street,"ASSAULT WITH DEADLY WEAPON, AGGRAVATED ASSAULT",33.9737,-118.2783,0
05/27/2020 12:00:00 AM,Hollenbeck,THEFT FROM MOTOR VEHICLE - GRAND ($950.01 AND OVER),34.0483,-118.2163,0
10/08/2020 12:00:00 AM,Van Nuys,THEFT PLAIN - PETTY ($950 & UNDER),34.1721,-118.447,0
03/01/2020 12:00:00 AM,Rampart,VIOLATION OF COURT ORDER,34.0806,-118.2843,0
04/06/2020 12:00:00 AM,Newton,BURGLARY FROM VEHICLE,33.9965,-118.2783,0
02/18/2020 12:00:00 AM,West LA,RESISTING ARREST,34.0554,-118.4418,0
07/11/2020 12:00:00 AM,Central,"ASSAULT WITH DEADLY WEAPON, AGGRAVATED ASSAULT",34.0429,-118.2462,0
01/20/2020 12:00:00 AM,77th Street,BURGLARY,33.9841,-118.2921,0
06/23/2020 12:00:00 AM,Rampart,EXTORTION,34.0535,-118.2801,0
04/07/2020 12:00:00 AM,Southwest,"VANDALISM - FELONY ($400 & OVER, ALL CHURCH VANDALISMS)",34.0085,-118.3351,0
05/23/2020 12:00:00 AM,Southwest,"ASSAULT WITH DEADLY WEAPON, AGGRAVATED ASSAULT",34.0155,-118.2948,0
03/20/2020 12:00:00 AM,Northeast,VEHICLE - STOLEN,34.1056,-118.2728,0
12/05/2020 12:00:00 AM,Southwest,BATTERY - SIMPLE ASSAULT,34.0073,-118.298,0
03/09/2020 12:00:00 AM,Rampart,"ASSAULT WITH DEADLY WEAPON, AGGRAVATED ASSAULT",34.0491,-118.2823,0
07/30/2020 12:00:00 AM,Van Nuys,THEFT OF IDENTITY,34.1576,-118.4214,0
05/22/2020 12:00:00 AM,Central,"ASSAULT WITH DEADLY WEAPON, AGGRAVATED ASSAULT",34.0419,-118.2669,0
11/09/2020 12:00:00 AM,Southwest,THEFT FROM MOTOR VEHICLE - GRAND ($950.01 AND OVER),34.0302,-118.3395,0
08/16/2020 12:00:00 AM,Central,BATTERY - SIMPLE ASSAULT,34.0473,-118.2566,0
06/05/2020 12:00:00 AM,Wilshire,THEFT OF IDENTITY,34.0456,-118.3681,0
07/10/2020 12:00:00 AM,Harbor,TRESPASSING,33.7347,-118.2842,0
11/03/2020 12:00:00 AM,West LA,"EMBEZZLEMENT, GRAND THEFT ($950.01 & OVER)",34.0463,-118.4338,0
10/06/2020 12:00:00 AM,Van Nuys,VEHICLE - STOLEN,34.2012,-118.4391,0
09/19/2020 12:00:00 AM,Harbor,THEFT FROM MOTOR VEHICLE - PETTY ($950 & UNDER),33.78,-118.2468,0
03/22/2020 12:00:00 AM,West Valley,THEFT PLAIN - PETTY ($950 & UNDER),34.2047,-118.5557,0
04/15/2020 12:00:00 AM,Newton,INTIMATE PARTNER - SIMPLE ASSAULT,33.9971,-118.2565,0
05/13/2020 12:00:00 AM,Hollywood,THEFT PLAIN - PETTY ($950 & UNDER),34.1036,-118.3137,0
01/08/2020 12:00:00 AM,77th Street,BATTERY - SIMPLE ASSAULT,33.9629,-118.2608,0
10/08/2020 12:00:00 AM,Rampart,"EMBEZZLEMENT, GRAND THEFT ($950.01 & OVER)",34.045,-118.2822,0
03/15/2020 12:00:00 AM,77th Street,VIOLATION OF COURT ORDER,33.9782,-118.2813,0
08/10/2020 12:00:00 AM,Hollywood,VANDALISM - MISDEAMEANOR ($399 OR UNDER),34.098,-118.3266,0
10/19/2020 12:00:00 AM,Central,BATTERY - SIMPLE ASSAULT,34.0462,-118.2585,0
09/10/2020 12:00:00 AM,Hollywood,THEFT OF IDENTITY,34.1201,-118.3223,0
04/21/2020 12:00:00 AM,Southwest,SHOPLIFTING - PETTY THEFT ($950 & UNDER),34.0191,-118.3351,0
02/14/2020 12:00:00 AM,Northeast,BURGLARY,34.1018,-118.2962,0
10/03/2020 12:00:00 AM,Central,"VANDALISM - FELONY ($400 & OVER, ALL CHURCH VANDALISMS)",34.047,-118.2457,0
05/15/2020 12:00:00 AM,Northeast,OTHER ASSAULT,34.0909,-118.2917,0
02/22/2020 12:00:00 AM,Rampart,BATTERY - SIMPLE ASSAULT,34.0839,-118.2741,0
10/15/2020 12:00:00 AM,Van Nuys,"EMBEZZLEMENT, GRAND THEFT ($950.01 & OVER)",34.1703,-118.4323,0
11/19/2020 12:00:00 AM,Southwest,VEHICLE - STOLEN,34.0302,-118.3273,0
03/17/2020 12:00:00 AM,Central,VANDALISM - MISDEAMEANOR ($399 OR UNDER),34.048,-118.2577,0
12/29/2020 12:00:00 AM,77th Street,CONTEMPT OF COURT,33.9737,-118.3341,0
02/02/2020 12:00:00 AM,Newton,VEHICLE - STOLEN,34.0266,-118.2676,0
06/22/2020 12:00:00 AM,Van Nuys,"ASSAULT WITH DEADLY WEAPON, AGGRAVATED ASSAULT",34.1867,-118.4137,0
06/09/2020 12:00:00 AM,West Valley,INTIMATE PARTNER - SIMPLE ASSAULT,34.1739,-118.5123,0
02/04/2020 12:00:00 AM,West Valley,BRANDISH WEAPON,34.2208,-118.5279,0
01/29/2020 12:00:00 AM,Northeast,THEFT FROM MOTOR VEHICLE - GRAND ($950.01 AND OVER),34.1141,-118.2755,0
05/17/2020 12:00:00 AM,Southwest,BIKE - STOLEN,34.0219,-118.28,0
10/02/2020 12:00:00 AM,Southwest,"ASSAULT WITH DEADLY WEAPON, AGGRAVATED ASSAULT",34.0126,-118.3403,0
01/29/2020 12:00:00 AM,Central,BURGLARY,34.0433,-118.2488,0
08/27/2020 12:00:00 AM,Central,"VANDALISM - FELONY ($400 & OVER, ALL CHURCH VANDALISMS)",34.0648,-118.2313,0
12/27/2020 12:00:00 AM,Hollywood,THROWING OBJECT AT MOVING VEHICLE,34.1032,-118.3362,0
02/27/2020 12:00:00 AM,Hollenbeck,OTHER MISCELLANEOUS CRIME,34.0655,-118.2028,0
04/03/2020 12:00:00 AM,Central,BURGLARY,34.0648,-118.2313,0
06/05/2020 12:00:00 AM,77th Street,THEFT FROM MOTOR VEHICLE - PETTY ($950 & UNDER),33.9651,-118.2739,0
08/26/2020 12:00:00 AM,Northeast,THEFT OF IDENTITY,34.1377,-118.2073,0
10/24/2020 12:00:00 AM,Van Nuys,ROBBERY,34.1993,-118.4662,0
01/08/2020 12:00:00 AM,West Valley,"VANDALISM - FELONY ($400 & OVER, ALL CHURCH VANDALISMS)",34.1706,-118.5594,0
04/26/2020 12:00:00 AM,Central,"VANDALISM - FELONY ($400 & OVER, ALL CHURCH VANDALISMS)",34.046,-118.2493,0
08/27/2020 12:00:00 AM,77th Street,"ASSAULT WITH DEADLY WEAPON, AGGRAVATED ASSAULT",33.9806,-118.2827,0
06/25/2020 12:00:00 AM,Northeast,BATTERY - SIMPLE ASSAULT,34.1271,-118.2321,0
02/18/2020 12:00:00 AM,Northeast,"ASSAULT WITH DEADLY WEAPON, AGGRAVATED ASSAULT",34.1186,-118.245,0
04/06/2020 12:00:00 AM,Wilshire,BURGLARY,34.0425,-118.3258,0
05/19/2020 12:00:00 AM,West LA,"VANDALISM - FELONY ($400 & OVER, ALL CHURCH VANDALISMS)",34.0315,-118.5277,0
01/30/2020 12:00:00 AM,Southwest,INTIMATE PARTNER - SIMPLE ASSAULT,34.0146,-118.3204,0
04/28/2020 12:00:00 AM,Northeast,THEFT FROM MOTOR VEHICLE - GRAND ($950.01 AND OVER),34.1164,-118.2332,0
09/22/2020 12:00:00 AM,Hollywood,THEFT PLAIN - PETTY ($950 & UNDER),34.1016,-118.3404,0
04/03/2020 12:00:00 AM,Hollenbeck,THEFT FROM MOTOR VEHICLE - PETTY ($950 & UNDER),34.0781,-118.2181,0
06/12/2020 12:00:00 AM,Wilshire,BURGLARY FROM VEHICLE,34.0631,-118.3504,0
08/07/2020 12:00:00 AM,77th Street,VEHICLE - STOLEN,33.977,-118.2959,0
11/12/2020 12:00:00 AM,Northeast,VEHICLE - STOLEN,34.08,-118.2647,0
06/23/2020 12:00:00 AM,Southwest,VEHICLE - STOLEN,34.0073,-118.2894,0
11/21/2020 12:00:00 AM,77th Street,ROBBERY,33.9863,-118.2881,0
07/09/2020 12:00:00 AM,Hollywood,"ASSAULT WITH DEADLY WEAPON, AGGRAVATED ASSAULT",34.0862,-118.3078,0
11/04/2020 12:00:00 AM,Central,"ASSAULT WITH DEADLY WEAPON, AGGRAVATED ASSAULT",34.0448,-118.2474,0
06/18/2020 12:00:00 AM,77th Street,ROBBERY,33.9694,-118.2981,0
02/04/2020 12:00:00 AM,Wilshire,SHOPLIFTING - PETTY THEFT ($950 & UNDER),34.0761,-118.3766,0
01/21/2020 12:00:00 AM,77th Street,THEFT OF IDENTITY,33.9826,-118.3554,0
10/20/2020 12:00:00 AM,Hollywood,THEFT FROM MOTOR VEHICLE - PETTY ($950 & UNDER),34.1016,-118.3458,0
01/30/2020 12:00:00 AM,Harbor,BURGLARY FROM VEHICLE,33.7096,-118.2916,0
02/19/2020 12:00:00 AM,Central,TRESPASSING,34.0563,-118.2374,0
09/24/2020 12:00:00 AM,West Valley,"THEFT-GRAND ($950.01 & OVER)EXCPT,GUNS,FOWL,LIVESTK,PROD",34.1724,-118.5645,0
12/04/2020 12:00:00 AM,Northeast,INTIMATE PARTNER - SIMPLE ASSAULT,34.0958,-118.2065,0
09/17/2020 12:00:00 AM,Northeast,"VANDALISM - FELONY ($400 & OVER, ALL CHURCH VANDALISMS)",34.1393,-118.1985,0
02/16/2020 12:00:00 AM,Rampart,THEFT PLAIN - PETTY ($950 & UNDER),34.053,-118.2648,0
05/02/2020 12:00:00 AM,Southwest,BURGLARY,34.0109,-118.3002,0
01/09/2020 12:00:00 AM,77th Street,CRIMINAL THREATS - NO WEAPON DISPLAYED,33.9828,-118.287,0
11/01/2020 12:00:00 AM,Van Nuys,"ASSAULT WITH DEADLY WEAPON, AGGRAVATED ASSAULT",34.2131,-118.4584,0
02/15/2020 12:00:00 AM,Rampart,SHOPLIFTING - PETTY THEFT ($950 & UNDER),34.0573,-118.2699,0
02/13/2020 12:00:00 AM,Hollywood,VIOLATION OF RESTRAINING ORDER,34.1017,-118.318,0
04/04/2020 12:00:00 AM,77th Street,THEFT FROM MOTOR VEHICLE - GRAND ($950.01 AND OVER),33.9702,-118.3003,0
01/04/2020 12:00:00 AM,Rampart,BURGLARY FROM VEHICLE,34.0573,-118.2699,0
07/04/2020 12:00:00 AM,West Valley,BIKE - STOLEN,34.1904,-118.5546,0
08/27/2020 12:00:00 AM,Hollywood,"EMBEZZLEMENT, GRAND THEFT ($950.01 & OVER)",34.1006,-118.3417,0
09/12/2020 12:00:00 AM,West Valley,ROBBERY,34.1925,-118.536,0
10/24/2020 12:00:00 AM,Hollenbeck,VEHICLE - STOLEN,34.0647,-118.1777,0
09/22/2020 12:00:00 AM,West LA,BATTERY - SIMPLE ASSAULT,34.0388,-118.4403,0
04/18/2020 12:00:00 AM,Newton,"VANDALISM - FELONY ($400 & OVER, ALL CHURCH VANDALISMS)",34.025,-118.2618,0
12/14/2020 12:00:00 AM,West Valley,"VANDALISM - FELONY ($400 & OVER, ALL CHURCH VANDALISMS)",34.1757,-118.4846,0
04/08/2020 12:00:00 AM,Central,OTHER ASSAULT,34.0395,-118.2656,0
10/26/2020 12:00:00 AM,West LA,BURGLARY FROM VEHICLE,34.0396,-118.4425,0
02/28/2020 12:00:00 AM,77th Street,INTIMATE PARTNER - SIMPLE ASSAULT,33.9624,-118.2761,0
07/29/2020 12:00:00 AM,Harbor,THEFT FROM MOTOR VEHICLE - PETTY ($950 & UNDER),33.7909,-118.2506,0
12/09/2020 12:00:00 AM,West Valley,BURGLARY,34.1976,-118.4799,0
04/01/2020 12:00:00 AM,Northeast,THEFT PLAIN - PETTY ($950 & UNDER),34.1361,-118.2237,0
02/06/2020 12:00:00 AM,Wilshire,BURGLARY,34.0835,-118.3374,0
05/12/2020 12:00:00 AM,Central,BATTERY - SIMPLE ASSAULT,34.0416,-118.244,0
12/26/2020 12:00:00 AM,Rampart,BRANDISH WEAPON,34.0567,-118.2815,0
08/22/2020 12:00:00 AM,West LA,THEFT OF IDENTITY,34.0425,-118.3818,0
02/11/2020 12:00:00 AM,Newton,THEFT FROM MOTOR VEHICLE - PETTY ($950 & UNDER),34.0169,-118.2484,0
10/13/2020 12:00:00 AM,Northeast,THEFT PLAIN - PETTY ($950 & UNDER),34.0957,-118.2872,0
11/17/2020 12:00:00 AM,West Valley,BURGLARY,34.1497,-118.5636,0
12/10/2020 12:00:00 AM,Southwest,VANDALISM - MISDEAMEANOR ($399 OR UNDER),34.0158,-118.3509,0
04/23/2020 12:00:00 AM,Wilshire,DISTURBING THE PEACE,34.0736,-118.343,0
05/29/2020 12:00:00 AM,Northeast,"ASSAULT WITH DEADLY WEAPON, AGGRAVATED ASSAULT",34.0959,-118.2288,0
09/19/2020 12:00:00 AM,77th Street,"ASSAULT WITH DEADLY WEAPON, AGGRAVATED ASSAULT",33.9447,-118.309,0
03/28/2020 12:00:00 AM,77th Street,ROBBERY,33.9718,-118.3308,0
11/22/2020 12:00:00 AM,Central,INTIMATE PARTNER - SIMPLE ASSAULT,34.0541,-118.2451,0
03/20/2020 12:00:00 AM,Newton,"ASSAULT WITH DEADLY WEAPON, AGGRAVATED ASSAULT",34.0002,-118.2441,0
02/22/2020 12:00:00 AM,Rampart,CHILD ABUSE (PHYSICAL) - SIMPLE ASSAULT,34.0573,-118.2831,0
03/07/2020 12:00:00 AM,Southwest,BATTERY - SIMPLE ASSAULT,34.0291,-118.3535,0
10/19/2020 12:00:00 AM,Southwest,VIOLATION OF RESTRAINING ORDER,34.0142,-118.2959,0
07/17/2020 12:00:00 AM,Southwest,VEHICLE - STOLEN,34.0073,-118.294,0
10/08/2020 12:00:00 AM,Northeast,CRIMINAL HOMICIDE,34.106,-118.2565,0
07/07/2020 12:00:00 AM,Wilshire,BURGLARY FROM VEHICLE,34.0735,-118.3571,0
11/10/2020 12:00:00 AM,Hollenbeck,FAILURE TO YIELD,34.0788,-118.2197,0
03/26/2020 12:00:00 AM,West Valley,"LETTERS, LEWD  -  TELEPHONE CALLS, LEWD",34.1745,-118.536,0
03/31/2020 12:00:00 AM,Hollywood,STALKING,34.0962,-118.3441,0
09/15/2020 12:00:00 AM,West Valley,THEFT FROM MOTOR VEHICLE - GRAND ($950.01 AND OVER),34.1589,-118.512,0
12/24/2020 12:00:00 AM,Wilshire,BURGLARY,34.0379,-118.323,0
05/29/2020 12:00:00 AM,Northeast,THEFT OF IDENTITY,34.1192,-118.2097,0
04/18/2020 12:00:00 AM,Harbor,THEFT FROM MOTOR VEHICLE - PETTY ($950 & UNDER),33.7876,-118.2452,0
02/06/2020 12:00:00 AM,Southwest,"EMBEZZLEMENT, PETTY THEFT ($950 & UNDER)",34.0327,-118.3064,0
02/11/2020 12:00:00 AM,Northeast,THEFT OF IDENTITY,34.1103,-118.2248,0
10/21/2020 12:00:00 AM,Hollywood,"ASSAULT WITH DEADLY WEAPON, AGGRAVATED ASSAULT",34.0995,-118.3772,0
01/20/2020 12:00:00 AM,Wilshire,THEFT OF IDENTITY,34.0691,-118.3552,0
10/13/2020 12:00:00 AM,Central,ROBBERY,34.0394,-118.2496,0
05/10/2020 12:00:00 AM,77th Street,VIOLATION OF COURT ORDER,33.9667,-118.2838,0
01/11/2020 12:00:00 AM,77th Street,VEHICLE - STOLEN,33.9699,-118.2783,0
01/01/2020 12:00:00 AM,Central,BATTERY - SIMPLE ASSAULT,34.0485,-118.2447,0
09/05/2020 12:00:00 AM,Southwest,ATTEMPTED ROBBERY,34.007,-118.2916,0
09/06/2020 12:00:00 AM,Wilshire,VEHICLE - STOLEN,34.0572,-118.3482,0
04/18/2020 12:00:00 AM,Hollywood,"VANDALISM - FELONY ($400 & OVER, ALL CHURCH VANDALISMS)",34.0981,-118.3561,0
12/05/2020 12:00:00 AM,Wilshire,ROBBERY,34.0721,-118.3841,0
03/12/2020 12:00:00 AM,Van Nuys,THEFT OF IDENTITY,34.1515,-118.4601,0
10/07/2020 12:00:00 AM,Hollenbeck,CRUELTY TO ANIMALS,34.0468,-118.218,0
11/17/2020 12:00:00 AM,West Valley,BURGLARY FROM VEHICLE,34.1749,-118.5323,0
07/18/2020 12:00:00 AM,77th Street,"ASSAULT WITH DEADLY WEAPON, AGGRAVATED ASSAULT",33.9846,-118.3323,0
01/11/2020 12:00:00 AM,Northeast,THEFT PLAIN - PETTY ($950 & UNDER),34.1104,-118.2144,0
06/02/2020 12:00:00 AM,Southwest,"BURGLARY, ATTEMPTED",34.0262,-118.3002,0
08/20/2020 12:00:00 AM,West LA,ROBBERY,34.0617,-118.4446,0
01/02/2020 12:00:00 AM,Northeast,"VANDALISM - FELONY ($400 & OVER, ALL CHURCH VANDALISMS)",34.1516,-118.2859,0
06/19/2020 12:00:00 AM,Rampart,BRANDISH WEAPON,34.0713,-118.2575,0
11/22/2020 12:00:00 AM,West Valley,INTIMATE PARTNER - SIMPLE ASSAULT,34.2084,-118.5044,0
07/04/2020 12:00:00 AM,Southwest,THEFT PLAIN - PETTY ($950 & UNDER),34.0218,-118.3556,0
02/08/2020 12:00:00 AM,Rampart,INTIMATE PARTNER - AGGRAVATED ASSAULT,34.052,-118.2624,0
11/11/2020 12:00:00 AM,West Valley,BURGLARY,34.1691,-118.5512,0
11/24/2020 12:00:00 AM,West LA,BURGLARY,34.0478,-118.4324,0
04/17/2020 12:00:00 AM,Northeast,BURGLARY FROM VEHICLE,34.1077,-118.2963,0
02/20/2020 12:00:00 AM,Rampart,VEHICLE - STOLEN,34.0557,-118.2645,0
10/12/2020 12:00:00 AM,Central,"THEFT-GRAND ($950.01 & OVER)EXCPT,GUNS,FOWL,LIVESTK,PROD",34.0437,-118.2518,0
12/03/2020 12:00:00 AM,Southwest,BATTERY - SIMPLE ASSAULT,34.0238,-118.3669,0
11/22/2020 12:00:00 AM,West Valley,BURGLARY FROM VEHICLE,34.1939,-118.4797,0
06/26/2020 12:00:00 AM,77th Street,BATTERY - SIMPLE ASSAULT,33.9859,-118.3046,0
02/29/2020 12:00:00 AM,Southwest,SHOPLIFTING - PETTY THEFT ($950 & UNDER),34.0242,-118.3722,0
04/15/2020 12:00:00 AM,Hollywood,"VANDALISM - FELONY ($400 & OVER, ALL CHURCH VANDALISMS)",34.0987,-118.3337,0
09/28/2020 12:00:00 AM,West LA,"THEFT-GRAND ($950.01 & OVER)EXCPT,GUNS,FOWL,LIVESTK,PROD",34.0609,-118.3824,0
01/12/2020 12:00:00 AM,Central,BOMB SCARE,34.0421,-118.2469,0
11/14/2020 12:00:00 AM,Southwest,VIOLATION OF COURT ORDER,34.0309,-118.3101,0
07/02/2020 12:00:00 AM,West Valley,BATTERY - SIMPLE ASSAULT,34.2054,-118.5125,0
06/24/2020 12:00:00 AM,Van Nuys,INTIMATE PARTNER - SIMPLE ASSAULT,34.2085,-118.4698,0
11/27/2020 12:00:00 AM,Hollenbeck,VEHICLE - STOLEN,34.0431,-118.2196,0
02/05/2020 12:00:00 AM,Southwest,OTHER MISCELLANEOUS CRIME,34.0123,-118.3556,0
05/23/2020 12:00:00 AM,77th Street,UNAUTHORIZED COMPUTER ACCESS,33.9906,-118.2842,0
11/24/2020 12:00:00 AM,Wilshire,BATTERY - SIMPLE ASSAULT,34.0386,-118.3605,0
11/09/2020 12:00:00 AM,Northeast,VEHICLE - STOLEN,34.0984,-118.2874,0
05/09/2020 12:00:00 AM,Hollywood,THEFT PLAIN - PETTY ($950 & UNDER),34.0962,-118.3517,0
02/20/2020 12:00:00 AM,Newton,VEHICLE - STOLEN,34.0003,-118.2599,0
03/27/2020 12:00:00 AM,Hollenbeck,INTIMATE PARTNER - SIMPLE ASSAULT,34.0802,-118.1848,0
02/26/2020 12:00:00 AM,Hollywood,THEFT PLAIN - PETTY ($950 & UNDER),34.1017,-118.3519,0
02/06/2020 12:00:00 AM,77th Street,INTIMATE PARTNER - SIMPLE ASSAULT,33.9855,-118.3167,0
01/26/2020 12:00:00 AM,Hollywood,"VANDALISM - FELONY ($400 & OVER, ALL CHURCH VANDALISMS)",34.1053,-118.324,0
01/28/2020 12:00:00 AM,Wilshire,THEFT FROM MOTOR VEHICLE - GRAND ($950.01 AND OVER),34.0762,-118.3419,0
12/14/2020 12:00:00 AM,Northeast,"THEFT-GRAND ($950.01 & OVER)EXCPT,GUNS,FOWL,LIVESTK,PROD",34.134,-118.209,0
03/11/2020 12:00:00 AM,Van Nuys,THEFT OF IDENTITY,34.1464,-118.4213,0
04/13/2020 12:00:00 AM,Northeast,INTIMATE PARTNER - SIMPLE ASSAULT,34.0981,-118.2994,0
09/08/2020 12:00:00 AM,Rampart,"ASSAULT WITH DEADLY WEAPON, AGGRAVATED ASSAULT",34.055,-118.2735,0
10/14/2020 12:00:00 AM,Hollenbeck,BATTERY - SIMPLE ASSAULT,34.0145,-118.2002,0
04/02/2020 12:00:00 AM,Northeast,VEHICLE - STOLEN,34.0913,-118.2136,0
03/04/2020 12:00:00 AM,West Valley,OTHER MISCELLANEOUS CRIME,34.1993,-118.5386,0
09/23/2020 12:00:00 AM,Northeast,THEFT FROM MOTOR VEHICLE - GRAND ($950.01 AND OVER),34.1375,-118.2174,0
12/10/2020 12:00:00 AM,Hollywood,"VANDALISM - FELONY ($400 & OVER, ALL CHURCH VANDALISMS)",34.1052,-118.3333,0
06/27/2020 12:00:00 AM,Wilshire,THEFT FROM MOTOR VEHICLE - PETTY ($950 & UNDER),34.0495,-118.3215,0
02/21/2020 12:00:00 AM,Northeast,THEFT FROM MOTOR VEHICLE - GRAND ($950.01 AND OVER),34.1148,-118.1826,0
02/03/2020 12:00:00 AM,West Valley,BURGLARY,34.146,-118.4853,0
08/08/2020 12:00:00 AM,Northeast,BURGLARY,34.1003,-118.2592,0
04/03/2020 12:00:00 AM,Wilshire,BURGLARY,34.0835,-118.3734,0
02/03/2020 12:00:00 AM,West Valley,OTHER MISCELLANEOUS CRIME,34.1954,-118.5577,0
11/22/2020 12:00:00 AM,Rampart,ATTEMPTED ROBBERY,34.0507,-118.2643,0
01/02/2020 12:00:00 AM,77th Street,THEFT PLAIN - PETTY ($950 & UNDER),33.9863,-118.2881,0
03/09/2020 12:00:00 AM,West Valley,BURGLARY FROM VEHICLE,34.1707,-118.5408,0
01/05/2020 12:00:00 AM,West LA,VANDALISM - MISDEAMEANOR ($399 OR UNDER),34.0621,-118.4428,0
04/21/2020 12:00:00 AM,Central,ROBBERY,34.0437,-118.2582,0
10/21/2020 12:00:00 AM,Southwest,VEHICLE - STOLEN,34.02,-118.3089,0
08/17/2020 12:00:00 AM,Wilshire,"ASSAULT WITH DEADLY WEAPON, AGGRAVATED ASSAULT",34.0509,-118.3635,0
09/08/2020 12:00:00 AM,Hollenbeck,BATTERY - SIMPLE ASSAULT,34.0571,-118.2084,0
05/30/2020 12:00:00 AM,Wilshire,ASSAULT WITH DEADLY WEAPON ON POLICE OFFICER,34.0761,-118.3614,0
05/03/2020 12:00:00 AM,Central,EXTORTION,34.0433,-118.2377,0
05/12/2020 12:00:00 AM,Southwest,INTIMATE PARTNER - SIMPLE ASSAULT,34.0312,-118.3259,0
01/21/2020 12:00:00 AM,Hollywood,VEHICLE - STOLEN,34.0987,-118.3337,0
04/21/2020 12:00:00 AM,West LA,BURGLARY,34.0475,-118.4763,0
04/16/2020 12:00:00 AM,Hollywood,"VANDALISM - FELONY ($400 & OVER, ALL CHURCH VANDALISMS)",34.0944,-118.3528,0
12/12/2020 12:00:00 AM,77th Street,"ASSAULT WITH DEADLY WEAPON, AGGRAVATED ASSAULT",33.9921,-118.3108,0
11/29/2020 12:00:00 AM,Central,"VANDALISM - FELONY ($400 & OVER, ALL CHURCH VANDALISMS)",34.0487,-118.2627,0
04/24/2020 12:00:00 AM,Harbor,BRANDISH WEAPON,33.8365,-118.3092,0
07/04/2020 12:00:00 AM,Rampart,BURGLARY,34.0719,-118.2537,0
01/23/2020 12:00:00 AM,Rampart,INDECENT EXPOSURE,34.0887,-118.2869,0
11/13/2020 12:00:00 AM,Northeast,VEHICLE - STOLEN,34.1138,-118.1798,0
03/25/2020 12:00:00 AM,Rampart,THEFT FROM MOTOR VEHICLE - PETTY ($950 & UNDER),34.079,-118.298,0
04/02/2020 12:00:00 AM,77th Street,BURGLARY FROM VEHICLE,33.9693,-118.285,0
06/24/2020 12:00:00 AM,Wilshire,VEHICLE - STOLEN,34.0344,-118.3631,0
01/27/2020 12:00:00 AM,Hollywood,THEFT OF IDENTITY,34.0835,-118.3299,0
01/17/2020 12:00:00 AM,Northeast,BURGLARY FROM VEHICLE,34.1126,-118.179,0
09/12/2020 12:00:00 AM,Southwest,THEFT FROM MOTOR VEHICLE - PETTY ($950 & UNDER),34.0046,-118.3222,0
06/22/2020 12:00:00 AM,Central,OTHER ASSAULT,34.0483,-118.2631,0
06/10/2020 12:00:00 AM,West LA,THEFT OF IDENTITY,34.1128,-118.4326,0
06/16/2020 12:00:00 AM,Hollywood,BATTERY - SIMPLE ASSAULT,34.1016,-118.3387,0
02/10/2020 12:00:00 AM,Northeast,BATTERY - SIMPLE ASSAULT,34.1056,-118.2008,0
06/06/2020 12:00:00 AM,Van Nuys,VANDALISM - MISDEAMEANOR ($399 OR UNDER),34.1721,-118.4225,0
02/20/2020 12:00:00 AM,Hollenbeck,THEFT FROM MOTOR VEHICLE - PETTY ($950 & UNDER),34.0788,-118.2196,0
12/10/2020 12:00:00 AM,77th Street,INTIMATE PARTNER - SIMPLE ASSAULT,33.9806,-118.3323,0
02/09/2020 12:00:00 AM,West Valley,THEFT FROM MOTOR VEHICLE - PETTY ($950 & UNDER),34.2066,-118.5579,0
11/15/2020 12:00:00 AM,Central,BIKE - STOLEN,34.0395,-118.2604,0
02/16/2020 12:00:00 AM,Newton,BATTERY - SIMPLE ASSAULT,34.0272,-118.2565,0
05/10/2020 12:00:00 AM,Van Nuys,VANDALISM - MISDEAMEANOR ($399 OR UNDER),34.1976,-118.4443,0
06/06/2020 12:00:00 AM,Rampart,CRIMINAL THREATS - NO WEAPON DISPLAYED,34.0629,-118.254,0
10/26/2020 12:00:00 AM,Wilshire,BATTERY - SIMPLE ASSAULT,34.0726,-118.3463,0
04/03/2020 12:00:00 AM,Central,THEFT PLAIN - PETTY ($950 & UNDER),34.0468,-118.2415,0
11/01/2020 12:00:00 AM,77th Street,BRANDISH WEAPON,33.9916,-118.3002,0
08/02/2020 12:00:00 AM,Southwest,VEHICLE - STOLEN,34.0055,-118.3171,0
07/31/2020 12:00:00 AM,Hollenbeck,ATTEMPTED ROBBERY,34.0248,-118.1956,0
02/18/2020 12:00:00 AM,Southwest,INTIMATE PARTNER - AGGRAVATED ASSAULT,34.0073,-118.2969,0
06/12/2020 12:00:00 AM,West LA,BURGLARY FROM VEHICLE,34.0476,-118.4255,0
11/18/2020 12:00:00 AM,Hollywood,BURGLARY FROM VEHICLE,34.1007,-118.3494,0
02/24/2020 12:00:00 AM,West Valley,"BUNCO, GRAND THEFT",34.2023,-118.5473,0
01/24/2020 12:00:00 AM,West Valley,"BUNCO, PETTY THEFT",34.1775,-118.5338,0
06/17/2020 12:00:00 AM,77th Street,"VANDALISM - FELONY ($400 & OVER, ALL CHURCH VANDALISMS)",33.9819,-118.287,0
01/20/2020 12:00:00 AM,Hollywood,"THEFT, PERSON",34.1036,-118.3049,0
12/21/2020 12:00:00 AM,Central,THEFT FROM MOTOR VEHICLE - PETTY ($950 & UNDER),34.0469,-118.2569,0
02/25/2020 12:00:00 AM,Central,BURGLARY FROM VEHICLE,34.0617,-118.2469,0
08/03/2020 12:00:00 AM,West Valley,"BURGLARY, ATTEMPTED",34.1903,-118.5244,0
03/06/2020 12:00:00 AM,Central,INTIMATE PARTNER - SIMPLE ASSAULT,34.0452,-118.2534,0
08/20/2020 12:00:00 AM,Central,INTIMATE PARTNER - SIMPLE ASSAULT,34.0449,-118.2458,0
01/08/2020 12:00:00 AM,Wilshire,INTIMATE PARTNER - SIMPLE ASSAULT,34.0516,-118.3219,0
12/18/2020 12:00:00 AM,Wilshire,THEFT FROM MOTOR VEHICLE - GRAND ($950.01 AND OVER),34.0689,-118.3408,0
09/13/2020 12:00:00 AM,Wilshire,ROBBERY,34.0789,-118.326,0
02/21/2020 12:00:00 AM,Northeast,BURGLARY FROM VEHICLE,34.0917,-118.2741,0
01/07/2020 12:00:00 AM,Hollywood,INTIMATE PARTNER - SIMPLE ASSAULT,34.0864,-118.3059,0
09/20/2020 12:00:00 AM,Rampart,BRANDISH WEAPON,34.0506,-118.2769,0
08/07/2020 12:00:00 AM,Van Nuys,VANDALISM - MISDEAMEANOR ($399 OR UNDER),34.1903,-118.4574,0
03/06/2020 12:00:00 AM,Hollywood,ATTEMPTED ROBBERY,34.0944,-118.318,0
02/22/2020 12:00:00 AM,Van Nuys,SHOPLIFTING - PETTY THEFT ($950 & UNDER),34.1576,-118.438,0
07/09/2020 12:00:00 AM,Hollywood,THEFT PLAIN - PETTY ($950 & UNDER),34.0938,-118.3153,0
07/05/2020 12:00:00 AM,Hollywood,THEFT OF IDENTITY,34.1052,-118.3322,0
01/26/2020 12:00:00 AM,Harbor,INTIMATE PARTNER - SIMPLE ASSAULT,33.7827,-118.2976,0
07/25/2020 12:00:00 AM,Northeast,CRIMINAL THREATS - NO WEAPON DISPLAYED,34.1268,-118.1887,0
03/10/2020 12:00:00 AM,West Valley,BURGLARY FROM VEHICLE,34.2047,-118.5531,0
02/13/2020 12:00:00 AM,Hollywood,INTIMATE PARTNER - SIMPLE ASSAULT,34.0908,-118.3179,0
10/28/2020 12:00:00 AM,Hollywood,"BUNCO, PETTY THEFT",34.0981,-118.3005,0
11/06/2020 12:00:00 AM,Harbor,BURGLARY,33.7255,-118.315,0
12/11/2020 12:00:00 AM,Hollenbeck,"VANDALISM - FELONY ($400 & OVER, ALL CHURCH VANDALISMS)",34.0646,-118.2018,0
05/20/2020 12:00:00 AM,Southwest,BATTERY - SIMPLE ASSAULT,34.0073,-118.298,0
03/27/2020 12:00:00 AM,West Valley,"ASSAULT WITH DEADLY WEAPON, AGGRAVATED ASSAULT",34.1886,-118.5197,0
07/11/2020 12:00:00 AM,77th Street,INTIMATE PARTNER - SIMPLE ASSAULT,33.9762,-118.3084,0
02/03/2020 12:00:00 AM,Harbor,VEHICLE - STOLEN,33.7813,-118.2609,0
10/11/2020 12:00:00 AM,West Valley,BURGLARY FROM VEHICLE,34.2146,-118.5317,0
03/25/2020 12:00:00 AM,Van Nuys,"VANDALISM - FELONY ($400 & OVER, ALL CHURCH VANDALISMS)",34.2084,-118.4599,0
08/05/2020 12:00:00 AM,Hollywood,BATTERY - SIMPLE ASSAULT,34.1038,-118.3151,0
06/03/2020 12:00:00 AM,Rampart,"THEFT-GRAND ($950.01 & OVER)EXCPT,GUNS,FOWL,LIVESTK,PROD",34.0517,-118.2663,0
07/11/2020 12:00:00 AM,Van Nuys,THEFT FROM MOTOR VEHICLE - PETTY ($950 & UNDER),34.1994,-118.4399,0
02/11/2020 12:00:00 AM,Central,BATTERY - SIMPLE ASSAULT,34.0495,-118.2494,0
10/31/2020 12:00:00 AM,West Valley,INTIMATE PARTNER - SIMPLE ASSAULT,34.192,-118.4749,0
03/10/2020 12:00:00 AM,Southwest,THEFT OF IDENTITY,34.0355,-118.2965,0
06/23/2020 12:00:00 AM,Rampart,BURGLARY,34.068,-118.2517,0
04/15/2020 12:00:00 AM,Newton,"VANDALISM - FELONY ($400 & OVER, ALL CHURCH VANDALISMS)",34.0247,-118.2392,0
11/24/2020 12:00:00 AM,Newton,BRANDISH WEAPON,34.0038,-118.2744,0
03/04/2020 12:00:00 AM,West LA,SHOPLIFTING - PETTY THEFT ($950 & UNDER),34.0425,-118.3818,0
05/22/2020 12:00:00 AM,Van Nuys,THEFT PLAIN - PETTY ($950 & UNDER),34.1903,-118.4367,0
10/21/2020 12:00:00 AM,Central,VEHICLE - STOLEN,34.0488,-118.25,0
12/05/2020 12:00:00 AM,77th Street,THEFT FROM MOTOR VEHICLE - PETTY ($950 & UNDER),33.9624,-118.2801,0
09/11/2020 12:00:00 AM,Rampart,BATTERY - SIMPLE ASSAULT,34.079,-118.2956,0
11/29/2020 12:00:00 AM,West LA,THEFT PLAIN - PETTY ($950 & UNDER),34.039,-118.4682,0
01/28/2020 12:00:00 AM,Hollenbeck,BATTERY - SIMPLE ASSAULT,34.0874,-118.2023,0
04/21/2020 12:00:00 AM,Hollywood,THEFT PLAIN - PETTY ($950 & UNDER),34.0962,-118.349,0
05/09/2020 12:00:00 AM,Northeast,CRIMINAL THREATS - NO WEAPON DISPLAYED,34.0909,-118.2893,0
10/04/2020 12:00:00 AM,Wilshire,"VANDALISM - FELONY ($400 & OVER, ALL CHURCH VANDALISMS)",34.0837,-118.3533,0
09/30/2020 12:00:00 AM,Rampart,FAILURE TO YIELD,34.0703,-118.268,0
09/25/2020 12:00:00 AM,Van Nuys,INTIMATE PARTNER - SIMPLE ASSAULT,34.1814,-118.4263,0
08/20/2020 12:00:00 AM,Central,CRIMINAL THREATS - NO WEAPON DISPLAYED,34.0363,-118.2573,0
04/02/2020 12:00:00 AM,77th Street,THEFT PLAIN - PETTY ($950 & UNDER),33.9872,-118.333,0
06/09/2020 12:00:00 AM,Rampart,VEHICLE - STOLEN,34.0751,-118.2717,0
02/06/2020 12:00:00 AM,77th Street,BATTERY - SIMPLE ASSAULT,33.9647,-118.2695,0
05/27/2020 12:00:00 AM,Hollywood,"EMBEZZLEMENT, GRAND THEFT ($950.01 & OVER)",34.0998,-118.3223,0
04/23/2020 12:00:00 AM,Harbor,"VANDALISM - FELONY ($400 & OVER, ALL CHURCH VANDALISMS)",33.7938,-118.2999,0
05/19/2020 12:00:00 AM,Northeast,THEFT FROM MOTOR VEHICLE - GRAND ($950.01 AND OVER),34.1367,-118.2116,0
01/29/2020 12:00:00 AM,Rampart,BATTERY - SIMPLE ASSAULT,34.0656,-118.2652,0
01/11/2020 12:00:00 AM,West LA,"THEFT-GRAND ($950.01 & OVER)EXCPT,GUNS,FOWL,LIVESTK,PROD",34.0485,-118.4657,0
09/28/2020 12:00:00 AM,Northeast,BATTERY - SIMPLE ASSAULT,34.1174,-118.1861,0
12/06/2020 12:00:00 AM,77th Street,VANDALISM - MISDEAMEANOR ($399 OR UNDER),33.9978,-118.2964,0
11/04/2020 12:00:00 AM,Wilshire,BURGLARY FROM VEHICLE,34.0342,-118.3589,0
08/14/2020 12:00:00 AM,Hollenbeck,THEFT FROM MOTOR VEHICLE - PETTY ($950 & UNDER),34.0347,-118.2253,0
08/25/2020 12:00:00 AM,Rampart,THEFT OF IDENTITY,34.0887,-118.2892,0
08/20/2020 12:00:00 AM,West LA,"VANDALISM - FELONY ($400 & OVER, ALL CHURCH VANDALISMS)",34.0553,-118.3884,0
01/24/2020 12:00:00 AM,Newton,BURGLARY,33.9779,-118.2681,0
03/15/2020 12:00:00 AM,Harbor,BURGLARY,33.8102,-118.3086,0
03/07/2020 12:00:00 AM,Central,"THEFT-GRAND ($950.01 & OVER)EXCPT,GUNS,FOWL,LIVESTK,PROD",34.0445,-118.2523,0
02/10/2020 12:00:00 AM,Southwest,BIKE - STOLEN,34.0328,-118.2864,0
07/21/2020 12:00:00 AM,Central,INTIMATE PARTNER - AGGRAVATED ASSAULT,34.0417,-118.2656,0
12/02/2020 12:00:00 AM,West Valley,VEHICLE - STOLEN,34.1693,-118.5184,0
02/07/2020 12:00:00 AM,77th Street,INTIMATE PARTNER - SIMPLE ASSAULT,33.9746,-118.3078,0
10/06/2020 12:00:00 AM,Hollenbeck,THEFT PLAIN - PETTY ($950 & UNDER),34.034,-118.1944,0
08/28/2020 12:00:00 AM,Rampart,"BUNCO, GRAND THEFT",34.0565,-118.2724,0
03/18/2020 12:00:00 AM,Newton,BURGLARY,33.977,-118.2652,0
03/07/2020 12:00:00 AM,Hollywood,VANDALISM - MISDEAMEANOR ($399 OR UNDER),34.0908,-118.3046,0
10/23/2020 12:00:00 AM,Rampart,VEHICLE - STOLEN,34.0693,-118.2687,0
03/13/2020 12:00:00 AM,West LA,THEFT PLAIN - PETTY ($950 & UNDER),34.0474,-118.3774,0
05/11/2020 12:00:00 AM,West LA,BIKE - STOLEN,34.035,-118.4428,0
01/01/2020 12:00:00 AM,Southwest,SHOPLIFTING - PETTY THEFT ($950 & UNDER),34.0146,-118.313,0
07/05/2020 12:00:00 AM,Harbor,VIOLATION OF COURT ORDER,33.7819,-118.2526,0
06/27/2020 12:00:00 AM,Northeast,"LETTERS, LEWD  -  TELEPHONE CALLS, LEWD",34.1293,-118.219,0
12/14/2020 12:00:00 AM,Hollywood,SHOPLIFTING - PETTY THEFT ($950 & UNDER),34.0835,-118.3266,0
04/07/2020 12:00:00 AM,77th Street,VEHICLE - STOLEN,33.9863,-118.2881,0
09/14/2020 12:00:00 AM,Southwest,VANDALISM - MISDEAMEANOR ($399 OR UNDER),34.0369,-118.2776,0
07/16/2020 12:00:00 AM,Southwest,CHILD NEGLECT (SEE 300 W.I.C.),34.0336,-118.3441,0
05/13/2020 12:00:00 AM,Rampart,THEFT FROM MOTOR VEHICLE - PETTY ($950 & UNDER),34.0632,-118.2771,0
10/16/2020 12:00:00 AM,Northeast,SHOPLIFTING - PETTY THEFT ($950 & UNDER),34.1148,-118.1824,0
06/09/2020 12:00:00 AM,Wilshire,THEFT FROM MOTOR VEHICLE - PETTY ($950 & UNDER),34.0761,-118.3658,0
01/01/2020 12:00:00 AM,West Valley,BURGLARY FROM VEHICLE,34.1894,-118.5142,0
11/27/2020 12:00:00 AM,77th Street,VEHICLE - STOLEN,33.9418,-118.3102,0
05/10/2020 12:00:00 AM,Southwest,INTIMATE PARTNER - SIMPLE ASSAULT,34.0237,-118.3442,0
03/21/2020 12:00:00 AM,Northeast,TRESPASSING,34.0726,-118.2447,0
07/24/2020 12:00:00 AM,Southwest,THEFT PLAIN - PETTY ($950 & UNDER),34.0199,-118.3062,0
01/18/2020 12:00:00 AM,Hollenbeck,"THEFT-GRAND ($950.01 & OVER)EXCPT,GUNS,FOWL,LIVESTK,PROD",34.0466,-118.2174,0
05/24/2020 12:00:00 AM,Rampart,INTIMATE PARTNER - SIMPLE ASSAULT,34.0394,-118.2783,0
05/01/2020 12:00:00 AM,Rampart,BURGLARY FROM VEHICLE,34.058,-118.2715,0
01/27/2020 12:00:00 AM,Southwest,"BUNCO, PETTY THEFT",34.0073,-118.3013,0
03/22/2020 12:00:00 AM,Hollenbeck,VEHICLE - STOLEN,34.0188,-118.1995,0
03/23/2020 12:00:00 AM,Northeast,CRIMINAL THREATS - NO WEAPON DISPLAYED,34.1074,-118.1978,0
11/08/2020 12:00:00 AM,Hollenbeck,THEFT PLAIN - PETTY ($950 & UNDER),34.0473,-118.2,0
02/28/2020 12:00:00 AM,Wilshire,SHOPLIFTING - ATTEMPT,34.0761,-118.3563,0
04/05/2020 12:00:00 AM,Hollenbeck,THEFT OF IDENTITY,34.0396,-118.214,0
12/26/2020 12:00:00 AM,77th Street,"VANDALISM - FELONY ($400 & OVER, ALL CHURCH VANDALISMS)",33.9746,-118.326,0
05/21/2020 12:00:00 AM,West Valley,INTIMATE PARTNER - AGGRAVATED ASSAULT,34.1944,-118.5486,0
01/02/2020 12:00:00 AM,Hollywood,THEFT PLAIN - PETTY ($950 & UNDER),34.1017,-118.3107,0
04/17/2020 12:00:00 AM,Northeast,BURGLARY FROM VEHICLE,34.117,-118.2717,0
11/21/2020 12:00:00 AM,West LA,THEFT FROM MOTOR VEHICLE - GRAND ($950.01 AND OVER),34.0539,-118.4281,0
08/11/2020 12:00:00 AM,77th Street,BRANDISH WEAPON,33.9842,-118.2856,0
11/23/2020 12:00:00 AM,West LA,"BURGLARY, ATTEMPTED",34.0668,-118.4573,0
01/11/2020 12:00:00 AM,Newton,CRIMINAL THREATS - NO WEAPON DISPLAYED,33.9816,-118.2652,0
06/01/2020 12:00:00 AM,Rampart,EXTORTION,34.0601,-118.2761,0
07/23/2020 12:00:00 AM,77th Street,THEFT PLAIN - PETTY ($950 & UNDER),33.964,-118.2739,0
01/31/2020 12:00:00 AM,77th Street,"VANDALISM - FELONY ($400 & OVER, ALL CHURCH VANDALISMS)",33.9737,-118.2739,0
12/08/2020 12:00:00 AM,77th Street,CRIMINAL HOMICIDE,33.9931,-118.3282,0
11/23/2020 12:00:00 AM,Hollywood,BATTERY - SIMPLE ASSAULT,34.0889,-118.3288,0
12/04/2020 12:00:00 AM,77th Street,INTIMATE PARTNER - SIMPLE ASSAULT,33.9763,-118.3338,0
12/31/2020 12:00:00 AM,Hollywood,CRIMINAL THREATS - NO WEAPON DISPLAYED,34.0835,-118.331,0
04/23/2020 12:00:00 AM,Southwest,VEHICLE - STOLEN,33.9963,-118.3182,0
03/31/2020 12:00:00 AM,77th Street,OTHER MISCELLANEOUS CRIME,33.9806,-118.3024,0
05/10/2020 12:00:00 AM,West LA,THEFT FROM MOTOR VEHICLE - PETTY ($950 & UNDER),34.0429,-118.4661,0
08/20/2020 12:00:00 AM,Northeast,THEFT FROM MOTOR VEHICLE - PETTY ($950 & UNDER),34.0832,-118.2572,0
05/30/2020 12:00:00 AM,77th Street,VEHICLE - STOLEN,33.9983,-118.3068,0
11/19/2020 12:00:00 AM,Southwest,OTHER MISCELLANEOUS CRIME,34.0255,-118.3495,0
06/30/2020 12:00:00 AM,77th Street,ROBBERY,33.9618,-118.3068,0
12/07/2020 12:00:00 AM,Central,VEHICLE - STOLEN,34.0472,-118.2326,0
07/01/2020 12:00:00 AM,Central,"ASSAULT WITH DEADLY WEAPON, AGGRAVATED ASSAULT",34.0363,-118.2672,0
07/13/2020 12:00:00 AM,Northeast,"EMBEZZLEMENT, GRAND THEFT ($950.01 & OVER)",34.1,-118.2874,0
11/17/2020 12:00:00 AM,Rampart,OTHER MISCELLANEOUS CRIME,34.0523,-118.2699,0
03/25/2020 12:00:00 AM,Hollywood,ROBBERY,34.1017,-118.3093,0
10/09/2020 12:00:00 AM,77th Street,SHOTS FIRED AT INHABITED DWELLING,33.9953,-118.2909,0
12/23/2020 12:00:00 AM,77th Street,VEHICLE - STOLEN,33.9637,-118.2695,0
03/14/2020 12:00:00 AM,West Valley,THEFT PLAIN - PETTY ($950 & UNDER),34.1623,-118.4814,0
07/07/2020 12:00:00 AM,West Valley,THEFT OF IDENTITY,34.1968,-118.4821,0
11/05/2020 12:00:00 AM,Van Nuys,VIOLATION OF RESTRAINING ORDER,34.2083,-118.4706,0
01/10/2020 12:00:00 AM,Newton,"THEFT-GRAND ($950.01 & OVER)EXCPT,GUNS,FOWL,LIVESTK,PROD",34.0038,-118.2784,0
11/06/2020 12:00:00 AM,Hollywood,"VANDALISM - FELONY ($400 & OVER, ALL CHURCH VANDALISMS)",34.1201,-118.3223,0
03/29/2020 12:00:00 AM,West LA,SHOPLIFTING - PETTY THEFT ($950 & UNDER),34.0521,-118.3864,0
06/22/2020 12:00:00 AM,Van Nuys,BURGLARY,34.1517,-118.4531,0
08/21/2020 12:00:00 AM,Rampart,"VANDALISM - FELONY ($400 & OVER, ALL CHURCH VANDALISMS)",34.0777,-118.2961,0
12/12/2020 12:00:00 AM,West Valley,INTIMATE PARTNER - SIMPLE ASSAULT,34.2128,-118.5263,0
06/26/2020 12:00:00 AM,Harbor,"VANDALISM - FELONY ($400 & OVER, ALL CHURCH VANDALISMS)",33.8583,-118.2994,0
05/04/2020 12:00:00 AM,77th Street,VEHICLE - STOLEN,33.9693,-118.285,0
07/01/2020 12:00:00 AM,Central,BURGLARY,34.0498,-118.24,0
03/18/2020 12:00:00 AM,Southwest,"ASSAULT WITH DEADLY WEAPON, AGGRAVATED ASSAULT",34.0325,-118.3509,0
05/16/2020 12:00:00 AM,West LA,VEHICLE - STOLEN,34.0553,-118.3878,0
02/05/2020 12:00:00 AM,Newton,"VANDALISM - FELONY ($400 & OVER, ALL CHURCH VANDALISMS)",34.0219,-118.2571,0
02/06/2020 12:00:00 AM,Northeast,BURGLARY FROM VEHICLE,34.0808,-118.2481,0
02/26/2020 12:00:00 AM,Rampart,VEHICLE - STOLEN,34.0635,-118.2554,0
04/28/2020 12:00:00 AM,77th Street,"ASSAULT WITH DEADLY WEAPON, AGGRAVATED ASSAULT",33.9997,-118.2849,0
06/26/2020 12:00:00 AM,Northeast,TRESPASSING,34.0935,-118.2866,0
03/02/2020 12:00:00 AM,West Valley,VANDALISM - MISDEAMEANOR ($399 OR UNDER),34.1757,-118.4846,0
08/09/2020 12:00:00 AM,Wilshire,"BUNCO, GRAND THEFT",34.0373,-118.3279,0
11/24/2020 12:00:00 AM,Southwest,INTIMATE PARTNER - SIMPLE ASSAULT,34.0219,-118.376,0
01/09/2020 12:00:00 AM,West Valley,BURGLARY FROM VEHICLE,34.167,-118.5203,0
05/27/2020 12:00:00 AM,Hollenbeck,THEFT FROM MOTOR VEHICLE - PETTY ($950 & UNDER),34.0792,-118.1715,0
09/27/2020 12:00:00 AM,77th Street,BURGLARY,33.9545,-118.3167,0
09/14/2020 12:00:00 AM,Van Nuys,THEFT PLAIN - PETTY ($950 & UNDER),34.1831,-118.4523,0
04/06/2020 12:00:00 AM,Central,"THEFT-GRAND ($950.01 & OVER)EXCPT,GUNS,FOWL,LIVESTK,PROD",34.0461,-118.2461,0
01/19/2020 12:00:00 AM,West LA,BATTERY WITH SEXUAL CONTACT,34.0649,-118.4372,0
08/05/2020 12:00:00 AM,Van Nuys,BURGLARY,34.1867,-118.4144,0
04/03/2020 12:00:00 AM,Newton,BURGLARY FROM VEHICLE,33.9788,-118.2739,0
05/10/2020 12:00:00 AM,Hollywood,THEFT OF IDENTITY,34.0885,-118.3064,0
02/23/2020 12:00:00 AM,West LA,SHOPLIFTING - PETTY THEFT ($950 & UNDER),34.0343,-118.4478,0
06/10/2020 12:00:00 AM,Northeast,CHILD ABUSE (PHYSICAL) - AGGRAVATED ASSAULT,34.1154,-118.1809,0
05/21/2020 12:00:00 AM,Harbor,BURGLARY FROM VEHICLE,33.7798,-118.2656,0
06/11/2020 12:00:00 AM,West Valley,THEFT OF IDENTITY,34.1707,-118.5244,0
08/31/2020 12:00:00 AM,Wilshire,"ASSAULT WITH DEADLY WEAPON, AGGRAVATED ASSAULT",34.0837,-118.3533,0
02/07/2020 12:00:00 AM,Central,BATTERY - SIMPLE ASSAULT,34.0361,-118.2634,0
02/23/2020 12:00:00 AM,Southwest,BATTERY - SIMPLE ASSAULT,34.0093,-118.3078,0
07/26/2020 12:00:00 AM,West LA,TRESPASSING,34.0336,-118.4552,0
04/06/2020 12:00:00 AM,West Valley,THEFT OF IDENTITY,34.1867,-118.4836,0
11/12/2020 12:00:00 AM,Hollywood,BURGLARY,34.0862,-118.3051,0
01/13/2020 12:00:00 AM,Southwest,BIKE - STOLEN,34.0037,-118.3089,0
01/26/2020 12:00:00 AM,Northeast,BURGLARY FROM VEHICLE,34.1111,-118.2918,0
05/11/2020 12:00:00 AM,Harbor,THEFT FROM MOTOR VEHICLE - PETTY ($950 & UNDER),33.7415,-118.2857,0
11/13/2020 12:00:00 AM,Northeast,DISCHARGE FIREARMS/SHOTS FIRED,34.1199,-118.2431,0
12/09/2020 12:00:00 AM,Rampart,VEHICLE - STOLEN,34.0554,-118.2702,0
04/29/2020 12:00:00 AM,Van Nuys,BATTERY POLICE (SIMPLE),34.1827,-118.4465,0
11/28/2020 12:00:00 AM,Van Nuys,SODOMY/SEXUAL CONTACT B/W PENIS OF ONE PERS TO ANUS OTH,34.2085,-118.4586,0
12/11/2020 12:00:00 AM,Northeast,CRIMINAL THREATS - NO WEAPON DISPLAYED,34.1008,-118.2666,0
04/09/2020 12:00:00 AM,Rampart,"VANDALISM - FELONY ($400 & OVER, ALL CHURCH VANDALISMS)",34.0621,-118.2747,0
10/11/2020 12:00:00 AM,Central,INTIMATE PARTNER - AGGRAVATED ASSAULT,34.0478,-118.2475,0
11/20/2020 12:00:00 AM,Van Nuys,"VANDALISM - FELONY ($400 & OVER, ALL CHURCH VANDALISMS)",34.1721,-118.4487,0
06/09/2020 12:00:00 AM,77th Street,"VANDALISM - FELONY ($400 & OVER, ALL CHURCH VANDALISMS)",33.9747,-118.2827,0
03/28/2020 12:00:00 AM,Wilshire,THEFT FROM MOTOR VEHICLE - PETTY ($950 & UNDER),34.0817,-118.3627,0
12/01/2020 12:00:00 AM,West LA,THEFT FROM MOTOR VEHICLE - PETTY ($950 & UNDER),34.0514,-118.5189,0
02/09/2020 12:00:00 AM,West Valley,"ASSAULT WITH DEADLY WEAPON, AGGRAVATED ASSAULT",34.2012,-118.4793,0
08/03/2020 12:00:00 AM,West Valley,THEFT PLAIN - PETTY ($950 & UNDER),34.1447,-118.4733,0
03/05/2020 12:00:00 AM,West LA,THEFT PLAIN - PETTY ($950 & UNDER),34.0524,-118.4248,0
06/12/2020 12:00:00 AM,Van Nuys,THEFT FROM MOTOR VEHICLE - PETTY ($950 & UNDER),34.194,-118.4268,0
05/15/2020 12:00:00 AM,Southwest,BATTERY - SIMPLE ASSAULT,34.0054,-118.2827,0
03/28/2020 12:00:00 AM,Van Nuys,BURGLARY FROM VEHICLE,34.1721,-118.44,0
05/22/2020 12:00:00 AM,Northeast,BURGLARY FROM VEHICLE,34.093,-118.2397,0
02/03/2020 12:00:00 AM,Southwest,INTIMATE PARTNER - SIMPLE ASSAULT,34.0137,-118.3435,0
03/14/2020 12:00:00 AM,Rampart,"THEFT-GRAND ($950.01 & OVER)EXCPT,GUNS,FOWL,LIVESTK,PROD",34.0591,-118.2542,0
02/08/2020 12:00:00 AM,West LA,CHILD ABUSE (PHYSICAL) - SIMPLE ASSAULT,34.0471,-118.5131,0
03/06/2020 12:00:00 AM,West Valley,THEFT OF IDENTITY,34.1866,-118.5535,0
03/18/2020 12:00:00 AM,West Valley,BURGLARY FROM VEHICLE,34.1774,-118.5387,0
09/02/2020 12:00:00 AM,Wilshire,VEHICLE - STOLEN,34.0692,-118.3472,0
10/18/2020 12:00:00 AM,Hollenbeck,VEHICLE - STOLEN,34.0721,-118.2213,0
03/04/2020 12:00:00 AM,Van Nuys,THEFT FROM MOTOR VEHICLE - PETTY ($950 & UNDER),34.1667,-118.4662,0
12/09/2020 12:00:00 AM,Rampart,BRANDISH WEAPON,34.0644,-118.2699,0
03/17/2020 12:00:00 AM,Central,ROBBERY,34.0467,-118.2556,0
07/01/2020 12:00:00 AM,77th Street,"ASSAULT WITH DEADLY WEAPON, AGGRAVATED ASSAULT",33.9923,-118.292,0
08/09/2020 12:00:00 AM,77th Street,VEHICLE - STOLEN,33.9778,-118.2937,0
08/19/2020 12:00:00 AM,Van Nuys,INTIMATE PARTNER - SIMPLE ASSAULT,34.1757,-118.4662,0
09/25/2020 12:00:00 AM,Hollywood,BURGLARY,34.1016,-118.3452,0
01/13/2020 12:00:00 AM,Southwest,"VANDALISM - FELONY ($400 & OVER, ALL CHURCH VANDALISMS)",34.0163,-118.3524,0
02/23/2020 12:00:00 AM,Hollywood,"THEFT, PERSON",34.1034,-118.3325,0
06/04/2020 12:00:00 AM,Harbor,BATTERY - SIMPLE ASSAULT,33.798,-118.2604,0
08/03/2020 12:00:00 AM,Central,BRANDISH WEAPON,34.045,-118.2435,0
02/03/2020 12:00:00 AM,Northeast,THEFT OF IDENTITY,34.1228,-118.2088,0
04/27/2020 12:00:00 AM,Hollywood,THEFT OF IDENTITY,34.1185,-118.3429,0
07/25/2020 12:00:00 AM,Hollywood,BURGLARY FROM VEHICLE,34.1017,-118.3072,0
06/30/2020 12:00:00 AM,Wilshire,INTIMATE PARTNER - SIMPLE ASSAULT,34.0704,-118.3511,0
01/22/2020 12:00:00 AM,West LA,TRESPASSING,34.0473,-118.4206,0
03/23/2020 12:00:00 AM,77th Street,"BUNCO, PETTY THEFT",33.9811,-118.287,0
09/14/2020 12:00:00 AM,Central,"VANDALISM - FELONY ($400 & OVER, ALL CHURCH VANDALISMS)",34.0483,-118.2631,0
09/30/2020 12:00:00 AM,77th Street,BURGLARY FROM VEHICLE,33.9897,-118.3071,0
09/23/2020 12:00:00 AM,Hollenbeck,"VANDALISM - FELONY ($400 & OVER, ALL CHURCH VANDALISMS)",34.0772,-118.2173,0
03/11/2020 12:00:00 AM,Central,BURGLARY FROM VEHICLE,34.0461,-118.2395,0
04/03/2020 12:00:00 AM,Newton,VIOLATION OF RESTRAINING ORDER,33.9984,-118.2478,0
03/13/2020 12:00:00 AM,77th Street,VANDALISM - MISDEAMEANOR ($399 OR UNDER),33.9838,-118.3079,0
04/28/2020 12:00:00 AM,Central,"ASSAULT WITH DEADLY WEAPON, AGGRAVATED ASSAULT",34.0421,-118.2469,0
12/23/2020 12:00:00 AM,77th Street,INTIMATE PARTNER - AGGRAVATED ASSAULT,33.9634,-118.2827,0
07/30/2020 12:00:00 AM,Hollywood,ATTEMPTED ROBBERY,34.098,-118.35,0
01/11/2020 12:00:00 AM,Central,"ASSAULT WITH DEADLY WEAPON, AGGRAVATED ASSAULT",34.0454,-118.236,0
02/23/2020 12:00:00 AM,Newton,"VANDALISM - FELONY ($400 & OVER, ALL CHURCH VANDALISMS)",34.0289,-118.2686,0
11/19/2020 12:00:00 AM,Hollenbeck,"BURGLARY, ATTEMPTED",34.078,-118.2181,0
12/07/2020 12:00:00 AM,77th Street,THEFT FROM MOTOR VEHICLE - PETTY ($950 & UNDER),33.9669,-118.2803,0
01/02/2020 12:00:00 AM,Harbor,THEFT OF IDENTITY,33.8046,-118.264,0
11/26/2020 12:00:00 AM,Hollenbeck,INTIMATE PARTNER - SIMPLE ASSAULT,34.0415,-118.2112,0
10/05/2020 12:00:00 AM,Wilshire,VEHICLE - STOLEN,34.0418,-118.3237,0
11/20/2020 12:00:00 AM,Van Nuys,"ASSAULT WITH DEADLY WEAPON, AGGRAVATED ASSAULT",34.1817,-118.4422,0
08/24/2020 12:00:00 AM,77th Street,VEHICLE - STOLEN,33.973,-118.2739,0
03/19/2020 12:00:00 AM,Newton,THEFT PLAIN - PETTY ($950 & UNDER),34.0253,-118.267,0
08/30/2020 12:00:00 AM,Central,THEFT OF IDENTITY,34.042,-118.2485,0
01/29/2020 12:00:00 AM,Harbor,ORAL COPULATION,33.7306,-118.2946,0
09/24/2020 12:00:00 AM,Central,BATTERY - SIMPLE ASSAULT,34.0482,-118.2489,0
10/11/2020 12:00:00 AM,Northeast,VEHICLE - STOLEN,34.0982,-118.2951,0
04/14/2020 12:00:00 AM,77th Street,BURGLARY FROM VEHICLE,33.9965,-118.2827,0
03/10/2020 12:00:00 AM,Hollenbeck,VEHICLE - STOLEN,34.069,-118.1927,0
07/04/2020 12:00:00 AM,Rampart,VEHICLE - STOLEN,34.0623,-118.2607,0
01/18/2020 12:00:00 AM,West LA,THEFT PLAIN - PETTY ($950 & UNDER),34.0341,-118.4525,0
01/30/2020 12:00:00 AM,Rampart,BOMB SCARE,34.0653,-118.2836,0
07/17/2020 12:00:00 AM,Northeast,ROBBERY,34.1359,-118.1885,0
08/25/2020 12:00:00 AM,West LA,ROBBERY,34.0626,-118.4454,0
08/19/2020 12:00:00 AM,Southwest,VANDALISM - MISDEAMEANOR ($399 OR UNDER),34.0169,-118.3472,0
12/02/2020 12:00:00 AM,West Valley,"LETTERS, LEWD  -  TELEPHONE CALLS, LEWD",34.2139,-118.5295,0
09/03/2020 12:00:00 AM,Central,THEFT OF IDENTITY,34.0562,-118.2535,0
12/05/2020 12:00:00 AM,Rampart,DISCHARGE FIREARMS/SHOTS FIRED,34.0609,-118.278,0
07/06/2020 12:00:00 AM,Rampart,"ASSAULT WITH DEADLY WEAPON, AGGRAVATED ASSAULT",34.0609,-118.278,0
10/27/2020 12:00:00 AM,Northeast,BURGLARY,34.1149,-118.2505,0
12/19/2020 12:00:00 AM,West LA,BATTERY - SIMPLE ASSAULT,34.0463,-118.449,0
11/18/2020 12:00:00 AM,77th Street,BURGLARY,33.9387,-118.3134,0
04/09/2020 12:00:00 AM,Hollywood,BURGLARY FROM VEHICLE,34.0998,-118.3489,0
10/03/2020 12:00:00 AM,Northeast,"ASSAULT WITH DEADLY WEAPON, AGGRAVATED ASSAULT",34.0947,-118.2828,0
09/29/2020 12:00:00 AM,West LA,"VANDALISM - FELONY ($400 & OVER, ALL CHURCH VANDALISMS)",34.0472,-118.4475,0
11/18/2020 12:00:00 AM,Central,INTIMATE PARTNER - SIMPLE ASSAULT,34.045,-118.2469,0
01/09/2020 12:00:00 AM,77th Street,CRIMINAL THREATS - NO WEAPON DISPLAYED,33.9613,-118.2915,0
12/17/2020 12:00:00 AM,Hollywood,VEHICLE - STOLEN,34.1088,-118.3215,0
10/23/2020 12:00:00 AM,West LA,THEFT FROM MOTOR VEHICLE - GRAND ($950.01 AND OVER),34.0563,-118.4372,0
07/28/2020 12:00:00 AM,West Valley,THEFT OF IDENTITY,34.1481,-118.5578,0
01/02/2020 12:00:00 AM,Hollywood,BURGLARY,34.098,-118.3517,0
11/03/2020 12:00:00 AM,Rampart,BURGLARY,34.0473,-118.2701,0
12/11/2020 12:00:00 AM,West Valley,BURGLARY,34.1728,-118.5578,0
09/28/2020 12:00:00 AM,Hollenbeck,VEHICLE - STOLEN,34.0188,-118.1965,0
04/10/2020 12:00:00 AM,Harbor,"VANDALISM - FELONY ($400 & OVER, ALL CHURCH VANDALISMS)",33.7845,-118.2975,0
12/25/2020 12:00:00 AM,Van Nuys,"ASSAULT WITH DEADLY WEAPON, AGGRAVATED ASSAULT",34.2024,-118.4433,0
01/04/2020 12:00:00 AM,Southwest,BATTERY - SIMPLE ASSAULT,34.0232,-118.3701,0
10/15/2020 12:00:00 AM,Wilshire,VIOLATION OF COURT ORDER,34.0524,-118.3739,0
12/09/2020 12:00:00 AM,Rampart,"VANDALISM - FELONY ($400 & OVER, ALL CHURCH VANDALISMS)",34.0713,-118.2767,0
07/02/2020 12:00:00 AM,Van Nuys,VEHICLE - STOLEN,34.1939,-118.4479,0
06/11/2020 12:00:00 AM,Southwest,"ASSAULT WITH DEADLY WEAPON, AGGRAVATED ASSAULT",34.0194,-118.3351,0
01/29/2020 12:00:00 AM,Hollenbeck,"THEFT-GRAND ($950.01 & OVER)EXCPT,GUNS,FOWL,LIVESTK,PROD",34.0253,-118.2224,0
02/14/2020 12:00:00 AM,Newton,VANDALISM - MISDEAMEANOR ($399 OR UNDER),33.9922,-118.2521,0
02/10/2020 12:00:00 AM,West Valley,BATTERY - SIMPLE ASSAULT,34.1796,-118.482,0
03/15/2020 12:00:00 AM,West LA,VANDALISM - MISDEAMEANOR ($399 OR UNDER),34.0353,-118.4571,0
02/26/2020 12:00:00 AM,Rampart,BURGLARY,34.0795,-118.2729,0
10/18/2020 12:00:00 AM,Wilshire,CRIMINAL THREATS - NO WEAPON DISPLAYED,34.0747,-118.3563,0
04/22/2020 12:00:00 AM,Hollenbeck,ROBBERY,34.0281,-118.2194,0
09/14/2020 12:00:00 AM,Van Nuys,BURGLARY FROM VEHICLE,34.1684,-118.4586,0
06/02/2020 12:00:00 AM,Hollywood,"VANDALISM - FELONY ($400 & OVER, ALL CHURCH VANDALISMS)",34.1016,-118.3288,0
03/01/2020 12:00:00 AM,77th Street,CHILD ABUSE (PHYSICAL) - SIMPLE ASSAULT,33.9996,-118.2921,0
04/19/2020 12:00:00 AM,West Valley,INTIMATE PARTNER - SIMPLE ASSAULT,34.2157,-118.5246,0
09/23/2020 12:00:00 AM,Central,VANDALISM - MISDEAMEANOR ($399 OR UNDER),34.0515,-118.2424,0
02/22/2020 12:00:00 AM,West LA,THEFT PLAIN - PETTY ($950 & UNDER),34.0416,-118.4428,0
01/09/2020 12:00:00 AM,Northeast,BURGLARY,34.0911,-118.2619,0
02/08/2020 12:00:00 AM,Newton,VEHICLE - STOLEN,34.0075,-118.2613,0
03/14/2020 12:00:00 AM,Van Nuys,BATTERY - SIMPLE ASSAULT,34.149,-118.4372,0
05/05/2020 12:00:00 AM,Southwest,"THEFT, PERSON",34.0043,-118.2827,0
02/08/2020 12:00:00 AM,Wilshire,BURGLARY,34.0623,-118.3451,0
06/21/2020 12:00:00 AM,Hollywood,"THEFT-GRAND ($950.01 & OVER)EXCPT,GUNS,FOWL,LIVESTK,PROD",34.0998,-118.3237,0
04/30/2020 12:00:00 AM,West LA,VEHICLE - STOLEN,34.0745,-118.4588,0
06/24/2020 12:00:00 AM,Northeast,ROBBERY,34.0981,-118.2874,0
09/23/2020 12:00:00 AM,Rampart,VEHICLE - STOLEN,34.0657,-118.268,0
02/29/2020 12:00:00 AM,Southwest,INTIMATE PARTNER - AGGRAVATED ASSAULT,34.015,-118.3416,0
05/13/2020 12:00:00 AM,Northeast,BATTERY - SIMPLE ASSAULT,34.0911,-118.2845,0
08/22/2020 12:00:00 AM,Southwest,BURGLARY,34.0106,-118.2842,0
12/23/2020 12:00:00 AM,Central,INTIMATE PARTNER - SIMPLE ASSAULT,34.0444,-118.2628,0
01/28/2020 12:00:00 AM,West Valley,BURGLARY FROM VEHICLE,34.1976,-118.4837,0
08/18/2020 12:00:00 AM,77th Street,CHILD ABUSE (PHYSICAL) - SIMPLE ASSAULT,33.9551,-118.3007,0
06/07/2020 12:00:00 AM,77th Street,DISCHARGE FIREARMS/SHOTS FIRED,33.9629,-118.2629,0
07/08/2020 12:00:00 AM,Rampart,"ASSAULT WITH DEADLY WEAPON, AGGRAVATED ASSAULT",34.0612,-118.2785,0
07/07/2020 12:00:00 AM,West Valley,"VANDALISM - FELONY ($400 & OVER, ALL CHURCH VANDALISMS)",34.1682,-118.5406,0
10/21/2020 12:00:00 AM,Harbor,VANDALISM - MISDEAMEANOR ($399 OR UNDER),33.7888,-118.2631,0
03/16/2020 12:00:00 AM,Rampart,THEFT PLAIN - PETTY ($950 & UNDER),34.0563,-118.281,0
02/01/2020 12:00:00 AM,Harbor,CRIMINAL THREATS - NO WEAPON DISPLAYED,33.8127,-118.3089,0
08/05/2020 12:00:00 AM,Central,"THEFT-GRAND ($950.01 & OVER)EXCPT,GUNS,FOWL,LIVESTK,PROD",34.0519,-118.2531,0
08/22/2020 12:00:00 AM,Hollenbeck,THEFT OF IDENTITY,34.0512,-118.2093,0
10/30/2020 12:00:00 AM,Harbor,ROBBERY,33.7802,-118.2581,0
10/14/2020 12:00:00 AM,Hollywood,THEFT PLAIN - PETTY ($950 & UNDER),34.0981,-118.3158,0
02/05/2020 12:00:00 AM,Wilshire,BURGLARY FROM VEHICLE,34.0835,-118.3734,0
10/08/2020 12:00:00 AM,Central,BATTERY - SIMPLE ASSAULT,34.0363,-118.2672,0
10/05/2020 12:00:00 AM,Northeast,"ASSAULT WITH DEADLY WEAPON, AGGRAVATED ASSAULT",34.118,-118.2184,0
12/23/2020 12:00:00 AM,Harbor,INTIMATE PARTNER - SIMPLE ASSAULT,33.7768,-118.2675,0
03/08/2020 12:00:00 AM,Wilshire,"VANDALISM - FELONY ($400 & OVER, ALL CHURCH VANDALISMS)",34.0485,-118.3335,0
08/01/2020 12:00:00 AM,West LA,SHOPLIFTING - PETTY THEFT ($950 & UNDER),34.052,-118.4742,0
04/03/2020 12:00:00 AM,77th Street,BATTERY - SIMPLE ASSAULT,33.9694,-118.2871,0
12/09/2020 12:00:00 AM,West Valley,VEHICLE - STOLEN,34.1839,-118.5387,0
04/01/2020 12:00:00 AM,West Valley,ATTEMPTED ROBBERY,34.2077,-118.4912,0
01/06/2020 12:00:00 AM,Wilshire,SHOPLIFTING - PETTY THEFT ($950 & UNDER),34.0761,-118.3563,0
04/26/2020 12:00:00 AM,Central,BATTERY - SIMPLE ASSAULT,34.0391,-118.2581,0
09/06/2020 12:00:00 AM,West Valley,CRIMINAL HOMICIDE,34.1866,-118.4836,0
12/07/2020 12:00:00 AM,West LA,"THEFT-GRAND ($950.01 & OVER)EXCPT,GUNS,FOWL,LIVESTK,PROD",34.0384,-118.4444,0
01/23/2020 12:00:00 AM,Newton,CRIMINAL THREATS - NO WEAPON DISPLAYED,34.0174,-118.2621,0
04/18/2020 12:00:00 AM,Southwest,TRESPASSING,34.0091,-118.3089,0
08/25/2020 12:00:00 AM,Wilshire,VEHICLE - STOLEN,34.0535,-118.3495,0
05/30/2020 12:00:00 AM,Central,ROBBERY,34.0488,-118.2483,0
04/14/2020 12:00:00 AM,Southwest,VANDALISM - MISDEAMEANOR ($399 OR UNDER),34.015,-118.3536,0
09/22/2020 12:00:00 AM,West Valley,THEFT PLAIN - PETTY ($950 & UNDER),34.2208,-118.5361,0
09/23/2020 12:00:00 AM,Harbor,VEHICLE - STOLEN,33.7719,-118.2768,0
03/18/2020 12:00:00 AM,Wilshire,ROBBERY,34.0853,-118.3386,0
08/17/2020 12:00:00 AM,West LA,THEFT FROM MOTOR VEHICLE - PETTY ($950 & UNDER),34.0505,-118.4362,0
05/30/2020 12:00:00 AM,Wilshire,BURGLARY,34.0782,-118.3695,0
10/17/2020 12:00:00 AM,77th Street,BRANDISH WEAPON,33.9871,-118.3002,0
11/20/2020 12:00:00 AM,Hollywood,BURGLARY,34.0907,-118.3315,0
08/03/2020 12:00:00 AM,77th Street,BURGLARY FROM VEHICLE,33.9837,-118.3216,0
01/29/2020 12:00:00 AM,Central,"ASSAULT WITH DEADLY WEAPON, AGGRAVATED ASSAULT",34.0449,-118.2458,0
09/12/2020 12:00:00 AM,Wilshire,SHOPLIFTING - PETTY THEFT ($950 & UNDER),34.0669,-118.3456,0
01/21/2020 12:00:00 AM,77th Street,VIOLATION OF RESTRAINING ORDER,33.9992,-118.2827,0
07/27/2020 12:00:00 AM,West Valley,BATTERY - SIMPLE ASSAULT,34.1851,-118.536,0
06/27/2020 12:00:00 AM,West LA,"LETTERS, LEWD  -  TELEPHONE CALLS, LEWD",34.0478,-118.4324,0
01/24/2020 12:00:00 AM,77th Street,BURGLARY FROM VEHICLE,33.9974,-118.2982,0
02/21/2020 12:00:00 AM,Hollywood,THEFT PLAIN - PETTY ($950 & UNDER),34.1016,-118.3387,0
05/01/2020 12:00:00 AM,77th Street,VEHICLE - STOLEN,33.9728,-118.3003,0
05/29/2020 12:00:00 AM,Central,VANDALISM - MISDEAMEANOR ($399 OR UNDER),34.0483,-118.2631,0
04/11/2020 12:00:00 AM,Southwest,"ASSAULT WITH DEADLY WEAPON, AGGRAVATED ASSAULT",34.0171,-118.3531,0
08/08/2020 12:00:00 AM,Harbor,BURGLARY FROM VEHICLE,33.7751,-118.2725,0
03/04/2020 12:00:00 AM,Hollenbeck,THEFT FROM MOTOR VEHICLE - GRAND ($950.01 AND OVER),34.0522,-118.206,0
02/10/2020 12:00:00 AM,Rampart,"BUNCO, ATTEMPT",34.0727,-118.2637,0
10/28/2020 12:00:00 AM,Hollywood,BATTERY - SIMPLE ASSAULT,34.1007,-118.3494,0
01/09/2020 12:00:00 AM,Northeast,THEFT PLAIN - PETTY ($950 & UNDER),34.1422,-118.223,0
06/14/2020 12:00:00 AM,77th Street,TRESPASSING,33.9941,-118.3333,0
02/03/2020 12:00:00 AM,Van Nuys,THEFT PLAIN - PETTY ($950 & UNDER),34.1486,-118.4425,0
02/17/2020 12:00:00 AM,West LA,BURGLARY,34.0344,-118.4049,0
07/03/2020 12:00:00 AM,Southwest,THEFT OF IDENTITY,33.9988,-118.3214,0
04/06/2020 12:00:00 AM,77th Street,INTIMATE PARTNER - SIMPLE ASSAULT,33.9965,-118.2827,0
10/01/2020 12:00:00 AM,West LA,"VANDALISM - FELONY ($400 & OVER, ALL CHURCH VANDALISMS)",34.0473,-118.4768,0
02/15/2020 12:00:00 AM,Southwest,"VANDALISM - FELONY ($400 & OVER, ALL CHURCH VANDALISMS)",34.0073,-118.298,0
08/21/2020 12:00:00 AM,Hollenbeck,VEHICLE - STOLEN,34.0188,-118.201,0
03/12/2020 12:00:00 AM,Central,BURGLARY FROM VEHICLE,34.0511,-118.2334,0
03/22/2020 12:00:00 AM,Hollywood,BURGLARY FROM VEHICLE,34.1006,-118.3675,0
04/06/2020 12:00:00 AM,77th Street,VEHICLE - STOLEN,33.9728,-118.2739,0
08/21/2020 12:00:00 AM,West Valley,BURGLARY,34.1802,-118.5408,0
01/08/2020 12:00:00 AM,Harbor,VEHICLE - STOLEN,33.8457,-118.3066,0
02/11/2020 12:00:00 AM,77th Street,ROBBERY,33.96,-118.2985,0
12/02/2020 12:00:00 AM,Northeast,BATTERY WITH SEXUAL CONTACT,34.0793,-118.254,0
08/06/2020 12:00:00 AM,Harbor,VIOLATION OF COURT ORDER,33.7736,-118.2724,0
01/02/2020 12:00:00 AM,Rampart,THEFT PLAIN - PETTY ($950 & UNDER),34.0535,-118.2609,0
06/03/2020 12:00:00 AM,West Valley,BURGLARY FROM VEHICLE,34.1672,-118.5272,0
06/01/2020 12:00:00 AM,West Valley,ARSON,34.1939,-118.4902,0
07/09/2020 12:00:00 AM,Van Nuys,BURGLARY FROM VEHICLE,34.1576,-118.4661,0
05/26/2020 12:00:00 AM,Rampart,THEFT FROM MOTOR VEHICLE - PETTY ($950 & UNDER),34.0515,-118.2615,0
01/07/2020 12:00:00 AM,Wilshire,VEHICLE - STOLEN,34.0761,-118.3594,0
01/12/2020 12:00:00 AM,West Valley,VIOLATION OF TEMPORARY RESTRAINING ORDER,34.1944,-118.5486,0
02/28/2020 12:00:00 AM,Northeast,BOMB SCARE,34.0982,-118.294,0
02/07/2020 12:00:00 AM,77th Street,THEFT FROM MOTOR VEHICLE - GRAND ($950.01 AND OVER),33.9656,-118.2586,0
02/28/2020 12:00:00 AM,West Valley,BURGLARY,34.1847,-118.5441,0
01/06/2020 12:00:00 AM,West LA,THEFT FROM MOTOR VEHICLE - PETTY ($950 & UNDER),34.0406,-118.4633,0
09/24/2020 12:00:00 AM,West LA,BATTERY - SIMPLE ASSAULT,34.0591,-118.4214,0
04/23/2020 12:00:00 AM,Hollywood,BATTERY - SIMPLE ASSAULT,34.1038,-118.3151,0
09/27/2020 12:00:00 AM,West Valley,VEHICLE - STOLEN,34.1866,-118.5497,0
10/03/2020 12:00:00 AM,Hollywood,"VANDALISM - FELONY ($400 & OVER, ALL CHURCH VANDALISMS)",34.1016,-118.3387,0
10/16/2020 12:00:00 AM,Van Nuys,INTIMATE PARTNER - SIMPLE ASSAULT,34.2011,-118.4686,0
08/08/2020 12:00:00 AM,West Valley,THEFT PLAIN - PETTY ($950 & UNDER),34.1575,-118.4749,0
09/03/2020 12:00:00 AM,Southwest,BURGLARY FROM VEHICLE,33.9967,-118.3306,0
10/14/2020 12:00:00 AM,Hollywood,BURGLARY,34.0907,-118.3384,0
01/15/2020 12:00:00 AM,Wilshire,ROBBERY,34.0485,-118.3335,0
03/07/2020 12:00:00 AM,Northeast,THEFT FROM MOTOR VEHICLE - GRAND ($950.01 AND OVER),34.1391,-118.2141,0
07/16/2020 12:00:00 AM,West Valley,THEFT FROM MOTOR VEHICLE - PETTY ($950 & UNDER),34.1558,-118.4793,0
01/11/2020 12:00:00 AM,West LA,BURGLARY FROM VEHICLE,34.0458,-118.3831,0
05/19/2020 12:00:00 AM,West Valley,THEFT FROM MOTOR VEHICLE - GRAND ($950.01 AND OVER),34.2034,-118.5335,0
06/08/2020 12:00:00 AM,Rampart,DOCUMENT FORGERY / STOLEN FELONY,34.0562,-118.257,0
10/01/2020 12:00:00 AM,Hollywood,"ASSAULT WITH DEADLY WEAPON, AGGRAVATED ASSAULT",34.0865,-118.3169,0
10/18/2020 12:00:00 AM,Hollenbeck,VANDALISM - MISDEAMEANOR ($399 OR UNDER),34.0233,-118.2222,0
04/16/2020 12:00:00 AM,Hollenbeck,"VANDALISM - FELONY ($400 & OVER, ALL CHURCH VANDALISMS)",34.0256,-118.1961,0
06/01/2020 12:00:00 AM,Southwest,ROBBERY,34.008,-118.3398,0
03/27/2020 12:00:00 AM,Wilshire,THEFT FROM MOTOR VEHICLE - PETTY ($950 & UNDER),34.0476,-118.3245,0
10/21/2020 12:00:00 AM,Hollywood,THEFT PLAIN - PETTY ($950 & UNDER),34.1129,-118.328,0
04/07/2020 12:00:00 AM,Northeast,BURGLARY FROM VEHICLE,34.0938,-118.2818,0
12/11/2020 12:00:00 AM,West Valley,VEHICLE - STOLEN,34.1994,-118.4815,0
01/21/2020 12:00:00 AM,Rampart,"BUNCO, GRAND THEFT",34.0541,-118.2621,0
02/01/2020 12:00:00 AM,Wilshire,THEFT PLAIN - PETTY ($950 & UNDER),34.0761,-118.3563,0
10/17/2020 12:00:00 AM,Central,INTIMATE PARTNER - SIMPLE ASSAULT,34.0395,-118.2527,0
09/12/2020 12:00:00 AM,Hollywood,BATTERY - SIMPLE ASSAULT,34.1016,-118.3252,0
09/10/2020 12:00:00 AM,77th Street,VEHICLE - STOLEN,33.9855,-118.291,0
06/19/2020 12:00:00 AM,77th Street,CRIMINAL HOMICIDE,33.964,-118.2739,0
07/15/2020 12:00:00 AM,Central,BATTERY - SIMPLE ASSAULT,34.0448,-118.2474,0
11/16/2020 12:00:00 AM,Hollenbeck,"ASSAULT WITH DEADLY WEAPON, AGGRAVATED ASSAULT",34.0361,-118.2077,0
01/26/2020 12:00:00 AM,Hollywood,THEFT FROM MOTOR VEHICLE - PETTY ($950 & UNDER),34.113,-118.3755,0
01/25/2020 12:00:00 AM,Harbor,BURGLARY,33.7365,-118.2923,0
12/15/2020 12:00:00 AM,Hollenbeck,"VANDALISM - FELONY ($400 & OVER, ALL CHURCH VANDALISMS)",34.0839,-118.1731,0
03/07/2020 12:00:00 AM,Rampart,INTIMATE PARTNER - AGGRAVATED ASSAULT,34.0777,-118.288,0
03/29/2020 12:00:00 AM,Hollywood,"VANDALISM - FELONY ($400 & OVER, ALL CHURCH VANDALISMS)",34.1219,-118.3869,0
09/01/2020 12:00:00 AM,Southwest,VIOLATION OF RESTRAINING ORDER,34.0173,-118.3505,0
02/27/2020 12:00:00 AM,Wilshire,BURGLARY,34.0726,-118.3463,0
06/25/2020 12:00:00 AM,Northeast,"VANDALISM - FELONY ($400 & OVER, ALL CHURCH VANDALISMS)",34.1096,-118.2383,0
04/15/2020 12:00:00 AM,Southwest,OTHER MISCELLANEOUS CRIME,34.027,-118.3661,0
03/14/2020 12:00:00 AM,Harbor,"VANDALISM - FELONY ($400 & OVER, ALL CHURCH VANDALISMS)",33.7877,-118.2452,0
09/03/2020 12:00:00 AM,West LA,BURGLARY,34.0319,-118.3829,0
01/18/2020 12:00:00 AM,77th Street,BURGLARY,33.9942,-118.3089,0
02/27/2020 12:00:00 AM,Southwest,THEFT PLAIN - PETTY ($950 & UNDER),34.0243,-118.2876,0
05/27/2020 12:00:00 AM,Hollenbeck,THEFT FROM MOTOR VEHICLE - GRAND ($950.01 AND OVER),34.066,-118.2154,0
09/11/2020 12:00:00 AM,Hollywood,ROBBERY,34.0953,-118.3266,0
12/28/2020 12:00:00 AM,Hollenbeck,BATTERY - SIMPLE ASSAULT,34.0434,-118.2068,0
09/14/2020 12:00:00 AM,Hollenbeck,THEFT FROM MOTOR VEHICLE - PETTY ($950 & UNDER),34.0206,-118.2115,0
04/02/2020 12:00:00 AM,Central,BATTERY - SIMPLE ASSAULT,34.0437,-118.2455,0
09/16/2020 12:00:00 AM,Hollenbeck,VEHICLE - STOLEN,34.1015,-118.1894,0
05/29/2020 12:00:00 AM,Van Nuys,VEHICLE - STOLEN,34.1939,-118.44,0
07/24/2020 12:00:00 AM,Rampart,THEFT PLAIN - PETTY ($950 & UNDER),34.0597,-118.2795,0
10/27/2020 12:00:00 AM,Northeast,ASSAULT WITH DEADLY WEAPON ON POLICE OFFICER,34.0812,-118.252,0
01/03/2020 12:00:00 AM,Newton,VIOLATION OF RESTRAINING ORDER,33.993,-118.2543,0
10/03/2020 12:00:00 AM,West Valley,"THEFT-GRAND ($950.01 & OVER)EXCPT,GUNS,FOWL,LIVESTK,PROD",34.1687,-118.5244,0
05/09/2020 12:00:00 AM,Northeast,"VANDALISM - FELONY ($400 & OVER, ALL CHURCH VANDALISMS)",34.1139,-118.1753,0
01/30/2020 12:00:00 AM,Hollywood,BURGLARY FROM VEHICLE,34.0989,-118.3223,0
02/18/2020 12:00:00 AM,West Valley,VEHICLE - STOLEN,34.2012,-118.5601,0
12/06/2020 12:00:00 AM,Northeast,"VANDALISM - FELONY ($400 & OVER, ALL CHURCH VANDALISMS)",34.1367,-118.2713,0
02/20/2020 12:00:00 AM,Harbor,VEHICLE - STOLEN,33.7412,-118.2924,0
01/20/2020 12:00:00 AM,Central,THEFT PLAIN - PETTY ($950 & UNDER),34.0563,-118.2374,0
11/12/2020 12:00:00 AM,Harbor,"BUNCO, GRAND THEFT",33.7225,-118.2902,0
05/07/2020 12:00:00 AM,West Valley,VEHICLE - STOLEN,34.2146,-118.5317,0
04/13/2020 12:00:00 AM,Northeast,"VANDALISM - FELONY ($400 & OVER, ALL CHURCH VANDALISMS)",34.1426,-118.224,0
03/14/2020 12:00:00 AM,Wilshire,"VANDALISM - FELONY ($400 & OVER, ALL CHURCH VANDALISMS)",34.0506,-118.3506,0
10/17/2020 12:00:00 AM,Rampart,BATTERY - SIMPLE ASSAULT,34.0646,-118.2799,0
04/28/2020 12:00:00 AM,Van Nuys,"THEFT-GRAND ($950.01 & OVER)EXCPT,GUNS,FOWL,LIVESTK,PROD",34.1952,-118.4487,0
03/26/2020 12:00:00 AM,77th Street,THEFT PLAIN - ATTEMPT,33.9924,-118.3089,0
08/10/2020 12:00:00 AM,West Valley,THEFT PLAIN - PETTY ($950 & UNDER),34.1654,-118.5272,0
11/10/2020 12:00:00 AM,Wilshire,"BUNCO, GRAND THEFT",34.0439,-118.3735,0
03/10/2020 12:00:00 AM,Southwest,INTIMATE PARTNER - SIMPLE ASSAULT,34.0173,-118.3002,0
03/12/2020 12:00:00 AM,Newton,VEHICLE - STOLEN,34.0259,-118.2561,0
09/13/2020 12:00:00 AM,Central,BATTERY - SIMPLE ASSAULT,34.0421,-118.2469,0
07/19/2020 12:00:00 AM,Harbor,THEFT FROM MOTOR VEHICLE - GRAND ($950.01 AND OVER),33.7919,-118.2975,0
01/15/2020 12:00:00 AM,West Valley,THEFT FROM MOTOR VEHICLE - PETTY ($950 & UNDER),34.2157,-118.5197,0
11/03/2020 12:00:00 AM,Hollenbeck,VEHICLE - STOLEN,34.0191,-118.2083,0
12/18/2020 12:00:00 AM,Hollenbeck,THEFT PLAIN - PETTY ($950 & UNDER),34.0534,-118.2169,0
07/22/2020 12:00:00 AM,Southwest,VEHICLE - STOLEN,34.0075,-118.2819,0
01/27/2020 12:00:00 AM,Northeast,BATTERY - SIMPLE ASSAULT,34.1152,-118.1898,0
12/01/2020 12:00:00 AM,Southwest,VEHICLE - STOLEN,34.0106,-118.2915,0
01/01/2020 12:00:00 AM,West Valley,VANDALISM - MISDEAMEANOR ($399 OR UNDER),34.2012,-118.4924,0
07/13/2020 12:00:00 AM,Rampart,BURGLARY,34.0399,-118.2755,0
09/18/2020 12:00:00 AM,Rampart,BURGLARY,34.0529,-118.2819,0
11/06/2020 12:00:00 AM,77th Street,"ASSAULT WITH DEADLY WEAPON, AGGRAVATED ASSAULT",33.9932,-118.3171,0
05/04/2020 12:00:00 AM,Harbor,THEFT FROM MOTOR VEHICLE - PETTY ($950 & UNDER),33.7926,-118.3043,0
12/17/2020 12:00:00 AM,77th Street,BATTERY - SIMPLE ASSAULT,33.9883,-118.2915,0
12/22/2020 12:00:00 AM,77th Street,"ASSAULT WITH DEADLY WEAPON, AGGRAVATED ASSAULT",33.9635,-118.298,0
01/30/2020 12:00:00 AM,Northeast,"ASSAULT WITH DEADLY WEAPON, AGGRAVATED ASSAULT",34.0931,-118.2983,0
06/14/2020 12:00:00 AM,Hollenbeck,BATTERY - SIMPLE ASSAULT,34.07,-118.1998,0
05/13/2020 12:00:00 AM,Wilshire,VEHICLE - STOLEN,34.0649,-118.336,0
10/09/2020 12:00:00 AM,Wilshire,"VANDALISM - FELONY ($400 & OVER, ALL CHURCH VANDALISMS)",34.0835,-118.3462,0
02/23/2020 12:00:00 AM,Southwest,"THEFT-GRAND ($950.01 & OVER)EXCPT,GUNS,FOWL,LIVESTK,PROD",34.0235,-118.2858,0
09/19/2020 12:00:00 AM,Hollenbeck,ATTEMPTED ROBBERY,34.0332,-118.213,0
03/18/2020 12:00:00 AM,Wilshire,ROBBERY,34.064,-118.3614,0
04/09/2020 12:00:00 AM,Northeast,TRESPASSING,34.0827,-118.2565,0
06/01/2020 12:00:00 AM,West Valley,"ASSAULT WITH DEADLY WEAPON, AGGRAVATED ASSAULT",34.1939,-118.4756,0
02/13/2020 12:00:00 AM,Newton,DISCHARGE FIREARMS/SHOTS FIRED,34.0164,-118.2534,0
08/16/2020 12:00:00 AM,West LA,TRESPASSING,34.0433,-118.4615,0
02/26/2020 12:00:00 AM,Van Nuys,BURGLARY FROM VEHICLE,34.1721,-118.4574,0
08/17/2020 12:00:00 AM,Harbor,THEFT OF IDENTITY,33.7731,-118.2749,0
08/30/2020 12:00:00 AM,West LA,THEFT OF IDENTITY,34.0439,-118.5216,0
02/01/2020 12:00:00 AM,Rampart,THEFT OF IDENTITY,34.0521,-118.2627,0
06/06/2020 12:00:00 AM,Central,"VANDALISM - FELONY ($400 & OVER, ALL CHURCH VANDALISMS)",34.0423,-118.2561,0
05/29/2020 12:00:00 AM,77th Street,DISCHARGE FIREARMS/SHOTS FIRED,33.9953,-118.2871,0
04/12/2020 12:00:00 AM,West Valley,BURGLARY,34.1559,-118.5205,0
11/21/2020 12:00:00 AM,Wilshire,THEFT PLAIN - PETTY ($950 & UNDER),34.0457,-118.3255,0
07/12/2020 12:00:00 AM,West LA,INTIMATE PARTNER - SIMPLE ASSAULT,34.0402,-118.4629,0
03/12/2020 12:00:00 AM,Van Nuys,VEHICLE - STOLEN,34.181,-118.4487,0
07/23/2020 12:00:00 AM,Northeast,VEHICLE - STOLEN,34.0908,-118.2974,0
09/27/2020 12:00:00 AM,Southwest,VANDALISM - MISDEAMEANOR ($399 OR UNDER),34.0083,-118.29,0
02/04/2020 12:00:00 AM,Central,BATTERY - SIMPLE ASSAULT,34.0402,-118.2633,0
03/13/2020 12:00:00 AM,Hollywood,"VANDALISM - FELONY ($400 & OVER, ALL CHURCH VANDALISMS)",34.1016,-118.3361,0
11/28/2020 12:00:00 AM,West LA,VANDALISM - MISDEAMEANOR ($399 OR UNDER),34.0625,-118.444,0
08/25/2020 12:00:00 AM,Central,"VANDALISM - FELONY ($400 & OVER, ALL CHURCH VANDALISMS)",34.0401,-118.2669,0
09/14/2020 12:00:00 AM,Rampart,ROBBERY,34.0577,-118.2799,0
11/27/2020 12:00:00 AM,Wilshire,BURGLARY,34.062,-118.3333,0
05/08/2020 12:00:00 AM,Central,"THEFT-GRAND ($950.01 & OVER)EXCPT,GUNS,FOWL,LIVESTK,PROD",34.0333,-118.262,0
02/02/2020 12:00:00 AM,77th Street,ROBBERY,33.964,-118.2739,0
12/22/2020 12:00:00 AM,Van Nuys,"THEFT, PERSON",34.1622,-118.4269,0
01/28/2020 12:00:00 AM,77th Street,TRESPASSING,33.9717,-118.2914,0
11/18/2020 12:00:00 AM,West LA,SHOPLIFTING - PETTY THEFT ($950 & UNDER),34.052,-118.4742,0
04/05/2020 12:00:00 AM,Hollywood,"VANDALISM - FELONY ($400 & OVER, ALL CHURCH VANDALISMS)",34.1015,-118.3425,0
05/04/2020 12:00:00 AM,Harbor,BURGLARY,33.7909,-118.2693,0
09/26/2020 12:00:00 AM,77th Street,BRANDISH WEAPON,33.9909,-118.3258,0
08/24/2020 12:00:00 AM,West Valley,VEHICLE - STOLEN,34.2009,-118.5219,0
04/18/2020 12:00:00 AM,Central,ROBBERY,34.0473,-118.2601,0
04/01/2020 12:00:00 AM,Rampart,ROBBERY,34.0785,-118.2748,0
10/01/2020 12:00:00 AM,Hollywood,BATTERY WITH SEXUAL CONTACT,34.1074,-118.3862,0
11/24/2020 12:00:00 AM,77th Street,INTIMATE PARTNER - SIMPLE ASSAULT,33.9693,-118.285,0
03/23/2020 12:00:00 AM,77th Street,ROBBERY,33.9733,-118.2918,0
11/12/2020 12:00:00 AM,Van Nuys,"LETTERS, LEWD  -  TELEPHONE CALLS, LEWD",34.1827,-118.44,0
12/27/2020 12:00:00 AM,Wilshire,"VANDALISM - FELONY ($400 & OVER, ALL CHURCH VANDALISMS)",34.0665,-118.3662,0
06/03/2020 12:00:00 AM,West Valley,BURGLARY FROM VEHICLE,34.2077,-118.4912,0
03/20/2020 12:00:00 AM,Wilshire,BURGLARY FROM VEHICLE,34.0743,-118.3626,0
01/27/2020 12:00:00 AM,Northeast,THEFT OF IDENTITY,34.0991,-118.2896,0
08/07/2020 12:00:00 AM,Central,BATTERY - SIMPLE ASSAULT,34.0561,-118.2375,0
08/03/2020 12:00:00 AM,Hollywood,BATTERY - SIMPLE ASSAULT,34.0844,-118.3244,0
04/30/2020 12:00:00 AM,Central,BURGLARY,34.0649,-118.2381,0
12/02/2020 12:00:00 AM,Newton,ROBBERY,34.0304,-118.2637,0
04/11/2020 12:00:00 AM,Harbor,ROBBERY,33.78,-118.2624,0
06/24/2020 12:00:00 AM,Northeast,BURGLARY,34.0932,-118.2407,0
05/21/2020 12:00:00 AM,West Valley,BATTERY - SIMPLE ASSAULT,34.1698,-118.522,0
07/25/2020 12:00:00 AM,77th Street,INTIMATE PARTNER - SIMPLE ASSAULT,33.9837,-118.2959,0
08/20/2020 12:00:00 AM,West LA,BURGLARY,34.0516,-118.4316,0
12/24/2020 12:00:00 AM,West Valley,"THEFT-GRAND ($950.01 & OVER)EXCPT,GUNS,FOWL,LIVESTK,PROD",34.1629,-118.5263,0
08/21/2020 12:00:00 AM,Hollenbeck,BURGLARY FROM VEHICLE,34.0167,-118.215,0
12/21/2020 12:00:00 AM,West LA,THEFT FROM MOTOR VEHICLE - PETTY ($950 & UNDER),34.0348,-118.4339,0
11/12/2020 12:00:00 AM,West Valley,BURGLARY FROM VEHICLE,34.1905,-118.5516,0
09/30/2020 12:00:00 AM,Northeast,THEFT FROM MOTOR VEHICLE - PETTY ($950 & UNDER),34.1201,-118.1805,0
05/22/2020 12:00:00 AM,Hollywood,THEFT FROM MOTOR VEHICLE - PETTY ($950 & UNDER),34.1052,-118.3333,0
04/26/2020 12:00:00 AM,Wilshire,"ASSAULT WITH DEADLY WEAPON, AGGRAVATED ASSAULT",34.0455,-118.3201,0
01/01/2020 12:00:00 AM,Hollenbeck,INTIMATE PARTNER - SIMPLE ASSAULT,34.0882,-118.1624,0
12/23/2020 12:00:00 AM,Hollenbeck,VEHICLE - STOLEN,34.0773,-118.1968,0
02/10/2020 12:00:00 AM,Wilshire,BURGLARY FROM VEHICLE,34.0561,-118.36,0
03/05/2020 12:00:00 AM,Hollywood,VANDALISM - MISDEAMEANOR ($399 OR UNDER),34.098,-118.3414,0
10/02/2020 12:00:00 AM,Harbor,INTIMATE PARTNER - AGGRAVATED ASSAULT,33.8234,-118.3038,0
01/24/2020 12:00:00 AM,Wilshire,THEFT PLAIN - PETTY ($950 & UNDER),34.0847,-118.3686,0
08/23/2020 12:00:00 AM,Harbor,BATTERY - SIMPLE ASSAULT,33.7672,-118.2414,0
09/24/2020 12:00:00 AM,Central,"ASSAULT WITH DEADLY WEAPON, AGGRAVATED ASSAULT",34.0505,-118.2586,0
08/04/2020 12:00:00 AM,West Valley,INTIMATE PARTNER - SIMPLE ASSAULT,34.2084,-118.5219,0
12/17/2020 12:00:00 AM,West LA,BURGLARY,34.0521,-118.4699,0
07/20/2020 12:00:00 AM,Rampart,VIOLATION OF COURT ORDER,34.0632,-118.2694,0
08/09/2020 12:00:00 AM,Harbor,VIOLATION OF RESTRAINING ORDER,33.7736,-118.2724,0
01/13/2020 12:00:00 AM,Van Nuys,DOCUMENT FORGERY / STOLEN FELONY,34.1976,-118.4574,0
10/18/2020 12:00:00 AM,Hollenbeck,BURGLARY,34.0628,-118.2112,0
09/22/2020 12:00:00 AM,Harbor,"ASSAULT WITH DEADLY WEAPON, AGGRAVATED ASSAULT",33.7315,-118.2879,0
09/08/2020 12:00:00 AM,West LA,DOCUMENT FORGERY / STOLEN FELONY,34.0608,-118.4454,0
07/12/2020 12:00:00 AM,Rampart,"ASSAULT WITH DEADLY WEAPON, AGGRAVATED ASSAULT",34.0619,-118.2817,0
03/18/2020 12:00:00 AM,Newton,"ASSAULT WITH DEADLY WEAPON, AGGRAVATED ASSAULT",34.0075,-118.2775,0
05/19/2020 12:00:00 AM,77th Street,THEFT FROM MOTOR VEHICLE - PETTY ($950 & UNDER),33.9931,-118.3282,0
05/02/2020 12:00:00 AM,Southwest,BURGLARY FROM VEHICLE,34.0219,-118.3045,0
03/24/2020 12:00:00 AM,Van Nuys,THEFT FROM MOTOR VEHICLE - PETTY ($950 & UNDER),34.2121,-118.4662,0
11/12/2020 12:00:00 AM,Southwest,KIDNAPPING,34.0124,-118.3377,0
07/12/2020 12:00:00 AM,West LA,"THEFT-GRAND ($950.01 & OVER)EXCPT,GUNS,FOWL,LIVESTK,PROD",34.0402,-118.4379,0
05/24/2020 12:00:00 AM,West Valley,BIKE - STOLEN,34.1923,-118.5534,0
02/20/2020 12:00:00 AM,Wilshire,OTHER MISCELLANEOUS CRIME,34.0558,-118.3706,0
04/10/2020 12:00:00 AM,Hollywood,"ASSAULT WITH DEADLY WEAPON, AGGRAVATED ASSAULT",34.0938,-118.3136,0
12/14/2020 12:00:00 AM,Rampart,VEHICLE - STOLEN,34.0804,-118.275,0
10/17/2020 12:00:00 AM,Northeast,THEFT PLAIN - PETTY ($950 & UNDER),34.122,-118.1854,0
01/03/2020 12:00:00 AM,Harbor,VEHICLE - STOLEN,33.7931,-118.2671,0
11/18/2020 12:00:00 AM,West LA,BURGLARY,34.042,-118.4701,0
01/26/2020 12:00:00 AM,Hollenbeck,VIOLATION OF RESTRAINING ORDER,34.061,-118.1948,0
07/13/2020 12:00:00 AM,Wilshire,THEFT FROM MOTOR VEHICLE - GRAND ($950.01 AND OVER),34.0482,-118.3308,0
06/15/2020 12:00:00 AM,77th Street,BRANDISH WEAPON,33.964,-118.2739,0
09/27/2020 12:00:00 AM,Northeast,THEFT PLAIN - PETTY ($950 & UNDER),34.1176,-118.2173,0
03/09/2020 12:00:00 AM,Hollywood,"VANDALISM - FELONY ($400 & OVER, ALL CHURCH VANDALISMS)",34.1006,-118.3417,0
11/03/2020 12:00:00 AM,West Valley,BATTERY POLICE (SIMPLE),34.192,-118.5612,0
01/27/2020 12:00:00 AM,77th Street,THEFT OF IDENTITY,33.9806,-118.3309,0
08/15/2020 12:00:00 AM,Hollywood,"ASSAULT WITH DEADLY WEAPON, AGGRAVATED ASSAULT",34.098,-118.3223,0
09/12/2020 12:00:00 AM,Northeast,TRESPASSING,34.1006,-118.2774,0
08/23/2020 12:00:00 AM,77th Street,BURGLARY,33.9818,-118.3221,0
07/19/2020 12:00:00 AM,Wilshire,VEHICLE - STOLEN,34.0418,-118.3269,0
07/02/2020 12:00:00 AM,Van Nuys,BURGLARY FROM VEHICLE,34.2085,-118.462,0
03/29/2020 12:00:00 AM,Hollenbeck,"ASSAULT WITH DEADLY WEAPON, AGGRAVATED ASSAULT",34.0471,-118.2186,0
01/29/2020 12:00:00 AM,77th Street,VIOLATION OF COURT ORDER,33.9708,-118.2783,0
10/15/2020 12:00:00 AM,West Valley,BURGLARY FROM VEHICLE,34.2012,-118.5261,0
09/24/2020 12:00:00 AM,Southwest,INTIMATE PARTNER - SIMPLE ASSAULT,34.0074,-118.329,0
11/27/2020 12:00:00 AM,Northeast,THEFT OF IDENTITY,34.1255,-118.2702,0
12/23/2020 12:00:00 AM,West LA,BURGLARY FROM VEHICLE,34.039,-118.44,0
03/23/2020 12:00:00 AM,West Valley,INTIMATE PARTNER - AGGRAVATED ASSAULT,34.2066,-118.4825,0
11/03/2020 12:00:00 AM,Southwest,THEFT PLAIN - PETTY ($950 & UNDER),34.0182,-118.3349,0
08/16/2020 12:00:00 AM,Northeast,VANDALISM - MISDEAMEANOR ($399 OR UNDER),34.1393,-118.2152,0
06/01/2020 12:00:00 AM,77th Street,EXTORTION,33.9735,-118.2827,0
06/28/2020 12:00:00 AM,Wilshire,THEFT FROM MOTOR VEHICLE - PETTY ($950 & UNDER),34.0853,-118.3753,0
12/05/2020 12:00:00 AM,Rampart,INTIMATE PARTNER - SIMPLE ASSAULT,34.0608,-118.2726,0
07/30/2020 12:00:00 AM,Harbor,VEHICLE - STOLEN,33.787,-118.2654,0
12/06/2020 12:00:00 AM,Central,"VANDALISM - FELONY ($400 & OVER, ALL CHURCH VANDALISMS)",34.0416,-118.2503,0
09/06/2020 12:00:00 AM,Wilshire,ROBBERY,34.051,-118.3667,0
07/13/2020 12:00:00 AM,Southwest,BATTERY - SIMPLE ASSAULT,34.0276,-118.3229,0
10/27/2020 12:00:00 AM,West LA,BIKE - STOLEN,34.0336,-118.4552,0
01/02/2020 12:00:00 AM,Wilshire,"VANDALISM - FELONY ($400 & OVER, ALL CHURCH VANDALISMS)",34.0761,-118.3637,0
01/02/2020 12:00:00 AM,77th Street,"ASSAULT WITH DEADLY WEAPON, AGGRAVATED ASSAULT",33.9543,-118.3003,0
05/18/2020 12:00:00 AM,Harbor,THEFT FROM MOTOR VEHICLE - PETTY ($950 & UNDER),33.7844,-118.2733,0
05/16/2020 12:00:00 AM,Southwest,BURGLARY FROM VEHICLE,34.0215,-118.2868,0
01/07/2020 12:00:00 AM,Hollenbeck,THEFT FROM MOTOR VEHICLE - PETTY ($950 & UNDER),34.0406,-118.2117,0
03/07/2020 12:00:00 AM,Newton,BURGLARY FROM VEHICLE,34.026,-118.246,0
05/17/2020 12:00:00 AM,Hollywood,ATTEMPTED ROBBERY,34.0871,-118.3277,0
01/11/2020 12:00:00 AM,Hollywood,BURGLARY FROM VEHICLE,34.098,-118.3468,0
10/25/2020 12:00:00 AM,Hollenbeck,THEFT FROM MOTOR VEHICLE - PETTY ($950 & UNDER),34.0893,-118.1707,0
11/23/2020 12:00:00 AM,Hollenbeck,THEFT OF IDENTITY,34.0718,-118.218,0
04/14/2020 12:00:00 AM,Northeast,BURGLARY FROM VEHICLE,34.1131,-118.2809,0
01/10/2020 12:00:00 AM,Rampart,BATTERY - SIMPLE ASSAULT,34.0887,-118.2869,0
07/21/2020 12:00:00 AM,Central,BRANDISH WEAPON,34.0417,-118.2398,0
06/08/2020 12:00:00 AM,Wilshire,BURGLARY,34.0405,-118.336,0
04/17/2020 12:00:00 AM,Hollenbeck,THEFT FROM MOTOR VEHICLE - PETTY ($950 & UNDER),34.0736,-118.1662,0
07/06/2020 12:00:00 AM,77th Street,VEHICLE - STOLEN,33.9923,-118.2871,0
07/16/2020 12:00:00 AM,Wilshire,VEHICLE - STOLEN,34.0495,-118.3215,0
04/15/2020 12:00:00 AM,Newton,BATTERY - SIMPLE ASSAULT,34.0039,-118.2609,0
08/29/2020 12:00:00 AM,Hollywood,"THEFT-GRAND ($950.01 & OVER)EXCPT,GUNS,FOWL,LIVESTK,PROD",34.1005,-118.3107,0
05/13/2020 12:00:00 AM,Northeast,VEHICLE - STOLEN,34.0982,-118.283,0
04/27/2020 12:00:00 AM,Rampart,ARSON,34.0535,-118.2609,0
10/09/2020 12:00:00 AM,Wilshire,TRESPASSING,34.0761,-118.369,0
03/07/2020 12:00:00 AM,Van Nuys,BIKE - STOLEN,34.1722,-118.4356,0
06/22/2020 12:00:00 AM,Rampart,BATTERY - SIMPLE ASSAULT,34.0721,-118.2818,0
10/02/2020 12:00:00 AM,West Valley,BURGLARY FROM VEHICLE,34.1775,-118.5337,0
08/15/2020 12:00:00 AM,Wilshire,VANDALISM - MISDEAMEANOR ($399 OR UNDER),34.0835,-118.3475,0
12/05/2020 12:00:00 AM,Hollenbeck,BURGLARY,34.0672,-118.223,0
11/24/2020 12:00:00 AM,Hollywood,"ASSAULT WITH DEADLY WEAPON, AGGRAVATED ASSAULT",34.1034,-118.3325,0
11/29/2020 12:00:00 AM,Hollenbeck,DISCHARGE FIREARMS/SHOTS FIRED,34.085,-118.1964,0
08/08/2020 12:00:00 AM,Central,ROBBERY,34.0387,-118.2582,0
02/22/2020 12:00:00 AM,Hollywood,THEFT PLAIN - PETTY ($950 & UNDER),34.1016,-118.331,0
07/25/2020 12:00:00 AM,Northeast,VEHICLE - STOLEN,34.1223,-118.2608,0
12/24/2020 12:00:00 AM,Wilshire,THEFT FROM MOTOR VEHICLE - GRAND ($950.01 AND OVER),34.0543,-118.3348,0
02/29/2020 12:00:00 AM,West Valley,CONTEMPT OF COURT,34.1939,-118.4772,0
04/08/2020 12:00:00 AM,Northeast,THEFT OF IDENTITY,34.107,-118.2598,0
09/08/2020 12:00:00 AM,Southwest,"ASSAULT WITH DEADLY WEAPON, AGGRAVATED ASSAULT",34.0309,-118.3002,0
10/26/2020 12:00:00 AM,West LA,"BUNCO, PETTY THEFT",34.0431,-118.4687,0
05/02/2020 12:00:00 AM,West LA,BATTERY - SIMPLE ASSAULT,34.0637,-118.4453,0
02/07/2020 12:00:00 AM,West LA,BURGLARY FROM VEHICLE,34.0493,-118.4666,0
09/06/2020 12:00:00 AM,Central,VEHICLE - STOLEN,34.0405,-118.2337,0
12/23/2020 12:00:00 AM,Hollywood,SHOPLIFTING - PETTY THEFT ($950 & UNDER),34.098,-118.342,0
02/06/2020 12:00:00 AM,Hollywood,OTHER ASSAULT,34.1016,-118.3417,0
02/28/2020 12:00:00 AM,Hollywood,THEFT FROM MOTOR VEHICLE - PETTY ($950 & UNDER),34.0848,-118.3091,0
02/04/2020 12:00:00 AM,Van Nuys,DOCUMENT FORGERY / STOLEN FELONY,34.1721,-118.4662,0
07/07/2020 12:00:00 AM,Hollywood,"EMBEZZLEMENT, GRAND THEFT ($950.01 & OVER)",34.098,-118.3335,0
08/26/2020 12:00:00 AM,Wilshire,TRESPASSING,34.043,-118.332,0
04/18/2020 12:00:00 AM,Van Nuys,BURGLARY,34.1794,-118.4596,0
01/27/2020 12:00:00 AM,77th Street,BURGLARY FROM VEHICLE,33.9942,-118.3024,0
07/05/2020 12:00:00 AM,Van Nuys,"VANDALISM - FELONY ($400 & OVER, ALL CHURCH VANDALISMS)",34.1885,-118.4291,0
05/08/2020 12:00:00 AM,West LA,BATTERY - SIMPLE ASSAULT,34.0534,-118.4228,0
03/02/2020 12:00:00 AM,Rampart,BATTERY - SIMPLE ASSAULT,34.0585,-118.2724,0
12/01/2020 12:00:00 AM,Rampart,THEFT PLAIN - PETTY ($950 & UNDER),34.0687,-118.2672,0
12/25/2020 12:00:00 AM,77th Street,INTIMATE PARTNER - SIMPLE ASSAULT,33.9727,-118.285,0
01/20/2020 12:00:00 AM,Harbor,VEHICLE - STOLEN,33.7261,-118.3012,0
07/21/2020 12:00:00 AM,Hollenbeck,ROBBERY,34.0278,-118.201,0
03/30/2020 12:00:00 AM,Rampart,BATTERY - SIMPLE ASSAULT,34.0726,-118.2749,0
08/18/2020 12:00:00 AM,Central,BATTERY - SIMPLE ASSAULT,34.0496,-118.2603,0
06/25/2020 12:00:00 AM,77th Street,VANDALISM - MISDEAMEANOR ($399 OR UNDER),33.9727,-118.2914,0
05/06/2020 12:00:00 AM,Southwest,VANDALISM - MISDEAMEANOR ($399 OR UNDER),33.9989,-118.3236,0
12/23/2020 12:00:00 AM,Central,BATTERY WITH SEXUAL CONTACT,34.0572,-118.2481,0
05/03/2020 12:00:00 AM,Hollenbeck,BATTERY - SIMPLE ASSAULT,34.0348,-118.2154,0
08/03/2020 12:00:00 AM,West Valley,"RAPE, FORCIBLE",34.2148,-118.5404,0
02/16/2020 12:00:00 AM,Central,INTIMATE PARTNER - AGGRAVATED ASSAULT,34.0419,-118.2485,0
03/28/2020 12:00:00 AM,Newton,VEHICLE - STOLEN,33.9925,-118.2564,0
01/31/2020 12:00:00 AM,Central,"ASSAULT WITH DEADLY WEAPON, AGGRAVATED ASSAULT",34.0454,-118.2466,0
03/30/2020 12:00:00 AM,Wilshire,OTHER MISCELLANEOUS CRIME,34.0846,-118.3464,0
01/06/2020 12:00:00 AM,Hollenbeck,BURGLARY,34.0594,-118.1958,0
01/18/2020 12:00:00 AM,Newton,VEHICLE - STOLEN,33.9958,-118.2634,0
02/22/2020 12:00:00 AM,Central,BIKE - STOLEN,34.0459,-118.2579,0
07/23/2020 12:00:00 AM,Rampart,BATTERY - SIMPLE ASSAULT,34.053,-118.2649,0
09/20/2020 12:00:00 AM,Central,TRESPASSING,34.0437,-118.2455,0
07/22/2020 12:00:00 AM,West LA,DOCUMENT FORGERY / STOLEN FELONY,34.0378,-118.4419,0
03/06/2020 12:00:00 AM,Hollenbeck,VEHICLE - STOLEN,34.089,-118.1887,0
03/18/2020 12:00:00 AM,Northeast,BATTERY - SIMPLE ASSAULT,34.0981,-118.2983,0
01/22/2020 12:00:00 AM,77th Street,VIOLATION OF RESTRAINING ORDER,33.9892,-118.3089,0
12/04/2020 12:00:00 AM,77th Street,"BUNCO, GRAND THEFT",33.9487,-118.3025,0
03/27/2020 12:00:00 AM,Hollywood,"RAPE, FORCIBLE",34.0943,-118.331,0
10/24/2020 12:00:00 AM,Rampart,INTIMATE PARTNER - SIMPLE ASSAULT,34.0554,-118.2702,0
03/26/2020 12:00:00 AM,West Valley,BATTERY - SIMPLE ASSAULT,34.2012,-118.5535,0
02/28/2020 12:00:00 AM,Southwest,BURGLARY,34.0222,-118.3227,0
10/23/2020 12:00:00 AM,Hollenbeck,"ASSAULT WITH DEADLY WEAPON, AGGRAVATED ASSAULT",34.0428,-118.2167,0
03/05/2020 12:00:00 AM,Rampart,BATTERY - SIMPLE ASSAULT,34.0524,-118.2633,0
09/03/2020 12:00:00 AM,West LA,VANDALISM - MISDEAMEANOR ($399 OR UNDER),34.0564,-118.4245,0
07/09/2020 12:00:00 AM,Rampart,BRANDISH WEAPON,34.0601,-118.2761,0
12/23/2020 12:00:00 AM,Northeast,VEHICLE - STOLEN,34.0791,-118.2626,0
03/05/2020 12:00:00 AM,West LA,PROWLER,34.036,-118.5299,0
04/22/2020 12:00:00 AM,Rampart,BATTERY - SIMPLE ASSAULT,34.0617,-118.2795,0
05/13/2020 12:00:00 AM,Southwest,THEFT PLAIN - PETTY ($950 & UNDER),34.0174,-118.3045,0
01/19/2020 12:00:00 AM,77th Street,VIOLATION OF COURT ORDER,33.9774,-118.286,0
05/30/2020 12:00:00 AM,Wilshire,ROBBERY,34.0761,-118.3731,0
03/25/2020 12:00:00 AM,Wilshire,CRIMINAL THREATS - NO WEAPON DISPLAYED,34.0405,-118.3548,0
11/04/2020 12:00:00 AM,Van Nuys,THEFT OF IDENTITY,34.193,-118.4603,0
05/07/2020 12:00:00 AM,Harbor,CHILD ABUSE (PHYSICAL) - SIMPLE ASSAULT,33.7852,-118.2477,0
04/26/2020 12:00:00 AM,Rampart,"ASSAULT WITH DEADLY WEAPON, AGGRAVATED ASSAULT",34.052,-118.2624,0
12/24/2020 12:00:00 AM,77th Street,BURGLARY,33.9772,-118.2915,0
12/17/2020 12:00:00 AM,Wilshire,VEHICLE - STOLEN,34.0816,-118.3627,0
01/23/2020 12:00:00 AM,77th Street,INTIMATE PARTNER - SIMPLE ASSAULT,33.9487,-118.309,0
06/07/2020 12:00:00 AM,Rampart,SEXUAL PENETRATION W/FOREIGN OBJECT,34.0396,-118.2805,0
06/21/2020 12:00:00 AM,Rampart,"VANDALISM - FELONY ($400 & OVER, ALL CHURCH VANDALISMS)",34.0511,-118.2842,0
04/18/2020 12:00:00 AM,Van Nuys,"VANDALISM - FELONY ($400 & OVER, ALL CHURCH VANDALISMS)",34.1847,-118.4465,0
01/03/2020 12:00:00 AM,Hollywood,THEFT FROM PERSON - ATTEMPT,34.0944,-118.3363,0
09/20/2020 12:00:00 AM,Rampart,BATTERY - SIMPLE ASSAULT,34.0584,-118.2824,0
07/03/2020 12:00:00 AM,West Valley,BURGLARY FROM VEHICLE,34.1724,-118.5645,0
12/24/2020 12:00:00 AM,77th Street,INTIMATE PARTNER - SIMPLE ASSAULT,33.986,-118.2816,0
10/02/2020 12:00:00 AM,West Valley,"LETTERS, LEWD  -  TELEPHONE CALLS, LEWD",34.1746,-118.5203,0
10/26/2020 12:00:00 AM,77th Street,VEHICLE - STOLEN,33.9601,-118.2827,0
07/06/2020 12:00:00 AM,Van Nuys,INTIMATE PARTNER - SIMPLE ASSAULT,34.193,-118.4389,0
04/27/2020 12:00:00 AM,Wilshire,THEFT PLAIN - PETTY ($950 & UNDER),34.042,-118.3731,0
05/16/2020 12:00:00 AM,Southwest,THEFT PLAIN - PETTY ($950 & UNDER),34.0273,-118.2981,0
09/04/2020 12:00:00 AM,Rampart,THEFT OF IDENTITY,34.0693,-118.2583,0
04/06/2020 12:00:00 AM,Central,VIOLATION OF RESTRAINING ORDER,34.0412,-118.2436,0
11/04/2020 12:00:00 AM,Van Nuys,THEFT PLAIN - PETTY ($950 & UNDER),34.2012,-118.4725,0
05/17/2020 12:00:00 AM,Wilshire,"ASSAULT WITH DEADLY WEAPON, AGGRAVATED ASSAULT",34.0764,-118.3786,0
09/15/2020 12:00:00 AM,77th Street,BURGLARY,33.9988,-118.2827,0
02/04/2020 12:00:00 AM,Newton,BURGLARY,34.0037,-118.2609,0
04/04/2020 12:00:00 AM,Southwest,VEHICLE - STOLEN,34.0083,-118.29,0
08/04/2020 12:00:00 AM,Northeast,"VANDALISM - FELONY ($400 & OVER, ALL CHURCH VANDALISMS)",34.119,-118.2422,0
09/26/2020 12:00:00 AM,Northeast,THEFT PLAIN - PETTY ($950 & UNDER),34.0991,-118.2787,0
07/16/2020 12:00:00 AM,Central,"ASSAULT WITH DEADLY WEAPON, AGGRAVATED ASSAULT",34.0459,-118.2579,0
09/11/2020 12:00:00 AM,Hollywood,BURGLARY,34.1016,-118.3506,0
08/07/2020 12:00:00 AM,Harbor,THEFT FROM MOTOR VEHICLE - GRAND ($950.01 AND OVER),33.737,-118.2902,0
07/27/2020 12:00:00 AM,Wilshire,CHILD ABUSE (PHYSICAL) - AGGRAVATED ASSAULT,34.0452,-118.327,0
10/25/2020 12:00:00 AM,Harbor,THROWING OBJECT AT MOVING VEHICLE,33.7905,-118.2811,0
08/26/2020 12:00:00 AM,Hollywood,VEHICLE - STOLEN,34.1037,-118.3267,0
04/25/2020 12:00:00 AM,West Valley,"BURGLARY, ATTEMPTED",34.1629,-118.4804,0
03/24/2020 12:00:00 AM,West Valley,ROBBERY,34.1774,-118.5491,0
07/06/2020 12:00:00 AM,Van Nuys,ARSON,34.1837,-118.4465,0
10/03/2020 12:00:00 AM,77th Street,"VANDALISM - FELONY ($400 & OVER, ALL CHURCH VANDALISMS)",33.9818,-118.3586,0
05/03/2020 12:00:00 AM,77th Street,VEHICLE - STOLEN,33.9432,-118.309,0
05/17/2020 12:00:00 AM,West LA,ROBBERY,34.0626,-118.4454,0
11/07/2020 12:00:00 AM,Harbor,VIOLATION OF RESTRAINING ORDER,33.7261,-118.2885,0
10/08/2020 12:00:00 AM,Wilshire,THEFT FROM MOTOR VEHICLE - GRAND ($950.01 AND OVER),34.0573,-118.3459,0
11/20/2020 12:00:00 AM,Van Nuys,BATTERY - SIMPLE ASSAULT,34.2112,-118.4706,0
12/01/2020 12:00:00 AM,Southwest,INTIMATE PARTNER - SIMPLE ASSAULT,34.0083,-118.3304,0
06/10/2020 12:00:00 AM,Hollywood,SHOPLIFTING - PETTY THEFT ($950 & UNDER),34.1,-118.3113,0
02/10/2020 12:00:00 AM,Hollywood,VIOLATION OF COURT ORDER,34.0871,-118.3266,0
05/12/2020 12:00:00 AM,West LA,THEFT FROM MOTOR VEHICLE - GRAND ($950.01 AND OVER),34.0588,-118.4218,0
03/25/2020 12:00:00 AM,Hollywood,BURGLARY,34.1211,-118.3734,0
07/26/2020 12:00:00 AM,Northeast,VANDALISM - MISDEAMEANOR ($399 OR UNDER),34.0889,-118.2304,0
07/01/2020 12:00:00 AM,77th Street,"VANDALISM - FELONY ($400 & OVER, ALL CHURCH VANDALISMS)",33.9608,-118.2827,0
05/25/2020 12:00:00 AM,Southwest,SHOPLIFTING - PETTY THEFT ($950 & UNDER),34.0288,-118.2756,0
05/18/2020 12:00:00 AM,Southwest,VEHICLE - STOLEN,34.001,-118.3308,0
10/17/2020 12:00:00 AM,Southwest,"ASSAULT WITH DEADLY WEAPON, AGGRAVATED ASSAULT",34.0255,-118.2959,0
12/23/2020 12:00:00 AM,Hollywood,"THEFT-GRAND ($950.01 & OVER)EXCPT,GUNS,FOWL,LIVESTK,PROD",34.0998,-118.33,0
07/28/2020 12:00:00 AM,West Valley,BATTERY - SIMPLE ASSAULT,34.166,-118.5095,0
02/03/2020 12:00:00 AM,77th Street,VEHICLE - STOLEN,33.9754,-118.286,0
05/06/2020 12:00:00 AM,Harbor,INTIMATE PARTNER - SIMPLE ASSAULT,33.7161,-118.2907,0
07/19/2020 12:00:00 AM,Van Nuys,BURGLARY FROM VEHICLE,34.156,-118.4542,0
08/02/2020 12:00:00 AM,Van Nuys,BURGLARY FROM VEHICLE,34.1857,-118.4443,0
05/11/2020 12:00:00 AM,Hollenbeck,THEFT FROM MOTOR VEHICLE - PETTY ($950 & UNDER),34.059,-118.1947,0
02/20/2020 12:00:00 AM,Rampart,VIOLATION OF COURT ORDER,34.0522,-118.2673,0
05/30/2020 12:00:00 AM,Wilshire,BURGLARY,34.0847,-118.3686,0
01/10/2020 12:00:00 AM,West Valley,BATTERY - SIMPLE ASSAULT,34.1775,-118.536,0
11/02/2020 12:00:00 AM,Hollenbeck,CRIMINAL THREATS - NO WEAPON DISPLAYED,34.09,-118.168,0
06/03/2020 12:00:00 AM,Van Nuys,BURGLARY FROM VEHICLE,34.1495,-118.4461,0
02/14/2020 12:00:00 AM,Wilshire,THEFT FROM MOTOR VEHICLE - GRAND ($950.01 AND OVER),34.0557,-118.3405,0
10/07/2020 12:00:00 AM,Hollywood,BURGLARY FROM VEHICLE,34.0908,-118.3136,0
03/06/2020 12:00:00 AM,Southwest,BIKE - STOLEN,34.03,-118.2801,0
11/20/2020 12:00:00 AM,Northeast,ROBBERY,34.1129,-118.2304,0
12/10/2020 12:00:00 AM,Harbor,VEHICLE - STOLEN,33.727,-118.3078,0
11/04/2020 12:00:00 AM,West LA,VIOLATION OF COURT ORDER,34.0621,-118.4428,0
06/25/2020 12:00:00 AM,West Valley,BATTERY - SIMPLE ASSAULT,34.2077,-118.4912,0
04/12/2020 12:00:00 AM,Van Nuys,THEFT PLAIN - PETTY ($950 & UNDER),34.1504,-118.4312,0
06/19/2020 12:00:00 AM,Southwest,VIOLATION OF RESTRAINING ORDER,34.0271,-118.2991,0
05/07/2020 12:00:00 AM,Harbor,"THEFT-GRAND ($950.01 & OVER)EXCPT,GUNS,FOWL,LIVESTK,PROD",33.7905,-118.3011,0
08/08/2020 12:00:00 AM,Central,ROBBERY,34.0496,-118.2603,0
02/25/2020 12:00:00 AM,Northeast,"THEFT-GRAND ($950.01 & OVER)EXCPT,GUNS,FOWL,LIVESTK,PROD",34.0862,-118.2518,0
08/22/2020 12:00:00 AM,Wilshire,"LETTERS, LEWD  -  TELEPHONE CALLS, LEWD",34.0728,-118.3656,0
05/17/2020 12:00:00 AM,Northeast,VEHICLE - STOLEN,34.0815,-118.2638,0
06/13/2020 12:00:00 AM,Rampart,"VANDALISM - FELONY ($400 & OVER, ALL CHURCH VANDALISMS)",34.0677,-118.2728,0
11/28/2020 12:00:00 AM,Southwest,BRANDISH WEAPON,34.0219,-118.3045,0
12/20/2020 12:00:00 AM,Rampart,BURGLARY,34.0523,-118.2633,0
09/25/2020 12:00:00 AM,77th Street,VEHICLE - STOLEN,33.9778,-118.3024,0
01/26/2020 12:00:00 AM,Northeast,THEFT PLAIN - PETTY ($950 & UNDER),34.0813,-118.2679,0
03/11/2020 12:00:00 AM,Hollywood,TRESPASSING,34.1079,-118.3337,0
04/12/2020 12:00:00 AM,Rampart,"VANDALISM - FELONY ($400 & OVER, ALL CHURCH VANDALISMS)",34.0909,-118.2893,0
02/07/2020 12:00:00 AM,Newton,"BUNCO, PETTY THEFT",34.0092,-118.2616,0
03/04/2020 12:00:00 AM,Hollywood,BATTERY POLICE (SIMPLE),34.0944,-118.331,0
01/13/2020 12:00:00 AM,Central,"THEFT-GRAND ($950.01 & OVER)EXCPT,GUNS,FOWL,LIVESTK,PROD",34.0452,-118.2569,0
05/16/2020 12:00:00 AM,West LA,THEFT FROM MOTOR VEHICLE - PETTY ($950 & UNDER),34.0415,-118.457,0
02/26/2020 12:00:00 AM,77th Street,INTIMATE PARTNER - SIMPLE ASSAULT,33.961,-118.2919,0
05/15/2020 12:00:00 AM,Rampart,ROBBERY,34.0569,-118.2736,0
03/16/2020 12:00:00 AM,Wilshire,BURGLARY FROM VEHICLE,34.0649,-118.3514,0
01/26/2020 12:00:00 AM,West Valley,"BURGLARY, ATTEMPTED",34.1878,-118.4793,0
11/28/2020 12:00:00 AM,77th Street,THEFT FROM MOTOR VEHICLE - GRAND ($950.01 AND OVER),33.9642,-118.2673,0
03/27/2020 12:00:00 AM,Harbor,"VANDALISM - FELONY ($400 & OVER, ALL CHURCH VANDALISMS)",33.7822,-118.2495,0
02/14/2020 12:00:00 AM,Van Nuys,INTIMATE PARTNER - SIMPLE ASSAULT,34.1662,-118.419,0
09/06/2020 12:00:00 AM,Rampart,BATTERY - SIMPLE ASSAULT,34.0557,-118.2758,0
06/13/2020 12:00:00 AM,Southwest,INTIMATE PARTNER - SIMPLE ASSAULT,34.0055,-118.3095,0
07/25/2020 12:00:00 AM,Rampart,THEFT FROM MOTOR VEHICLE - PETTY ($950 & UNDER),34.0548,-118.2638,0
05/20/2020 12:00:00 AM,Van Nuys,VIOLATION OF COURT ORDER,34.2012,-118.4725,0
07/14/2020 12:00:00 AM,Hollywood,BIKE - STOLEN,34.1036,-118.3049,0
12/15/2020 12:00:00 AM,Central,BURGLARY FROM VEHICLE,34.0644,-118.232,0
04/09/2020 12:00:00 AM,Hollywood,BURGLARY,34.1039,-118.3311,0
07/16/2020 12:00:00 AM,Southwest,VANDALISM - MISDEAMEANOR ($399 OR UNDER),34.0162,-118.368,0
04/04/2020 12:00:00 AM,Hollenbeck,THEFT FROM MOTOR VEHICLE - GRAND ($950.01 AND OVER),34.0722,-118.2001,0
04/12/2020 12:00:00 AM,Northeast,"VANDALISM - FELONY ($400 & OVER, ALL CHURCH VANDALISMS)",34.1053,-118.2785,0
12/29/2020 12:00:00 AM,Wilshire,"ASSAULT WITH DEADLY WEAPON, AGGRAVATED ASSAULT",34.0361,-118.3392,0
05/04/2020 12:00:00 AM,Central,"LETTERS, LEWD  -  TELEPHONE CALLS, LEWD",34.0467,-118.252,0
01/26/2020 12:00:00 AM,Hollenbeck,VIOLATION OF COURT ORDER,34.0199,-118.2048,0
03/01/2020 12:00:00 AM,77th Street,BATTERY - SIMPLE ASSAULT,33.9647,-118.2586,0
06/15/2020 12:00:00 AM,77th Street,BATTERY - SIMPLE ASSAULT,33.9892,-118.3045,0
06/15/2020 12:00:00 AM,Hollywood,BRANDISH WEAPON,34.104,-118.3297,0
11/10/2020 12:00:00 AM,Harbor,VEHICLE - STOLEN,33.7433,-118.3043,0
11/10/2020 12:00:00 AM,Central,THEFT PLAIN - PETTY ($950 & UNDER),34.0569,-118.254,0
12/11/2020 12:00:00 AM,Hollywood,BURGLARY FROM VEHICLE,34.1003,-118.3448,0
09/17/2020 12:00:00 AM,Harbor,BURGLARY,33.7812,-118.2625,0
08/29/2020 12:00:00 AM,Southwest,BURGLARY FROM VEHICLE,34.0343,-118.3296,0
11/14/2020 12:00:00 AM,Harbor,BURGLARY,33.7756,-118.2627,0
11/18/2020 12:00:00 AM,Harbor,VANDALISM - MISDEAMEANOR ($399 OR UNDER),33.7895,-118.3004,0
06/16/2020 12:00:00 AM,West Valley,BATTERY - SIMPLE ASSAULT,34.1938,-118.5558,0
04/02/2020 12:00:00 AM,77th Street,BATTERY - SIMPLE ASSAULT,33.9627,-118.3046,0
08/22/2020 12:00:00 AM,Rampart,INTIMATE PARTNER - SIMPLE ASSAULT,34.0674,-118.2753,0
06/15/2020 12:00:00 AM,Southwest,VANDALISM - MISDEAMEANOR ($399 OR UNDER),34.0237,-118.3002,0
09/26/2020 12:00:00 AM,77th Street,BRANDISH WEAPON,33.9824,-118.2807,0
05/31/2020 12:00:00 AM,Harbor,INTIMATE PARTNER - SIMPLE ASSAULT,33.7734,-118.2763,0
01/02/2020 12:00:00 AM,Southwest,VEHICLE - STOLEN,34.0146,-118.3232,0
01/28/2020 12:00:00 AM,Newton,ROBBERY,34.0206,-118.2428,0
06/13/2020 12:00:00 AM,Wilshire,"VANDALISM - FELONY ($400 & OVER, ALL CHURCH VANDALISMS)",34.0561,-118.3264,0
04/13/2020 12:00:00 AM,Hollenbeck,VANDALISM - MISDEAMEANOR ($399 OR UNDER),34.0366,-118.2189,0
03/12/2020 12:00:00 AM,West Valley,CHILD ABUSE (PHYSICAL) - SIMPLE ASSAULT,34.2029,-118.4964,0
04/25/2020 12:00:00 AM,Van Nuys,INTIMATE PARTNER - SIMPLE ASSAULT,34.1877,-118.44,0
08/15/2020 12:00:00 AM,Rampart,VANDALISM - MISDEAMEANOR ($399 OR UNDER),34.0652,-118.2593,0
01/06/2020 12:00:00 AM,Southwest,ROBBERY,34.0151,-118.3422,0
01/23/2020 12:00:00 AM,Central,"THEFT-GRAND ($950.01 & OVER)EXCPT,GUNS,FOWL,LIVESTK,PROD",34.0481,-118.2542,0
04/15/2020 12:00:00 AM,77th Street,ROBBERY,33.9762,-118.3133,0
08/24/2020 12:00:00 AM,Rampart,ROBBERY,34.0579,-118.2759,0
02/23/2020 12:00:00 AM,Harbor,"ASSAULT WITH DEADLY WEAPON, AGGRAVATED ASSAULT",33.7333,-118.2805,0
03/16/2020 12:00:00 AM,Wilshire,VEHICLE - STOLEN,34.087,-118.3753,0
01/17/2020 12:00:00 AM,Northeast,BATTERY - SIMPLE ASSAULT,34.1018,-118.2945,0
03/14/2020 12:00:00 AM,Newton,VEHICLE - STOLEN,34.0026,-118.2609,0
10/31/2020 12:00:00 AM,West LA,SHOPLIFTING - PETTY THEFT ($950 & UNDER),34.06,-118.42,0
10/03/2020 12:00:00 AM,Central,"ASSAULT WITH DEADLY WEAPON, AGGRAVATED ASSAULT",34.037,-118.2385,0
02/16/2020 12:00:00 AM,Hollenbeck,CONTEMPT OF COURT,34.09,-118.175,0
04/08/2020 12:00:00 AM,Hollenbeck,VEHICLE - STOLEN,34.081,-118.1819,0
07/17/2020 12:00:00 AM,West Valley,VIOLATION OF RESTRAINING ORDER,34.1938,-118.5534,0
07/25/2020 12:00:00 AM,Wilshire,THEFT FROM MOTOR VEHICLE - GRAND ($950.01 AND OVER),34.042,-118.3731,0
06/20/2020 12:00:00 AM,West LA,LEWD CONDUCT,34.05,-118.3865,0
10/10/2020 12:00:00 AM,Hollywood,THEFT OF IDENTITY,34.0907,-118.3289,0
10/13/2020 12:00:00 AM,Hollywood,"THEFT-GRAND ($950.01 & OVER)EXCPT,GUNS,FOWL,LIVESTK,PROD",34.1039,-118.3297,0
03/03/2020 12:00:00 AM,Hollywood,BATTERY - SIMPLE ASSAULT,34.098,-118.3267,0
01/13/2020 12:00:00 AM,Southwest,"VANDALISM - FELONY ($400 & OVER, ALL CHURCH VANDALISMS)",34.0251,-118.278,0
04/22/2020 12:00:00 AM,Rampart,THEFT PLAIN - PETTY ($950 & UNDER),34.0881,-118.295,0
06/21/2020 12:00:00 AM,Rampart,THEFT FROM MOTOR VEHICLE - GRAND ($950.01 AND OVER),34.0519,-118.2755,0
11/07/2020 12:00:00 AM,Central,ROBBERY,34.0406,-118.2646,0
06/01/2020 12:00:00 AM,Southwest,"EMBEZZLEMENT, PETTY THEFT ($950 & UNDER)",34.0282,-118.3133,0
08/05/2020 12:00:00 AM,Central,BURGLARY,34.0303,-118.2627,0
05/02/2020 12:00:00 AM,Central,BURGLARY FROM VEHICLE,34.0663,-118.2441,0
10/25/2020 12:00:00 AM,Southwest,"ASSAULT WITH DEADLY WEAPON, AGGRAVATED ASSAULT",34.0251,-118.3189,0
01/20/2020 12:00:00 AM,Southwest,BATTERY - SIMPLE ASSAULT,34.0206,-118.3128,0
05/04/2020 12:00:00 AM,Southwest,"VANDALISM - FELONY ($400 & OVER, ALL CHURCH VANDALISMS)",34.0109,-118.298,0
07/18/2020 12:00:00 AM,Rampart,"BURGLARY, ATTEMPTED",34.0671,-118.2714,0
02/05/2020 12:00:00 AM,77th Street,BURGLARY FROM VEHICLE,33.9931,-118.3367,0
12/10/2020 12:00:00 AM,Van Nuys,THEFT FROM MOTOR VEHICLE - GRAND ($950.01 AND OVER),34.1505,-118.44,0
03/30/2020 12:00:00 AM,77th Street,BRANDISH WEAPON,33.9905,-118.2856,0
09/09/2020 12:00:00 AM,Hollywood,"ASSAULT WITH DEADLY WEAPON, AGGRAVATED ASSAULT",34.1018,-118.3093,0
08/08/2020 12:00:00 AM,Van Nuys,BURGLARY,34.1527,-118.4596,0
10/02/2020 12:00:00 AM,Rampart,INTIMATE PARTNER - SIMPLE ASSAULT,34.0506,-118.2769,0
01/01/2020 12:00:00 AM,Newton,"SEX,UNLAWFUL(INC MUTUAL CONSENT, PENETRATION W/ FRGN OBJ",34.0259,-118.2561,0
08/05/2020 12:00:00 AM,Van Nuys,INTIMATE PARTNER - SIMPLE ASSAULT,34.1985,-118.4494,0
07/19/2020 12:00:00 AM,Hollywood,INTIMATE PARTNER - SIMPLE ASSAULT,34.0895,-118.3114,0
03/01/2020 12:00:00 AM,Rampart,CRIMINAL THREATS - NO WEAPON DISPLAYED,34.0535,-118.2609,0
06/01/2020 12:00:00 AM,Northeast,THEFT OF IDENTITY,34.0982,-118.2966,0
08/16/2020 12:00:00 AM,Hollenbeck,INTIMATE PARTNER - SIMPLE ASSAULT,34.0191,-118.2083,0
12/17/2020 12:00:00 AM,Rampart,INTIMATE PARTNER - SIMPLE ASSAULT,34.0619,-118.2817,0
12/04/2020 12:00:00 AM,West LA,THEFT OF IDENTITY,34.0497,-118.4395,0
12/24/2020 12:00:00 AM,West LA,"ASSAULT WITH DEADLY WEAPON, AGGRAVATED ASSAULT",34.0579,-118.4683,0
04/01/2020 12:00:00 AM,Northeast,BATTERY - SIMPLE ASSAULT,34.1391,-118.2141,0
12/31/2020 12:00:00 AM,Southwest,BATTERY - SIMPLE ASSAULT,34.0194,-118.3351,0
05/12/2020 12:00:00 AM,Van Nuys,"ASSAULT WITH DEADLY WEAPON, AGGRAVATED ASSAULT",34.1576,-118.4062,0
08/28/2020 12:00:00 AM,Hollenbeck,"BURGLARY FROM VEHICLE, ATTEMPTED",34.0806,-118.2192,0
10/18/2020 12:00:00 AM,Rampart,VEHICLE - STOLEN,34.0609,-118.28,0
02/13/2020 12:00:00 AM,Northeast,"EMBEZZLEMENT, GRAND THEFT ($950.01 & OVER)",34.1315,-118.2233,0
10/29/2020 12:00:00 AM,Wilshire,VEHICLE - STOLEN,34.0689,-118.3385,0
05/28/2020 12:00:00 AM,Central,VANDALISM - MISDEAMEANOR ($399 OR UNDER),34.0522,-118.2434,0
05/28/2020 12:00:00 AM,West LA,THEFT OF IDENTITY,34.0328,-118.4366,0
06/11/2020 12:00:00 AM,West Valley,CRIMINAL THREATS - NO WEAPON DISPLAYED,34.1747,-118.5245,0
05/09/2020 12:00:00 AM,West LA,BURGLARY FROM VEHICLE,34.0433,-118.4204,0
12/04/2020 12:00:00 AM,Northeast,VEHICLE - STOLEN,34.108,-118.2091,0
09/25/2020 12:00:00 AM,Northeast,VANDALISM - MISDEAMEANOR ($399 OR UNDER),34.1036,-118.2983,0
12/13/2020 12:00:00 AM,Northeast,INTIMATE PARTNER - SIMPLE ASSAULT,34.1,-118.3005,0
12/23/2020 12:00:00 AM,Hollywood,"THEFT-GRAND ($950.01 & OVER)EXCPT,GUNS,FOWL,LIVESTK,PROD",34.098,-118.3228,0
08/11/2020 12:00:00 AM,West LA,THEFT FROM MOTOR VEHICLE - GRAND ($950.01 AND OVER),34.0478,-118.5181,0
12/25/2020 12:00:00 AM,Wilshire,OTHER MISCELLANEOUS CRIME,34.0398,-118.3435,0
04/29/2020 12:00:00 AM,Central,BURGLARY FROM VEHICLE,34.0454,-118.2657,0
08/10/2020 12:00:00 AM,Hollywood,"VANDALISM - FELONY ($400 & OVER, ALL CHURCH VANDALISMS)",34.0835,-118.331,0
02/26/2020 12:00:00 AM,West Valley,"THEFT-GRAND ($950.01 & OVER)EXCPT,GUNS,FOWL,LIVESTK,PROD",34.1626,-118.5295,0
03/05/2020 12:00:00 AM,West Valley,THEFT PLAIN - PETTY ($950 & UNDER),34.1745,-118.5384,0
09/29/2020 12:00:00 AM,Van Nuys,INTIMATE PARTNER - SIMPLE ASSAULT,34.1923,-118.4465,0
04/14/2020 12:00:00 AM,77th Street,THEFT OF IDENTITY,33.9909,-118.3282,0
04/01/2020 12:00:00 AM,Southwest,THEFT FROM MOTOR VEHICLE - PETTY ($950 & UNDER),34.0192,-118.304,0
02/01/2020 12:00:00 AM,Central,THEFT OF IDENTITY,34.0458,-118.2614,0
04/27/2020 12:00:00 AM,Southwest,ROBBERY,34.0055,-118.3171,0
03/15/2020 12:00:00 AM,Rampart,INTIMATE PARTNER - SIMPLE ASSAULT,34.0776,-118.2635,0
04/20/2020 12:00:00 AM,Harbor,BATTERY - SIMPLE ASSAULT,33.7351,-118.2814,0
02/09/2020 12:00:00 AM,West Valley,BURGLARY FROM VEHICLE,34.1881,-118.5491,0
09/19/2020 12:00:00 AM,Van Nuys,VANDALISM - MISDEAMEANOR ($399 OR UNDER),34.2013,-118.4659,0
12/20/2020 12:00:00 AM,Rampart,CRIMINAL THREATS - NO WEAPON DISPLAYED,34.0523,-118.2699,0
01/01/2020 12:00:00 AM,Hollywood,THEFT OF IDENTITY,34.0998,-118.3295,0
09/17/2020 12:00:00 AM,Hollywood,CRIMINAL THREATS - NO WEAPON DISPLAYED,34.0999,-118.3038,0
08/29/2020 12:00:00 AM,Northeast,THEFT PLAIN - PETTY ($950 & UNDER),34.1367,-118.2089,0
11/12/2020 12:00:00 AM,Rampart,INTIMATE PARTNER - AGGRAVATED ASSAULT,34.0589,-118.2636,0
06/28/2020 12:00:00 AM,Hollenbeck,"ASSAULT WITH DEADLY WEAPON, AGGRAVATED ASSAULT",34.0255,-118.1957,0
12/26/2020 12:00:00 AM,Hollywood,VEHICLE - STOLEN,34.1016,-118.331,0
09/28/2020 12:00:00 AM,Central,"ASSAULT WITH DEADLY WEAPON, AGGRAVATED ASSAULT",34.0453,-118.2443,0
01/31/2020 12:00:00 AM,Van Nuys,INTIMATE PARTNER - SIMPLE ASSAULT,34.1467,-118.4674,0
02/09/2020 12:00:00 AM,West Valley,INTIMATE PARTNER - SIMPLE ASSAULT,34.1903,-118.4924,0
01/09/2020 12:00:00 AM,Central,INTIMATE PARTNER - AGGRAVATED ASSAULT,34.0449,-118.2458,0
11/07/2020 12:00:00 AM,Hollywood,BATTERY - SIMPLE ASSAULT,34.1069,-118.3375,0
05/12/2020 12:00:00 AM,Southwest,BATTERY - SIMPLE ASSAULT,34.0326,-118.3363,0
07/08/2020 12:00:00 AM,77th Street,BATTERY - SIMPLE ASSAULT,33.9624,-118.2907,0
07/12/2020 12:00:00 AM,Rampart,VEHICLE - STOLEN,34.0454,-118.2742,0
07/29/2020 12:00:00 AM,Hollenbeck,VIOLATION OF RESTRAINING ORDER,34.0527,-118.1969,0
02/02/2020 12:00:00 AM,Rampart,BATTERY - SIMPLE ASSAULT,34.0401,-118.276,0
06/28/2020 12:00:00 AM,77th Street,CRIMINAL THREATS - NO WEAPON DISPLAYED,33.9674,-118.2673,0
04/25/2020 12:00:00 AM,Wilshire,VEHICLE - STOLEN,34.0503,-118.3612,0
04/29/2020 12:00:00 AM,West LA,THEFT FROM MOTOR VEHICLE - PETTY ($950 & UNDER),34.0658,-118.4811,0
04/07/2020 12:00:00 AM,Central,BATTERY - SIMPLE ASSAULT,34.0467,-118.252,0
01/11/2020 12:00:00 AM,Hollenbeck,BURGLARY,34.031,-118.2015,0
08/24/2020 12:00:00 AM,Harbor,THEFT FROM MOTOR VEHICLE - GRAND ($950.01 AND OVER),33.7807,-118.2494,0
03/22/2020 12:00:00 AM,Wilshire,BURGLARY FROM VEHICLE,34.082,-118.3703,0
10/10/2020 12:00:00 AM,Central,BURGLARY FROM VEHICLE,34.046,-118.2595,0
02/21/2020 12:00:00 AM,Harbor,BURGLARY FROM VEHICLE,33.8524,-118.2924,0
05/23/2020 12:00:00 AM,Rampart,THEFT FROM MOTOR VEHICLE - GRAND ($950.01 AND OVER),34.057,-118.2635,0
08/22/2020 12:00:00 AM,Northeast,ATTEMPTED ROBBERY,34.0949,-118.2243,0
09/25/2020 12:00:00 AM,Hollenbeck,"VANDALISM - FELONY ($400 & OVER, ALL CHURCH VANDALISMS)",34.0253,-118.2224,0
07/01/2020 12:00:00 AM,Northeast,CHILD NEGLECT (SEE 300 W.I.C.),34.1138,-118.1798,0
05/23/2020 12:00:00 AM,West Valley,VEHICLE - STOLEN,34.1889,-118.4902,0
04/19/2020 12:00:00 AM,West LA,VEHICLE - STOLEN,34.046,-118.4652,0
11/17/2020 12:00:00 AM,West Valley,CHILD ANNOYING (17YRS & UNDER),34.2012,-118.5218,0
03/19/2020 12:00:00 AM,Hollywood,INTIMATE PARTNER - SIMPLE ASSAULT,34.0998,-118.3211,0
09/11/2020 12:00:00 AM,Central,BURGLARY,34.0595,-118.2451,0
10/09/2020 12:00:00 AM,Wilshire,VIOLATION OF RESTRAINING ORDER,34.0623,-118.3462,0
05/21/2020 12:00:00 AM,Hollywood,VEHICLE - STOLEN,34.0885,-118.3114,0
07/17/2020 12:00:00 AM,77th Street,VEHICLE - STOLEN,33.9636,-118.3156,0
08/22/2020 12:00:00 AM,77th Street,VANDALISM - MISDEAMEANOR ($399 OR UNDER),33.971,-118.2981,0
11/19/2020 12:00:00 AM,77th Street,BATTERY - SIMPLE ASSAULT,33.981,-118.3352,0
02/17/2020 12:00:00 AM,Central,BURGLARY FROM VEHICLE,34.0517,-118.2491,0
06/23/2020 12:00:00 AM,West LA,BATTERY - SIMPLE ASSAULT,34.0492,-118.4394,0
06/01/2020 12:00:00 AM,Northeast,THEFT OF IDENTITY,34.1429,-118.2139,0
10/06/2020 12:00:00 AM,77th Street,"ASSAULT WITH DEADLY WEAPON, AGGRAVATED ASSAULT",33.9613,-118.2871,0
12/05/2020 12:00:00 AM,77th Street,BRANDISH WEAPON,33.9747,-118.2833,0
08/31/2020 12:00:00 AM,West Valley,THEFT FROM MOTOR VEHICLE - PETTY ($950 & UNDER),34.1728,-118.5603,0
05/22/2020 12:00:00 AM,Central,OTHER ASSAULT,34.039,-118.266,0
11/10/2020 12:00:00 AM,Rampart,THEFT PLAIN - PETTY ($950 & UNDER),34.0507,-118.2643,0
10/29/2020 12:00:00 AM,Rampart,THEFT FROM MOTOR VEHICLE - GRAND ($950.01 AND OVER),34.0542,-118.2611,0
04/11/2020 12:00:00 AM,Hollywood,BATTERY - SIMPLE ASSAULT,34.1017,-118.3224,0
05/13/2020 12:00:00 AM,Van Nuys,BURGLARY FROM VEHICLE,34.1806,-118.4662,0
11/16/2020 12:00:00 AM,Central,SHOPLIFTING - PETTY THEFT ($950 & UNDER),34.0406,-118.2578,0
02/10/2020 12:00:00 AM,Van Nuys,"THEFT, PERSON",34.137,-118.4187,0
03/24/2020 12:00:00 AM,77th Street,BRANDISH WEAPON,33.9651,-118.2754,0
10/06/2020 12:00:00 AM,Rampart,"VANDALISM - FELONY ($400 & OVER, ALL CHURCH VANDALISMS)",34.0549,-118.2778,0
10/22/2020 12:00:00 AM,Central,ROBBERY,34.046,-118.2493,0
11/13/2020 12:00:00 AM,77th Street,THEFT FROM MOTOR VEHICLE - PETTY ($950 & UNDER),33.9735,-118.2827,0
01/22/2020 12:00:00 AM,Northeast,CRIMINAL THREATS - NO WEAPON DISPLAYED,34.12,-118.2288,0
10/14/2020 12:00:00 AM,Northeast,VIOLATION OF RESTRAINING ORDER,34.0974,-118.2367,0
03/23/2020 12:00:00 AM,Van Nuys,VANDALISM - MISDEAMEANOR ($399 OR UNDER),34.1827,-118.4465,0
02/13/2020 12:00:00 AM,77th Street,INTIMATE PARTNER - AGGRAVATED ASSAULT,33.996,-118.3089,0
02/09/2020 12:00:00 AM,Southwest,THEFT OF IDENTITY,34.0328,-118.2953,0
02/04/2020 12:00:00 AM,Central,BATTERY POLICE (SIMPLE),34.0469,-118.2595,0
07/28/2020 12:00:00 AM,Hollywood,"BUNCO, GRAND THEFT",34.1146,-118.3607,0
04/10/2020 12:00:00 AM,77th Street,BURGLARY FROM VEHICLE,34.0019,-118.3002,0
11/06/2020 12:00:00 AM,77th Street,BATTERY POLICE (SIMPLE),33.9703,-118.2783,0
12/08/2020 12:00:00 AM,Central,BURGLARY,34.0607,-118.2494,0
08/08/2020 12:00:00 AM,77th Street,BATTERY - SIMPLE ASSAULT,33.9669,-118.2739,0
11/03/2020 12:00:00 AM,Wilshire,VANDALISM - MISDEAMEANOR ($399 OR UNDER),34.0469,-118.364,0
02/09/2020 12:00:00 AM,West Valley,THEFT FROM MOTOR VEHICLE - PETTY ($950 & UNDER),34.1866,-118.5491,0
11/12/2020 12:00:00 AM,Southwest,"ASSAULT WITH DEADLY WEAPON, AGGRAVATED ASSAULT",34.0363,-118.2919,0
04/14/2020 12:00:00 AM,Central,BATTERY - SIMPLE ASSAULT,34.0478,-118.2454,0
01/30/2020 12:00:00 AM,Southwest,VEHICLE - STOLEN,34.0056,-118.2816,0
08/07/2020 12:00:00 AM,Central,"VANDALISM - FELONY ($400 & OVER, ALL CHURCH VANDALISMS)",34.0583,-118.2378,0
02/06/2020 12:00:00 AM,77th Street,THEFT FROM MOTOR VEHICLE - ATTEMPT,33.9824,-118.2811,0
10/11/2020 12:00:00 AM,Central,"ASSAULT WITH DEADLY WEAPON, AGGRAVATED ASSAULT",34.0473,-118.2601,0
06/01/2020 12:00:00 AM,Van Nuys,BURGLARY,34.1504,-118.4249,0
03/17/2020 12:00:00 AM,Hollywood,"THEFT-GRAND ($950.01 & OVER)EXCPT,GUNS,FOWL,LIVESTK,PROD",34.098,-118.3652,0
04/05/2020 12:00:00 AM,Rampart,INTIMATE PARTNER - AGGRAVATED ASSAULT,34.0534,-118.2745,0
06/07/2020 12:00:00 AM,Van Nuys,BURGLARY,34.1794,-118.4662,0
11/19/2020 12:00:00 AM,Rampart,BURGLARY,34.0797,-118.2822,0
11/09/2020 12:00:00 AM,Southwest,BURGLARY FROM VEHICLE,34.0213,-118.3467,0
07/26/2020 12:00:00 AM,Hollywood,ROBBERY,34.098,-118.3387,0
10/30/2020 12:00:00 AM,Hollenbeck,VEHICLE - STOLEN,34.0397,-118.2265,0
10/31/2020 12:00:00 AM,Van Nuys,CRIMINAL THREATS - NO WEAPON DISPLAYED,34.2066,-118.4459,0
03/31/2020 12:00:00 AM,West LA,THEFT FROM MOTOR VEHICLE - PETTY ($950 & UNDER),34.0547,-118.4026,0
02/20/2020 12:00:00 AM,Central,OTHER MISCELLANEOUS CRIME,34.0563,-118.2374,0
10/23/2020 12:00:00 AM,Harbor,THEFT FROM MOTOR VEHICLE - GRAND ($950.01 AND OVER),33.8466,-118.2992,0
03/25/2020 12:00:00 AM,Southwest,VEHICLE - STOLEN,34.0255,-118.3548,0
11/22/2020 12:00:00 AM,West LA,INTIMATE PARTNER - SIMPLE ASSAULT,34.0418,-118.3848,0
05/30/2020 12:00:00 AM,Wilshire,ASSAULT WITH DEADLY WEAPON ON POLICE OFFICER,34.0719,-118.3614,0
07/05/2020 12:00:00 AM,Northeast,BURGLARY FROM VEHICLE,34.1192,-118.3004,0
07/11/2020 12:00:00 AM,Hollywood,BATTERY - SIMPLE ASSAULT,34.0907,-118.3368,0
01/06/2020 12:00:00 AM,Central,"THEFT-GRAND ($950.01 & OVER)EXCPT,GUNS,FOWL,LIVESTK,PROD",34.0433,-118.2504,0
04/16/2020 12:00:00 AM,77th Street,INTIMATE PARTNER - AGGRAVATED ASSAULT,33.9897,-118.2937,0
09/06/2020 12:00:00 AM,Rampart,INTIMATE PARTNER - SIMPLE ASSAULT,34.0868,-118.2991,0
03/01/2020 12:00:00 AM,Southwest,BIKE - STOLEN,34.0278,-118.281,0
08/01/2020 12:00:00 AM,Hollenbeck,THEFT FROM MOTOR VEHICLE - GRAND ($950.01 AND OVER),34.0935,-118.1856,0
07/03/2020 12:00:00 AM,77th Street,VEHICLE - STOLEN,33.9611,-118.2564,0
01/14/2020 12:00:00 AM,West LA,"VANDALISM - FELONY ($400 & OVER, ALL CHURCH VANDALISMS)",34.0467,-118.4643,0
06/09/2020 12:00:00 AM,Rampart,SHOPLIFTING - PETTY THEFT ($950 & UNDER),34.0567,-118.2815,0
02/17/2020 12:00:00 AM,Central,THEFT FROM MOTOR VEHICLE - PETTY ($950 & UNDER),34.0431,-118.2692,0
07/27/2020 12:00:00 AM,Hollenbeck,THEFT FROM MOTOR VEHICLE - PETTY ($950 & UNDER),34.0426,-118.2185,0
03/26/2020 12:00:00 AM,Hollywood,BURGLARY FROM VEHICLE,34.1214,-118.3204,0
03/14/2020 12:00:00 AM,Central,BATTERY - SIMPLE ASSAULT,34.0487,-118.2588,0
06/30/2020 12:00:00 AM,77th Street,VEHICLE - STOLEN,33.9964,-118.2882,0
02/26/2020 12:00:00 AM,77th Street,BATTERY - SIMPLE ASSAULT,33.9673,-118.2783,0
02/17/2020 12:00:00 AM,Van Nuys,VEHICLE - STOLEN,34.194,-118.4334,0
03/27/2020 12:00:00 AM,Harbor,VEHICLE - STOLEN,33.7826,-118.2684,0
05/20/2020 12:00:00 AM,Southwest,CHILD ABUSE (PHYSICAL) - SIMPLE ASSAULT,34.0055,-118.2872,0
03/16/2020 12:00:00 AM,77th Street,THEFT FROM MOTOR VEHICLE - PETTY ($950 & UNDER),33.9705,-118.2739,0
07/21/2020 12:00:00 AM,Rampart,INTIMATE PARTNER - SIMPLE ASSAULT,34.0593,-118.275,0
10/03/2020 12:00:00 AM,77th Street,INTIMATE PARTNER - SIMPLE ASSAULT,33.9802,-118.3352,0
03/11/2020 12:00:00 AM,Rampart,SODOMY/SEXUAL CONTACT B/W PENIS OF ONE PERS TO ANUS OTH,34.0779,-118.2844,0
06/04/2020 12:00:00 AM,Harbor,VEHICLE - STOLEN,33.7206,-118.2946,0
07/16/2020 12:00:00 AM,Hollenbeck,"VANDALISM - FELONY ($400 & OVER, ALL CHURCH VANDALISMS)",34.0565,-118.2072,0
04/01/2020 12:00:00 AM,Hollenbeck,"ASSAULT WITH DEADLY WEAPON, AGGRAVATED ASSAULT",34.0853,-118.186,0
01/15/2020 12:00:00 AM,Van Nuys,DOCUMENT FORGERY / STOLEN FELONY,34.174,-118.4662,0
09/23/2020 12:00:00 AM,Rampart,BATTERY - SIMPLE ASSAULT,34.0727,-118.2637,0
12/07/2020 12:00:00 AM,West Valley,VANDALISM - MISDEAMEANOR ($399 OR UNDER),34.201,-118.5455,0
02/27/2020 12:00:00 AM,Rampart,BATTERY - SIMPLE ASSAULT,34.0594,-118.2833,0
05/23/2020 12:00:00 AM,West Valley,BURGLARY,34.2147,-118.523,0
12/10/2020 12:00:00 AM,Newton,ROBBERY,33.9892,-118.2412,0
09/18/2020 12:00:00 AM,77th Street,ROBBERY,33.9661,-118.2849,0
03/01/2020 12:00:00 AM,Hollenbeck,VEHICLE - STOLEN,34.0691,-118.2182,0
03/27/2020 12:00:00 AM,Newton,BURGLARY FROM VEHICLE,33.9861,-118.2739,0
09/05/2020 12:00:00 AM,Van Nuys,THEFT PLAIN - PETTY ($950 & UNDER),34.1546,-118.4574,0
10/08/2020 12:00:00 AM,Hollywood,BATTERY - SIMPLE ASSAULT,34.0907,-118.3315,0
12/04/2020 12:00:00 AM,Rampart,"VANDALISM - FELONY ($400 & OVER, ALL CHURCH VANDALISMS)",34.0891,-118.2992,0
06/16/2020 12:00:00 AM,Harbor,"VANDALISM - FELONY ($400 & OVER, ALL CHURCH VANDALISMS)",33.7809,-118.2452,0
01/04/2020 12:00:00 AM,Central,ROBBERY,34.0449,-118.2528,0
08/15/2020 12:00:00 AM,77th Street,VEHICLE - STOLEN,33.9937,-118.3101,0
04/26/2020 12:00:00 AM,77th Street,"THEFT-GRAND ($950.01 & OVER)EXCPT,GUNS,FOWL,LIVESTK,PROD",33.9655,-118.2914,0
10/09/2020 12:00:00 AM,Van Nuys,THEFT OF IDENTITY,34.1826,-118.4531,0
04/12/2020 12:00:00 AM,Northeast,BURGLARY,34.1139,-118.277,0
12/29/2020 12:00:00 AM,77th Street,"ASSAULT WITH DEADLY WEAPON, AGGRAVATED ASSAULT",33.9881,-118.3352,0
09/03/2020 12:00:00 AM,77th Street,"SHOTS FIRED AT MOVING VEHICLE, TRAIN OR AIRCRAFT",33.9627,-118.2917,0
08/05/2020 12:00:00 AM,Rampart,VANDALISM - MISDEAMEANOR ($399 OR UNDER),34.0597,-118.2795,0
04/11/2020 12:00:00 AM,Northeast,ATTEMPTED ROBBERY,34.1149,-118.2458,0
07/11/2020 12:00:00 AM,West Valley,THEFT FROM MOTOR VEHICLE - PETTY ($950 & UNDER),34.1975,-118.4749,0
01/25/2020 12:00:00 AM,Hollywood,VEHICLE - STOLEN,34.0835,-118.331,0
02/08/2020 12:00:00 AM,West LA,THEFT PLAIN - PETTY ($950 & UNDER),34.0465,-118.4484,0
12/04/2020 12:00:00 AM,Wilshire,THEFT PLAIN - PETTY ($950 & UNDER),34.058,-118.3627,0
09/26/2020 12:00:00 AM,Southwest,"ASSAULT WITH DEADLY WEAPON, AGGRAVATED ASSAULT",34.0109,-118.3002,0
05/29/2020 12:00:00 AM,Rampart,"VANDALISM - FELONY ($400 & OVER, ALL CHURCH VANDALISMS)",34.071,-118.2702,0
06/06/2020 12:00:00 AM,Rampart,VIOLATION OF RESTRAINING ORDER,34.0887,-118.2892,0
01/14/2020 12:00:00 AM,Rampart,"VANDALISM - FELONY ($400 & OVER, ALL CHURCH VANDALISMS)",34.057,-118.2691,0
06/23/2020 12:00:00 AM,77th Street,INTIMATE PARTNER - SIMPLE ASSAULT,33.9988,-118.2827,0
01/15/2020 12:00:00 AM,Northeast,THEFT FROM MOTOR VEHICLE - GRAND ($950.01 AND OVER),34.1077,-118.2839,0
06/20/2020 12:00:00 AM,Central,"ASSAULT WITH DEADLY WEAPON, AGGRAVATED ASSAULT",34.0527,-118.2398,0
07/28/2020 12:00:00 AM,Harbor,THEFT FROM MOTOR VEHICLE - PETTY ($950 & UNDER),33.7469,-118.2835,0
12/12/2020 12:00:00 AM,77th Street,VEHICLE - STOLEN,33.98,-118.3177,0
11/19/2020 12:00:00 AM,Southwest,THEFT FROM MOTOR VEHICLE - ATTEMPT,34.0091,-118.2941,0
09/11/2020 12:00:00 AM,Rampart,EXTORTION,34.059,-118.2824,0
12/25/2020 12:00:00 AM,Rampart,"ASSAULT WITH DEADLY WEAPON, AGGRAVATED ASSAULT",34.0462,-118.2738,0
05/31/2020 12:00:00 AM,Rampart,BURGLARY,34.0539,-118.2712,0
05/07/2020 12:00:00 AM,Central,BURGLARY,34.0363,-118.2677,0
10/25/2020 12:00:00 AM,Hollywood,THEFT FROM MOTOR VEHICLE - GRAND ($950.01 AND OVER),34.1003,-118.3414,0
11/09/2020 12:00:00 AM,Hollenbeck,VEHICLE - STOLEN,34.0572,-118.1942,0
05/08/2020 12:00:00 AM,Harbor,"VANDALISM - FELONY ($400 & OVER, ALL CHURCH VANDALISMS)",33.7948,-118.2694,0
01/25/2020 12:00:00 AM,77th Street,INTIMATE PARTNER - AGGRAVATED ASSAULT,33.9669,-118.2813,0
03/04/2020 12:00:00 AM,Central,THEFT PLAIN - PETTY ($950 & UNDER),34.0423,-118.2595,0
09/04/2020 12:00:00 AM,Central,"VANDALISM - FELONY ($400 & OVER, ALL CHURCH VANDALISMS)",34.0485,-118.2326,0
03/17/2020 12:00:00 AM,Hollywood,SHOPLIFTING - PETTY THEFT ($950 & UNDER),34.098,-118.3332,0
06/11/2020 12:00:00 AM,West LA,THEFT FROM MOTOR VEHICLE - GRAND ($950.01 AND OVER),34.0496,-118.4738,0
08/27/2020 12:00:00 AM,Northeast,SHOPLIFTING - PETTY THEFT ($950 & UNDER),34.1367,-118.2713,0
03/24/2020 12:00:00 AM,Harbor,VIOLATION OF RESTRAINING ORDER,33.7854,-118.2495,0
09/09/2020 12:00:00 AM,West Valley,VEHICLE - STOLEN,34.1436,-118.4815,0
11/05/2020 12:00:00 AM,Southwest,"VANDALISM - FELONY ($400 & OVER, ALL CHURCH VANDALISMS)",34.0328,-118.2865,0
11/21/2020 12:00:00 AM,West Valley,"ASSAULT WITH DEADLY WEAPON, AGGRAVATED ASSAULT",34.1993,-118.5595,0
06/28/2020 12:00:00 AM,Southwest,BURGLARY FROM VEHICLE,34.022,-118.3364,0
03/20/2020 12:00:00 AM,West Valley,BATTERY - SIMPLE ASSAULT,34.1993,-118.536,0
04/22/2020 12:00:00 AM,Van Nuys,VEHICLE - STOLEN,34.1922,-118.4268,0
06/06/2020 12:00:00 AM,77th Street,"ASSAULT WITH DEADLY WEAPON, AGGRAVATED ASSAULT",33.9916,-118.2981,0
02/19/2020 12:00:00 AM,Hollywood,PIMPING,34.098,-118.3366,0
03/21/2020 12:00:00 AM,Wilshire,"VANDALISM - FELONY ($400 & OVER, ALL CHURCH VANDALISMS)",34.0761,-118.3731,0
11/04/2020 12:00:00 AM,Northeast,BATTERY - SIMPLE ASSAULT,34.1143,-118.2695,0
10/18/2020 12:00:00 AM,Southwest,BRANDISH WEAPON,34.0146,-118.313,0
02/07/2020 12:00:00 AM,Wilshire,BATTERY - SIMPLE ASSAULT,34.0418,-118.3201,0
04/14/2020 12:00:00 AM,Southwest,CRIMINAL THREATS - NO WEAPON DISPLAYED,34.0222,-118.3227,0
05/25/2020 12:00:00 AM,West LA,"BURGLARY, ATTEMPTED",34.0417,-118.5633,0
04/01/2020 12:00:00 AM,Harbor,SHOPLIFTING - PETTY THEFT ($950 & UNDER),33.8535,-118.2992,0
09/19/2020 12:00:00 AM,Van Nuys,BURGLARY,34.1846,-118.4531,0
03/04/2020 12:00:00 AM,Harbor,"THEFT, PERSON",33.7958,-118.2975,0
02/21/2020 12:00:00 AM,West LA,ROBBERY,34.0308,-118.4559,0
05/13/2020 12:00:00 AM,77th Street,VEHICLE - STOLEN,33.9754,-118.3095,0
06/12/2020 12:00:00 AM,Southwest,VEHICLE - STOLEN,34.0309,-118.3101,0
11/18/2020 12:00:00 AM,Southwest,INTIMATE PARTNER - SIMPLE ASSAULT,34.0251,-118.3156,0
01/02/2020 12:00:00 AM,Wilshire,"VANDALISM - FELONY ($400 & OVER, ALL CHURCH VANDALISMS)",34.0558,-118.3649,0
04/12/2020 12:00:00 AM,Hollywood,BURGLARY FROM VEHICLE,34.0907,-118.3266,0
07/23/2020 12:00:00 AM,Wilshire,BATTERY - SIMPLE ASSAULT,34.068,-118.3743,0
12/21/2020 12:00:00 AM,Southwest,BIKE - STOLEN,34.0253,-118.2815,0
11/14/2020 12:00:00 AM,Hollenbeck,"RAPE, FORCIBLE",34.0889,-118.2,0
11/16/2020 12:00:00 AM,Wilshire,ROBBERY,34.0678,-118.3645,0
01/12/2020 12:00:00 AM,77th Street,BRANDISH WEAPON,33.9756,-118.3323,0
05/01/2020 12:00:00 AM,Hollenbeck,"VANDALISM - FELONY ($400 & OVER, ALL CHURCH VANDALISMS)",34.0852,-118.1739,0
02/29/2020 12:00:00 AM,Central,"VANDALISM - FELONY ($400 & OVER, ALL CHURCH VANDALISMS)",34.0453,-118.2499,0
06/01/2020 12:00:00 AM,Southwest,BATTERY - SIMPLE ASSAULT,34.0339,-118.281,0
11/12/2020 12:00:00 AM,Northeast,BRANDISH WEAPON,34.0901,-118.2162,0
07/28/2020 12:00:00 AM,Southwest,THEFT FROM MOTOR VEHICLE - PETTY ($950 & UNDER),34.0296,-118.3248,0
01/11/2020 12:00:00 AM,Central,BURGLARY FROM VEHICLE,34.0483,-118.2326,0
01/03/2020 12:00:00 AM,Northeast,THEFT PLAIN - PETTY ($950 & UNDER),34.1166,-118.257,0
12/06/2020 12:00:00 AM,77th Street,VANDALISM - MISDEAMEANOR ($399 OR UNDER),33.9827,-118.3255,0
12/11/2020 12:00:00 AM,West Valley,INTIMATE PARTNER - SIMPLE ASSAULT,34.1847,-118.5441,0
07/04/2020 12:00:00 AM,Southwest,BRANDISH WEAPON,34.0073,-118.298,0
07/16/2020 12:00:00 AM,Rampart,THEFT OF IDENTITY,34.0529,-118.2819,0
05/28/2020 12:00:00 AM,West Valley,INTIMATE PARTNER - AGGRAVATED ASSAULT,34.1769,-118.5384,0
05/07/2020 12:00:00 AM,Hollywood,"BUNCO, GRAND THEFT",34.1017,-118.3594,0
11/30/2020 12:00:00 AM,Southwest,VEHICLE - ATTEMPT STOLEN,33.9982,-118.3258,0
07/08/2020 12:00:00 AM,Hollywood,BRANDISH WEAPON,34.1145,-118.3312,0
04/19/2020 12:00:00 AM,Northeast,THEFT FROM MOTOR VEHICLE - PETTY ($950 & UNDER),34.0837,-118.2683,0
01/25/2020 12:00:00 AM,Hollywood,TRESPASSING,34.0908,-118.3244,0
07/26/2020 12:00:00 AM,Hollenbeck,VEHICLE - STOLEN,34.0298,-118.1997,0
12/24/2020 12:00:00 AM,Hollywood,CHILD ABUSE (PHYSICAL) - SIMPLE ASSAULT,34.0862,-118.3051,0
01/20/2020 12:00:00 AM,Southwest,ATTEMPTED ROBBERY,34.0164,-118.3312,0
03/16/2020 12:00:00 AM,West LA,"THEFT-GRAND ($950.01 & OVER)EXCPT,GUNS,FOWL,LIVESTK,PROD",34.0502,-118.4344,0
08/18/2020 12:00:00 AM,Rampart,FAILURE TO YIELD,34.0595,-118.2749,0
07/27/2020 12:00:00 AM,Rampart,"ASSAULT WITH DEADLY WEAPON, AGGRAVATED ASSAULT",34.059,-118.2737,0
12/28/2020 12:00:00 AM,Harbor,VEHICLE - ATTEMPT STOLEN,33.7288,-118.3061,0
01/27/2020 12:00:00 AM,Newton,VEHICLE - STOLEN,34.0177,-118.2525,0
11/23/2020 12:00:00 AM,Van Nuys,"ASSAULT WITH DEADLY WEAPON, AGGRAVATED ASSAULT",34.1493,-118.4307,0
07/03/2020 12:00:00 AM,Northeast,VEHICLE - STOLEN,34.1181,-118.2412,0
05/04/2020 12:00:00 AM,West Valley,"VANDALISM - FELONY ($400 & OVER, ALL CHURCH VANDALISMS)",34.2149,-118.5579,0
11/08/2020 12:00:00 AM,Hollywood,VEHICLE - STOLEN,34.1034,-118.3325,0
11/09/2020 12:00:00 AM,Northeast,BATTERY - SIMPLE ASSAULT,34.0901,-118.2162,0
03/30/2020 12:00:00 AM,West Valley,VEHICLE - STOLEN,34.166,-118.5095,0
04/27/2020 12:00:00 AM,Central,THEFT PLAIN - PETTY ($950 & UNDER),34.0453,-118.2443,0
12/14/2020 12:00:00 AM,Southwest,TRESPASSING,34.0255,-118.3508,0
01/25/2020 12:00:00 AM,Rampart,"ASSAULT WITH DEADLY WEAPON, AGGRAVATED ASSAULT",34.0601,-118.2761,0
07/19/2020 12:00:00 AM,77th Street,VEHICLE - STOLEN,33.9915,-118.315,0
10/28/2020 12:00:00 AM,Southwest,SHOPLIFTING - PETTY THEFT ($950 & UNDER),34.0075,-118.2819,0
03/25/2020 12:00:00 AM,Rampart,THEFT PLAIN - PETTY ($950 & UNDER),34.0665,-118.2828,0
07/13/2020 12:00:00 AM,Central,VEHICLE - STOLEN,34.0752,-118.2276,0
06/26/2020 12:00:00 AM,Central,"LETTERS, LEWD  -  TELEPHONE CALLS, LEWD",34.0571,-118.2508,0
07/25/2020 12:00:00 AM,Northeast,SEXUAL PENETRATION W/FOREIGN OBJECT,34.0956,-118.2918,0
09/03/2020 12:00:00 AM,Hollywood,THEFT FROM MOTOR VEHICLE - PETTY ($950 & UNDER),34.1039,-118.3318,0
06/17/2020 12:00:00 AM,Van Nuys,THEFT FROM MOTOR VEHICLE - PETTY ($950 & UNDER),34.1469,-118.4161,0
09/14/2020 12:00:00 AM,Harbor,"VANDALISM - FELONY ($400 & OVER, ALL CHURCH VANDALISMS)",33.7553,-118.3056,0
03/01/2020 12:00:00 AM,Central,VANDALISM - MISDEAMEANOR ($399 OR UNDER),34.037,-118.2583,0
07/12/2020 12:00:00 AM,Van Nuys,THEFT FROM MOTOR VEHICLE - GRAND ($950.01 AND OVER),34.1794,-118.416,0
09/22/2020 12:00:00 AM,77th Street,"VANDALISM - FELONY ($400 & OVER, ALL CHURCH VANDALISMS)",33.9651,-118.2761,0
06/03/2020 12:00:00 AM,77th Street,CRIMINAL THREATS - NO WEAPON DISPLAYED,33.9654,-118.2739,0
04/22/2020 12:00:00 AM,Hollywood,UNAUTHORIZED COMPUTER ACCESS,34.0962,-118.3528,0
12/21/2020 12:00:00 AM,Van Nuys,THEFT FROM MOTOR VEHICLE - PETTY ($950 & UNDER),34.2103,-118.4629,0
05/31/2020 12:00:00 AM,Southwest,VEHICLE - STOLEN,34.0073,-118.2916,0
04/27/2020 12:00:00 AM,West Valley,VEHICLE - STOLEN,34.2075,-118.5394,0
11/19/2020 12:00:00 AM,Central,"VANDALISM - FELONY ($400 & OVER, ALL CHURCH VANDALISMS)",34.0372,-118.2625,0
04/21/2020 12:00:00 AM,Newton,VEHICLE - STOLEN,34.0111,-118.2774,0
02/01/2020 12:00:00 AM,Wilshire,THEFT OF IDENTITY,34.073,-118.369,0
07/10/2020 12:00:00 AM,Northeast,THEFT PLAIN - PETTY ($950 & UNDER),34.0895,-118.2595,0
10/10/2020 12:00:00 AM,Wilshire,THEFT FROM MOTOR VEHICLE - PETTY ($950 & UNDER),34.0441,-118.3745,0
05/30/2020 12:00:00 AM,Wilshire,BURGLARY,34.0761,-118.3658,0
05/10/2020 12:00:00 AM,77th Street,THEFT FROM MOTOR VEHICLE - PETTY ($950 & UNDER),33.9979,-118.2893,0
08/11/2020 12:00:00 AM,77th Street,"ASSAULT WITH DEADLY WEAPON, AGGRAVATED ASSAULT",33.9892,-118.2915,0
03/23/2020 12:00:00 AM,Hollenbeck,BURGLARY FROM VEHICLE,34.0795,-118.1892,0
12/03/2020 12:00:00 AM,Hollenbeck,VEHICLE - STOLEN,34.0187,-118.2118,0
03/04/2020 12:00:00 AM,Wilshire,BATTERY - SIMPLE ASSAULT,34.0563,-118.3313,0
05/17/2020 12:00:00 AM,Van Nuys,VEHICLE - STOLEN,34.1809,-118.44,0
08/21/2020 12:00:00 AM,West Valley,BURGLARY,34.1745,-118.5436,0
08/10/2020 12:00:00 AM,Wilshire,ARSON,34.0669,-118.3419,0
01/24/2020 12:00:00 AM,Newton,CRIMINAL THREATS - NO WEAPON DISPLAYED,34.002,-118.2783,0
04/20/2020 12:00:00 AM,Harbor,"VANDALISM - FELONY ($400 & OVER, ALL CHURCH VANDALISMS)",33.7828,-118.264,0
05/12/2020 12:00:00 AM,Rampart,BATTERY - SIMPLE ASSAULT,34.0522,-118.2673,0
09/03/2020 12:00:00 AM,Central,BATTERY - SIMPLE ASSAULT,34.0619,-118.2369,0
02/19/2020 12:00:00 AM,77th Street,THEFT FROM MOTOR VEHICLE - GRAND ($950.01 AND OVER),33.9527,-118.309,0
02/20/2020 12:00:00 AM,Hollywood,BATTERY WITH SEXUAL CONTACT,34.0908,-118.3092,0
07/23/2020 12:00:00 AM,77th Street,ROBBERY,33.96,-118.309,0
06/12/2020 12:00:00 AM,Central,BATTERY - SIMPLE ASSAULT,34.0437,-118.2455,0
12/15/2020 12:00:00 AM,Rampart,ROBBERY,34.0772,-118.2787,0
02/24/2020 12:00:00 AM,Van Nuys,INTIMATE PARTNER - AGGRAVATED ASSAULT,34.2048,-118.4531,0
11/27/2020 12:00:00 AM,West LA,THEFT PLAIN - PETTY ($950 & UNDER),34.0506,-118.3844,0
11/24/2020 12:00:00 AM,West Valley,THEFT FROM MOTOR VEHICLE - PETTY ($950 & UNDER),34.1569,-118.4727,0
02/15/2020 12:00:00 AM,West Valley,DOCUMENT FORGERY / STOLEN FELONY,34.1709,-118.5512,0
02/13/2020 12:00:00 AM,Northeast,ROBBERY,34.1439,-118.1955,0
08/31/2020 12:00:00 AM,Southwest,THEFT PLAIN - PETTY ($950 & UNDER),34.0182,-118.3363,0
08/14/2020 12:00:00 AM,77th Street,"VANDALISM - FELONY ($400 & OVER, ALL CHURCH VANDALISMS)",34.0017,-118.2965,0
07/21/2020 12:00:00 AM,Harbor,VIOLATION OF RESTRAINING ORDER,33.7669,-118.3106,0
06/11/2020 12:00:00 AM,Van Nuys,VANDALISM - MISDEAMEANOR ($399 OR UNDER),34.1685,-118.4662,0
07/12/2020 12:00:00 AM,Rampart,CRIMINAL THREATS - NO WEAPON DISPLAYED,34.0777,-118.2961,0
03/02/2020 12:00:00 AM,77th Street,THEFT PLAIN - PETTY ($950 & UNDER),33.9564,-118.309,0
01/28/2020 12:00:00 AM,Van Nuys,ROBBERY,34.1925,-118.4487,0
01/22/2020 12:00:00 AM,Southwest,VEHICLE - STOLEN,34.0111,-118.2872,0
02/01/2020 12:00:00 AM,Wilshire,BURGLARY FROM VEHICLE,34.0718,-118.3702,0
09/10/2020 12:00:00 AM,Central,"VANDALISM - FELONY ($400 & OVER, ALL CHURCH VANDALISMS)",34.0533,-118.2361,0
02/28/2020 12:00:00 AM,Newton,BATTERY - SIMPLE ASSAULT,33.9913,-118.2456,0
02/04/2020 12:00:00 AM,Hollywood,VEHICLE - STOLEN,34.0944,-118.3277,0
05/28/2020 12:00:00 AM,Central,THEFT FROM MOTOR VEHICLE - GRAND ($950.01 AND OVER),34.0395,-118.2622,0
05/25/2020 12:00:00 AM,Central,"VANDALISM - FELONY ($400 & OVER, ALL CHURCH VANDALISMS)",34.0489,-118.2499,0
11/15/2020 12:00:00 AM,Harbor,CRIMINAL HOMICIDE,33.7846,-118.2692,0
03/19/2020 12:00:00 AM,Central,BURGLARY FROM VEHICLE,34.0395,-118.2622,0
09/06/2020 12:00:00 AM,West Valley,INTIMATE PARTNER - AGGRAVATED ASSAULT,34.218,-118.5176,0
02/28/2020 12:00:00 AM,Newton,"VANDALISM - FELONY ($400 & OVER, ALL CHURCH VANDALISMS)",34.006,-118.2513,0
09/21/2020 12:00:00 AM,West LA,THEFT PLAIN - PETTY ($950 & UNDER),34.0633,-118.4606,0
02/11/2020 12:00:00 AM,Northeast,THEFT OF IDENTITY,34.111,-118.2769,0
11/14/2020 12:00:00 AM,77th Street,VANDALISM - MISDEAMEANOR ($399 OR UNDER),33.9969,-118.2959,0
06/29/2020 12:00:00 AM,77th Street,BURGLARY FROM VEHICLE,33.9806,-118.3134,0
07/21/2020 12:00:00 AM,West LA,"THEFT, PERSON",34.0513,-118.4605,0
04/27/2020 12:00:00 AM,Harbor,FALSE IMPRISONMENT,33.7852,-118.2477,0
08/25/2020 12:00:00 AM,77th Street,ROBBERY,33.9693,-118.285,0
04/14/2020 12:00:00 AM,Central,INTIMATE PARTNER - AGGRAVATED ASSAULT,34.0429,-118.2462,0
04/10/2020 12:00:00 AM,77th Street,INTIMATE PARTNER - AGGRAVATED ASSAULT,34.0037,-118.284,0
01/21/2020 12:00:00 AM,Central,DISCHARGE FIREARMS/SHOTS FIRED,34.0606,-118.2455,0
09/24/2020 12:00:00 AM,West Valley,"ASSAULT WITH DEADLY WEAPON, AGGRAVATED ASSAULT",34.167,-118.5203,0
07/29/2020 12:00:00 AM,Northeast,THEFT FROM MOTOR VEHICLE - PETTY ($950 & UNDER),34.1283,-118.2299,0
11/20/2020 12:00:00 AM,Central,"ASSAULT WITH DEADLY WEAPON, AGGRAVATED ASSAULT",34.0446,-118.245,0
01/06/2020 12:00:00 AM,Wilshire,THEFT OF IDENTITY,34.0783,-118.3543,0
02/24/2020 12:00:00 AM,Hollenbeck,"ASSAULT WITH DEADLY WEAPON, AGGRAVATED ASSAULT",34.0806,-118.2176,0
08/14/2020 12:00:00 AM,Southwest,"VANDALISM - FELONY ($400 & OVER, ALL CHURCH VANDALISMS)",34.027,-118.3395,0
09/27/2020 12:00:00 AM,West Valley,VEHICLE - STOLEN,34.2148,-118.5404,0
04/17/2020 12:00:00 AM,West LA,BURGLARY FROM VEHICLE,34.0485,-118.4276,0
11/28/2020 12:00:00 AM,Wilshire,"VANDALISM - FELONY ($400 & OVER, ALL CHURCH VANDALISMS)",34.0853,-118.3441,0
05/02/2020 12:00:00 AM,77th Street,INTIMATE PARTNER - SIMPLE ASSAULT,33.9698,-118.2842,0
03/01/2020 12:00:00 AM,Southwest,VEHICLE - STOLEN,34.0256,-118.3351,0
04/14/2020 12:00:00 AM,West LA,THEFT PLAIN - PETTY ($950 & UNDER),34.0383,-118.4324,0
12/26/2020 12:00:00 AM,Northeast,BATTERY - SIMPLE ASSAULT,34.0947,-118.2877,0
05/09/2020 12:00:00 AM,Southwest,BURGLARY FROM VEHICLE,34.0146,-118.313,0
08/21/2020 12:00:00 AM,Rampart,BATTERY - SIMPLE ASSAULT,34.0497,-118.2754,0
08/05/2020 12:00:00 AM,Southwest,VEHICLE - STOLEN,34.0161,-118.3546,0
07/26/2020 12:00:00 AM,Newton,"ASSAULT WITH DEADLY WEAPON, AGGRAVATED ASSAULT",34.0075,-118.2775,0
11/22/2020 12:00:00 AM,Wilshire,TRESPASSING,34.0768,-118.3806,0
06/23/2020 12:00:00 AM,77th Street,VEHICLE - STOLEN,33.9932,-118.3198,0
01/22/2020 12:00:00 AM,77th Street,ROBBERY,33.9638,-118.2629,0
04/10/2020 12:00:00 AM,Rampart,BATTERY POLICE (SIMPLE),34.0693,-118.2811,0
11/30/2020 12:00:00 AM,77th Street,THEFT PLAIN - PETTY ($950 & UNDER),33.9747,-118.2661,0
05/20/2020 12:00:00 AM,Hollenbeck,THEFT FROM MOTOR VEHICLE - PETTY ($950 & UNDER),34.0264,-118.2215,0
10/08/2020 12:00:00 AM,Van Nuys,INTIMATE PARTNER - SIMPLE ASSAULT,34.1739,-118.429,0
01/17/2020 12:00:00 AM,Northeast,BURGLARY FROM VEHICLE,34.0799,-118.2554,0
01/04/2020 12:00:00 AM,Northeast,"ASSAULT WITH DEADLY WEAPON, AGGRAVATED ASSAULT",34.0932,-118.2115,0
07/12/2020 12:00:00 AM,Wilshire,THEFT FROM MOTOR VEHICLE - GRAND ($950.01 AND OVER),34.073,-118.3732,0
05/07/2020 12:00:00 AM,West Valley,ROBBERY,34.2011,-118.5208,0
11/22/2020 12:00:00 AM,West LA,BURGLARY FROM VEHICLE,34.0428,-118.523,0
05/29/2020 12:00:00 AM,Central,ASSAULT WITH DEADLY WEAPON ON POLICE OFFICER,34.046,-118.2509,0
02/22/2020 12:00:00 AM,Central,BURGLARY FROM VEHICLE,34.0405,-118.2508,0
07/09/2020 12:00:00 AM,Wilshire,THEFT PLAIN - PETTY ($950 & UNDER),34.0761,-118.3772,0
05/06/2020 12:00:00 AM,West Valley,BATTERY - SIMPLE ASSAULT,34.1707,-118.5408,0
06/01/2020 12:00:00 AM,Wilshire,BURGLARY,34.0431,-118.3482,0
01/30/2020 12:00:00 AM,Rampart,"ASSAULT WITH DEADLY WEAPON, AGGRAVATED ASSAULT",34.0589,-118.2821,0
01/14/2020 12:00:00 AM,Van Nuys,THEFT FROM MOTOR VEHICLE - PETTY ($950 & UNDER),34.193,-118.44,0
04/01/2020 12:00:00 AM,Northeast,"ASSAULT WITH DEADLY WEAPON, AGGRAVATED ASSAULT",34.0891,-118.2494,0
11/27/2020 12:00:00 AM,Central,"THEFT-GRAND ($950.01 & OVER)EXCPT,GUNS,FOWL,LIVESTK,PROD",34.0505,-118.2588,0
08/03/2020 12:00:00 AM,77th Street,"ASSAULT WITH DEADLY WEAPON, AGGRAVATED ASSAULT",33.9872,-118.3297,0
11/03/2020 12:00:00 AM,77th Street,BATTERY - SIMPLE ASSAULT,33.9707,-118.2652,0
04/02/2020 12:00:00 AM,77th Street,ROBBERY,33.9941,-118.2915,0
04/22/2020 12:00:00 AM,Wilshire,VEHICLE - STOLEN,34.0649,-118.3493,0
06/24/2020 12:00:00 AM,77th Street,BRANDISH WEAPON,33.9673,-118.3156,0
01/22/2020 12:00:00 AM,Hollywood,BURGLARY FROM VEHICLE,34.0951,-118.3031,0
12/11/2020 12:00:00 AM,Hollenbeck,THEFT FROM MOTOR VEHICLE - GRAND ($950.01 AND OVER),34.0261,-118.2061,0
12/08/2020 12:00:00 AM,Hollywood,TRESPASSING,34.1016,-118.3391,0
11/15/2020 12:00:00 AM,Hollywood,THEFT PLAIN - PETTY ($950 & UNDER),34.0962,-118.3332,0
09/28/2020 12:00:00 AM,Southwest,BATTERY - SIMPLE ASSAULT,34.0073,-118.2894,0
12/09/2020 12:00:00 AM,Van Nuys,TRESPASSING,34.1971,-118.4597,0
07/30/2020 12:00:00 AM,West Valley,"ASSAULT WITH DEADLY WEAPON, AGGRAVATED ASSAULT",34.2021,-118.5407,0
06/29/2020 12:00:00 AM,Wilshire,CRIMINAL THREATS - NO WEAPON DISPLAYED,34.0436,-118.3213,0
09/18/2020 12:00:00 AM,Central,INTIMATE PARTNER - SIMPLE ASSAULT,34.0501,-118.2593,0
01/21/2020 12:00:00 AM,Southwest,BATTERY - SIMPLE ASSAULT,34.0173,-118.3547,0
08/18/2020 12:00:00 AM,Harbor,"VANDALISM - FELONY ($400 & OVER, ALL CHURCH VANDALISMS)",33.7898,-118.298,0
03/09/2020 12:00:00 AM,Hollenbeck,"THEFT-GRAND ($950.01 & OVER)EXCPT,GUNS,FOWL,LIVESTK,PROD",34.0624,-118.2032,0
08/17/2020 12:00:00 AM,Hollenbeck,BATTERY - SIMPLE ASSAULT,34.0628,-118.2112,0
10/29/2020 12:00:00 AM,Rampart,VEHICLE - STOLEN,34.0887,-118.2828,0
07/29/2020 12:00:00 AM,Hollywood,INTIMATE PARTNER - SIMPLE ASSAULT,34.1131,-118.341,0
01/07/2020 12:00:00 AM,Van Nuys,"THEFT, PERSON",34.1923,-118.4466,0
12/30/2020 12:00:00 AM,Hollywood,VEHICLE - STOLEN,34.0886,-118.3027,0
09/30/2020 12:00:00 AM,Van Nuys,VANDALISM - MISDEAMEANOR ($399 OR UNDER),34.2013,-118.4662,0
11/20/2020 12:00:00 AM,Rampart,CRIMINAL THREATS - NO WEAPON DISPLAYED,34.0549,-118.2659,0
12/07/2020 12:00:00 AM,Van Nuys,BATTERY - SIMPLE ASSAULT,34.2012,-118.4725,0
12/22/2020 12:00:00 AM,West Valley,BATTERY - SIMPLE ASSAULT,34.1725,-118.563,0
06/22/2020 12:00:00 AM,Wilshire,THEFT OF IDENTITY,34.0608,-118.369,0
03/11/2020 12:00:00 AM,Central,SHOPLIFTING - PETTY THEFT ($950 & UNDER),34.0442,-118.2439,0
07/13/2020 12:00:00 AM,Southwest,BATTERY - SIMPLE ASSAULT,34.0185,-118.3102,0
07/02/2020 12:00:00 AM,Rampart,BATTERY - SIMPLE ASSAULT,34.0508,-118.2683,0
08/25/2020 12:00:00 AM,77th Street,CHILD ABUSE (PHYSICAL) - SIMPLE ASSAULT,33.9896,-118.3161,0
05/15/2020 12:00:00 AM,Hollywood,"ASSAULT WITH DEADLY WEAPON, AGGRAVATED ASSAULT",34.1038,-118.3151,0
02/23/2020 12:00:00 AM,Newton,INTIMATE PARTNER - SIMPLE ASSAULT,34.006,-118.2513,0
05/05/2020 12:00:00 AM,Van Nuys,BATTERY POLICE (SIMPLE),34.2048,-118.4531,0
02/25/2020 12:00:00 AM,Central,BATTERY - SIMPLE ASSAULT,34.0357,-118.2593,0
07/04/2020 12:00:00 AM,Hollywood,BATTERY - SIMPLE ASSAULT,34.0926,-118.3234,0
03/02/2020 12:00:00 AM,Southwest,"ASSAULT WITH DEADLY WEAPON, AGGRAVATED ASSAULT",34.0237,-118.3089,0
07/11/2020 12:00:00 AM,Hollenbeck,VEHICLE - STOLEN,34.0676,-118.2142,0
09/29/2020 12:00:00 AM,Van Nuys,CHILD ABUSE (PHYSICAL) - SIMPLE ASSAULT,34.1939,-118.4432,0
04/04/2020 12:00:00 AM,Harbor,BURGLARY,33.8204,-118.3037,0
01/02/2020 12:00:00 AM,Central,BURGLARY FROM VEHICLE,34.0324,-118.2605,0
12/12/2020 12:00:00 AM,77th Street,VEHICLE - STOLEN,33.9689,-118.2739,0
04/25/2020 12:00:00 AM,West LA,BURGLARY,34.0395,-118.4637,0
02/27/2020 12:00:00 AM,Central,"BURGLARY, ATTEMPTED",34.0454,-118.236,0
06/13/2020 12:00:00 AM,Northeast,THEFT FROM MOTOR VEHICLE - PETTY ($950 & UNDER),34.1218,-118.2252,0
02/02/2020 12:00:00 AM,Harbor,THEFT OF IDENTITY,33.7657,-118.3108,0
07/30/2020 12:00:00 AM,77th Street,CONTEMPT OF COURT,33.9824,-118.3068,0
10/13/2020 12:00:00 AM,Hollenbeck,INTIMATE PARTNER - AGGRAVATED ASSAULT,34.0479,-118.2103,0
03/23/2020 12:00:00 AM,Newton,BURGLARY,34.0218,-118.2707,0
01/14/2020 12:00:00 AM,Hollywood,BURGLARY FROM VEHICLE,34.0963,-118.319,0
01/07/2020 12:00:00 AM,Wilshire,ROBBERY,34.0836,-118.3511,0
11/06/2020 12:00:00 AM,Wilshire,VIOLATION OF RESTRAINING ORDER,34.0693,-118.351,0
07/22/2020 12:00:00 AM,Hollywood,BATTERY - SIMPLE ASSAULT,34.0995,-118.3867,0
02/28/2020 12:00:00 AM,Hollywood,THEFT OF IDENTITY,34.1016,-118.3489,0
02/08/2020 12:00:00 AM,Central,CRIMINAL THREATS - NO WEAPON DISPLAYED,34.0468,-118.2415,0
11/02/2020 12:00:00 AM,Hollywood,BRANDISH WEAPON,34.1,-118.3056,0
06/02/2020 12:00:00 AM,Van Nuys,THEFT PLAIN - PETTY ($950 & UNDER),34.1939,-118.4574,0
08/19/2020 12:00:00 AM,77th Street,INTIMATE PARTNER - SIMPLE ASSAULT,33.98,-118.3168,0
01/09/2020 12:00:00 AM,Newton,"THEFT-GRAND ($950.01 & OVER)EXCPT,GUNS,FOWL,LIVESTK,PROD",34.0368,-118.2412,0
01/02/2020 12:00:00 AM,Harbor,THEFT PLAIN - PETTY ($950 & UNDER),33.7397,-118.2923,0
12/03/2020 12:00:00 AM,Hollywood,INTIMATE PARTNER - SIMPLE ASSAULT,34.0926,-118.3363,0
09/27/2020 12:00:00 AM,Hollywood,TRESPASSING,34.088,-118.3223,0
08/03/2020 12:00:00 AM,Wilshire,BATTERY - SIMPLE ASSAULT,34.0474,-118.3666,0
05/29/2020 12:00:00 AM,77th Street,SHOTS FIRED AT INHABITED DWELLING,33.9739,-118.2695,0
05/17/2020 12:00:00 AM,77th Street,BATTERY - SIMPLE ASSAULT,33.9737,-118.2842,0
06/10/2020 12:00:00 AM,Hollenbeck,BURGLARY FROM VEHICLE,34.0339,-118.2012,0
04/24/2020 12:00:00 AM,Southwest,THEFT FROM MOTOR VEHICLE - PETTY ($950 & UNDER),34.0072,-118.3201,0
06/04/2020 12:00:00 AM,Harbor,INTIMATE PARTNER - SIMPLE ASSAULT,33.7365,-118.2923,0
09/12/2020 12:00:00 AM,Central,VEHICLE - STOLEN,34.0397,-118.2637,0
10/16/2020 12:00:00 AM,Southwest,BURGLARY,34.0078,-118.335,0
11/01/2020 12:00:00 AM,Southwest,BATTERY - SIMPLE ASSAULT,34.0142,-118.2933,0
11/21/2020 12:00:00 AM,West LA,BURGLARY,34.0425,-118.3818,0
07/08/2020 12:00:00 AM,Hollywood,BRANDISH WEAPON,34.1145,-118.3312,0
10/23/2020 12:00:00 AM,West LA,BURGLARY FROM VEHICLE,34.0783,-118.4691,0
12/13/2020 12:00:00 AM,Hollenbeck,THEFT FROM MOTOR VEHICLE - PETTY ($950 & UNDER),34.0344,-118.2111,0
09/16/2020 12:00:00 AM,Hollenbeck,BATTERY - SIMPLE ASSAULT,34.053,-118.2192,0
11/17/2020 12:00:00 AM,Southwest,VEHICLE - STOLEN,34.0268,-118.3318,0
03/09/2020 12:00:00 AM,Newton,BURGLARY,34.0385,-118.2437,0
04/17/2020 12:00:00 AM,Central,EXTORTION,34.0487,-118.2627,0
06/01/2020 12:00:00 AM,Hollywood,OTHER MISCELLANEOUS CRIME,34.0962,-118.3295,0
06/16/2020 12:00:00 AM,Wilshire,SHOPLIFTING - PETTY THEFT ($950 & UNDER),34.0761,-118.3766,0
01/16/2020 12:00:00 AM,West LA,VANDALISM - MISDEAMEANOR ($399 OR UNDER),34.0397,-118.4569,0
10/10/2020 12:00:00 AM,Hollenbeck,VEHICLE - STOLEN,34.0755,-118.2131,0
04/17/2020 12:00:00 AM,Central,"VANDALISM - FELONY ($400 & OVER, ALL CHURCH VANDALISMS)",34.0524,-118.2467,0
10/21/2020 12:00:00 AM,Harbor,BURGLARY,33.8206,-118.3089,0
02/13/2020 12:00:00 AM,Newton,THEFT FROM MOTOR VEHICLE - PETTY ($950 & UNDER),34.0182,-118.2406,0
10/08/2020 12:00:00 AM,Central,INTIMATE PARTNER - SIMPLE ASSAULT,34.0437,-118.2582,0
12/23/2020 12:00:00 AM,Southwest,THEFT FROM MOTOR VEHICLE - PETTY ($950 & UNDER),34.0261,-118.3364,0
02/11/2020 12:00:00 AM,77th Street,"THEFT-GRAND ($950.01 & OVER)EXCPT,GUNS,FOWL,LIVESTK,PROD",33.9783,-118.2838,0
11/12/2020 12:00:00 AM,Southwest,ROBBERY,34.0238,-118.3669,0
03/04/2020 12:00:00 AM,West LA,"THEFT-GRAND ($950.01 & OVER)EXCPT,GUNS,FOWL,LIVESTK,PROD",34.0445,-118.4491,0
09/08/2020 12:00:00 AM,Hollenbeck,BURGLARY,34.0244,-118.1934,0
03/31/2020 12:00:00 AM,Van Nuys,"VANDALISM - FELONY ($400 & OVER, ALL CHURCH VANDALISMS)",34.1827,-118.4487,0
04/15/2020 12:00:00 AM,West Valley,THEFT OF IDENTITY,34.1549,-118.4964,0
03/14/2020 12:00:00 AM,Wilshire,ROBBERY,34.0837,-118.3553,0
05/30/2020 12:00:00 AM,Central,BURGLARY,34.0522,-118.2469,0
01/12/2020 12:00:00 AM,77th Street,VANDALISM - MISDEAMEANOR ($399 OR UNDER),33.9891,-118.3161,0
05/21/2020 12:00:00 AM,Southwest,THEFT FROM MOTOR VEHICLE - PETTY ($950 & UNDER),34.008,-118.3398,0
06/04/2020 12:00:00 AM,Wilshire,BATTERY POLICE (SIMPLE),34.0575,-118.3599,0
09/05/2020 12:00:00 AM,Rampart,BURGLARY FROM VEHICLE,34.0507,-118.2643,0
03/18/2020 12:00:00 AM,West LA,THEFT OF IDENTITY,34.0548,-118.4316,0
12/13/2020 12:00:00 AM,Hollywood,ROBBERY,34.0981,-118.3071,0
10/21/2020 12:00:00 AM,Wilshire,BATTERY - SIMPLE ASSAULT,34.0735,-118.3732,0
05/27/2020 12:00:00 AM,77th Street,SEX OFFENDER REGISTRANT OUT OF COMPLIANCE,33.9703,-118.2783,0
10/02/2020 12:00:00 AM,Van Nuys,THEFT PLAIN - PETTY ($950 & UNDER),34.1649,-118.4138,0
04/23/2020 12:00:00 AM,77th Street,CRIMINAL THREATS - NO WEAPON DISPLAYED,34.0017,-118.2979,0
01/17/2020 12:00:00 AM,Van Nuys,BATTERY - SIMPLE ASSAULT,34.1867,-118.4487,0
09/20/2020 12:00:00 AM,Southwest,ROBBERY,34.0255,-118.3061,0
11/26/2020 12:00:00 AM,West LA,BURGLARY,34.04,-118.4631,0
10/25/2020 12:00:00 AM,West LA,THEFT FROM MOTOR VEHICLE - PETTY ($950 & UNDER),34.0408,-118.4514,0
01/26/2020 12:00:00 AM,Wilshire,BURGLARY,34.0374,-118.374,0
05/30/2020 12:00:00 AM,Wilshire,BURGLARY,34.0715,-118.3764,0
04/05/2020 12:00:00 AM,77th Street,"VANDALISM - FELONY ($400 & OVER, ALL CHURCH VANDALISMS)",33.977,-118.2959,0
07/07/2020 12:00:00 AM,West LA,THEFT FROM MOTOR VEHICLE - PETTY ($950 & UNDER),34.0348,-118.4339,0
10/08/2020 12:00:00 AM,Central,CRIMINAL THREATS - NO WEAPON DISPLAYED,34.0615,-118.247,0
11/06/2020 12:00:00 AM,West LA,VEHICLE - STOLEN,34.0565,-118.3815,0
03/07/2020 12:00:00 AM,Rampart,BATTERY - SIMPLE ASSAULT,34.0585,-118.2725,0
04/25/2020 12:00:00 AM,Hollenbeck,CRIMINAL THREATS - NO WEAPON DISPLAYED,34.0262,-118.209,0
12/02/2020 12:00:00 AM,West LA,"VANDALISM - FELONY ($400 & OVER, ALL CHURCH VANDALISMS)",34.0534,-118.4615,0
12/29/2020 12:00:00 AM,Central,"THEFT, PERSON",34.0519,-118.2531,0
10/09/2020 12:00:00 AM,77th Street,THEFT FROM MOTOR VEHICLE - GRAND ($950.01 AND OVER),33.9664,-118.309,0
11/05/2020 12:00:00 AM,Wilshire,TRESPASSING,34.0817,-118.3237,0
06/28/2020 12:00:00 AM,West LA,BURGLARY FROM VEHICLE,34.0355,-118.4296,0
05/10/2020 12:00:00 AM,77th Street,VEHICLE - STOLEN,33.9613,-118.2871,0
12/10/2020 12:00:00 AM,Southwest,BURGLARY FROM VEHICLE,34.0261,-118.366,0
02/19/2020 12:00:00 AM,77th Street,"THEFT, PERSON",33.9951,-118.3024,0
11/05/2020 12:00:00 AM,Van Nuys,VEHICLE - STOLEN,34.1524,-118.4574,0
06/09/2020 12:00:00 AM,77th Street,ROBBERY,33.9924,-118.3089,0
02/19/2020 12:00:00 AM,Southwest,VEHICLE - STOLEN,34.0133,-118.3486,0
08/29/2020 12:00:00 AM,Van Nuys,BURGLARY FROM VEHICLE,34.174,-118.4661,0
08/10/2020 12:00:00 AM,Central,BURGLARY FROM VEHICLE,34.0437,-118.2582,0
06/21/2020 12:00:00 AM,Van Nuys,VEHICLE - STOLEN,34.1649,-118.4618,0
03/07/2020 12:00:00 AM,Southwest,"VANDALISM - FELONY ($400 & OVER, ALL CHURCH VANDALISMS)",34.0327,-118.3028,0
04/23/2020 12:00:00 AM,Northeast,CRIMINAL THREATS - NO WEAPON DISPLAYED,34.1137,-118.1819,0
01/26/2020 12:00:00 AM,Central,BATTERY - SIMPLE ASSAULT,34.0449,-118.2458,0
11/14/2020 12:00:00 AM,77th Street,BRANDISH WEAPON,33.9727,-118.2897,0
02/25/2020 12:00:00 AM,Northeast,"ASSAULT WITH DEADLY WEAPON, AGGRAVATED ASSAULT",34.0875,-118.2319,0
08/28/2020 12:00:00 AM,West LA,VIOLATION OF COURT ORDER,34.0436,-118.5533,0
11/27/2020 12:00:00 AM,77th Street,ROBBERY,33.9978,-118.2915,0
01/14/2020 12:00:00 AM,Northeast,THEFT FROM MOTOR VEHICLE - PETTY ($950 & UNDER),34.0867,-118.2171,0
12/06/2020 12:00:00 AM,Wilshire,BATTERY - SIMPLE ASSAULT,34.0356,-118.3638,0
03/01/2020 12:00:00 AM,Van Nuys,ROBBERY,34.1794,-118.4377,0
09/26/2020 12:00:00 AM,Rampart,"VANDALISM - FELONY ($400 & OVER, ALL CHURCH VANDALISMS)",34.0873,-118.296,0
09/06/2020 12:00:00 AM,Van Nuys,BRANDISH WEAPON,34.183,-118.4651,0
09/28/2020 12:00:00 AM,Newton,"BURGLARY, ATTEMPTED",34.0304,-118.2458,0
10/19/2020 12:00:00 AM,77th Street,ROBBERY,33.9638,-118.2573,0
01/16/2020 12:00:00 AM,West Valley,VEHICLE - STOLEN,34.1614,-118.5355,0
04/04/2020 12:00:00 AM,West Valley,THEFT FROM MOTOR VEHICLE - PETTY ($950 & UNDER),34.184,-118.5011,0
04/01/2020 12:00:00 AM,Hollywood,THEFT PLAIN - PETTY ($950 & UNDER),34.0997,-118.335,0
08/15/2020 12:00:00 AM,Rampart,"ASSAULT WITH DEADLY WEAPON, AGGRAVATED ASSAULT",34.0735,-118.2627,0
04/20/2020 12:00:00 AM,Rampart,"LETTERS, LEWD  -  TELEPHONE CALLS, LEWD",34.0517,-118.2663,0
09/26/2020 12:00:00 AM,Southwest,SHOPLIFTING - PETTY THEFT ($950 & UNDER),34.0078,-118.335,0
07/26/2020 12:00:00 AM,Van Nuys,BURGLARY,34.1876,-118.4555,0
02/27/2020 12:00:00 AM,77th Street,"ASSAULT WITH DEADLY WEAPON, AGGRAVATED ASSAULT",33.9891,-118.3139,0
01/24/2020 12:00:00 AM,Central,BURGLARY,34.0459,-118.2579,0
11/24/2020 12:00:00 AM,Newton,"ASSAULT WITH DEADLY WEAPON, AGGRAVATED ASSAULT",34.0238,-118.2693,0
01/11/2020 12:00:00 AM,Central,"ASSAULT WITH DEADLY WEAPON, AGGRAVATED ASSAULT",34.046,-118.2509,0
11/27/2020 12:00:00 AM,Northeast,BURGLARY,34.092,-118.2586,0
08/25/2020 12:00:00 AM,77th Street,"ASSAULT WITH DEADLY WEAPON, AGGRAVATED ASSAULT",33.9656,-118.2651,0
06/26/2020 12:00:00 AM,West Valley,"BURGLARY, ATTEMPTED",34.1728,-118.5578,0
09/12/2020 12:00:00 AM,West Valley,"ASSAULT WITH DEADLY WEAPON, AGGRAVATED ASSAULT",34.19,-118.5262,0
06/06/2020 12:00:00 AM,Southwest,THEFT FROM MOTOR VEHICLE - PETTY ($950 & UNDER),34.0284,-118.284,0
06/03/2020 12:00:00 AM,77th Street,VEHICLE - STOLEN,33.9819,-118.287,0
12/06/2020 12:00:00 AM,Van Nuys,BURGLARY,34.1903,-118.4574,0
10/23/2020 12:00:00 AM,West Valley,BURGLARY,34.164,-118.4869,0
08/08/2020 12:00:00 AM,Central,BATTERY - SIMPLE ASSAULT,34.0476,-118.2546,0
08/16/2020 12:00:00 AM,Wilshire,CRIMINAL THREATS - NO WEAPON DISPLAYED,34.0436,-118.3189,0
01/05/2020 12:00:00 AM,77th Street,"THEFT, PERSON",33.9711,-118.2629,0
02/28/2020 12:00:00 AM,Southwest,"VANDALISM - FELONY ($400 & OVER, ALL CHURCH VANDALISMS)",34.0178,-118.3364,0
03/22/2020 12:00:00 AM,Wilshire,THEFT OF IDENTITY,34.0649,-118.3525,0
12/12/2020 12:00:00 AM,Central,VANDALISM - MISDEAMEANOR ($399 OR UNDER),34.0462,-118.2585,0
09/29/2020 12:00:00 AM,Rampart,"ASSAULT WITH DEADLY WEAPON, AGGRAVATED ASSAULT",34.0873,-118.296,0
07/10/2020 12:00:00 AM,Hollenbeck,BATTERY - SIMPLE ASSAULT,34.0469,-118.2032,0
12/20/2020 12:00:00 AM,Central,INTIMATE PARTNER - SIMPLE ASSAULT,34.0468,-118.2502,0
11/29/2020 12:00:00 AM,Wilshire,BURGLARY,34.0628,-118.344,0
04/14/2020 12:00:00 AM,Southwest,ROBBERY,34.0214,-118.3486,0
07/09/2020 12:00:00 AM,Harbor,SEXUAL PENETRATION W/FOREIGN OBJECT,33.7167,-118.2842,0
11/07/2020 12:00:00 AM,Hollenbeck,THEFT FROM MOTOR VEHICLE - PETTY ($950 & UNDER),34.0484,-118.2061,0
03/10/2020 12:00:00 AM,77th Street,ROBBERY,33.9871,-118.2816,0
04/21/2020 12:00:00 AM,Newton,"VANDALISM - FELONY ($400 & OVER, ALL CHURCH VANDALISMS)",33.9984,-118.274,0
08/01/2020 12:00:00 AM,77th Street,ROBBERY,33.9736,-118.2915,0
04/15/2020 12:00:00 AM,West LA,"THEFT-GRAND ($950.01 & OVER)EXCPT,GUNS,FOWL,LIVESTK,PROD",34.0489,-118.4221,0
03/07/2020 12:00:00 AM,West Valley,VEHICLE - STOLEN,34.2048,-118.5361,0
12/19/2020 12:00:00 AM,West LA,"VANDALISM - FELONY ($400 & OVER, ALL CHURCH VANDALISMS)",34.0567,-118.4426,0
06/12/2020 12:00:00 AM,West LA,THEFT OF IDENTITY,34.0704,-118.4605,0
02/16/2020 12:00:00 AM,West LA,BURGLARY,34.0364,-118.3872,0
03/21/2020 12:00:00 AM,Southwest,THEFT FROM MOTOR VEHICLE - PETTY ($950 & UNDER),34.0055,-118.2959,0
09/28/2020 12:00:00 AM,West LA,THEFT OF IDENTITY,34.0408,-118.4685,0
10/28/2020 12:00:00 AM,Harbor,ROBBERY,33.7243,-118.2963,0
02/17/2020 12:00:00 AM,Central,"THEFT-GRAND ($950.01 & OVER)EXCPT,GUNS,FOWL,LIVESTK,PROD",34.0467,-118.252,0
07/16/2020 12:00:00 AM,Van Nuys,VEHICLE - STOLEN,34.2085,-118.4698,0
06/29/2020 12:00:00 AM,77th Street,CONTEMPT OF COURT,33.9933,-118.3094,0
02/10/2020 12:00:00 AM,Van Nuys,BATTERY WITH SEXUAL CONTACT,34.1809,-118.4531,0
10/08/2020 12:00:00 AM,Southwest,VEHICLE - STOLEN,34.0163,-118.3421,0
12/31/2020 12:00:00 AM,77th Street,ROBBERY,33.9747,-118.2827,0
12/29/2020 12:00:00 AM,Central,"THEFT-GRAND ($950.01 & OVER)EXCPT,GUNS,FOWL,LIVESTK,PROD",34.0449,-118.2458,0
01/07/2020 12:00:00 AM,Northeast,ROBBERY,34.0832,-118.2572,0
06/22/2020 12:00:00 AM,Van Nuys,THEFT OF IDENTITY,34.15,-118.4674,0
08/29/2020 12:00:00 AM,Van Nuys,OTHER MISCELLANEOUS CRIME,34.1831,-118.4523,0
04/16/2020 12:00:00 AM,77th Street,"VANDALISM - FELONY ($400 & OVER, ALL CHURCH VANDALISMS)",33.9737,-118.2871,0
05/30/2020 12:00:00 AM,Harbor,VEHICLE - STOLEN,33.754,-118.3048,0
06/19/2020 12:00:00 AM,Wilshire,INTIMATE PARTNER - SIMPLE ASSAULT,34.0517,-118.3701,0
10/27/2020 12:00:00 AM,West LA,BURGLARY,34.0425,-118.3818,0
10/10/2020 12:00:00 AM,Wilshire,VANDALISM - MISDEAMEANOR ($399 OR UNDER),34.0339,-118.3747,0
02/02/2020 12:00:00 AM,Central,THEFT PLAIN - PETTY ($950 & UNDER),34.0474,-118.2496,0
04/03/2020 12:00:00 AM,West Valley,OTHER MISCELLANEOUS CRIME,34.1611,-118.5116,0
09/12/2020 12:00:00 AM,Southwest,BIKE - STOLEN,34.0328,-118.2865,0
01/17/2020 12:00:00 AM,Hollenbeck,VEHICLE - ATTEMPT STOLEN,34.066,-118.2142,0
07/28/2020 12:00:00 AM,Rampart,THEFT FROM MOTOR VEHICLE - PETTY ($950 & UNDER),34.0448,-118.2773,0
06/06/2020 12:00:00 AM,Harbor,BATTERY - SIMPLE ASSAULT,33.7815,-118.265,0
11/25/2020 12:00:00 AM,Harbor,BRANDISH WEAPON,33.7442,-118.2857,0
08/01/2020 12:00:00 AM,Northeast,VEHICLE - STOLEN,34.1198,-118.1783,0
06/13/2020 12:00:00 AM,77th Street,"ASSAULT WITH DEADLY WEAPON, AGGRAVATED ASSAULT",33.9805,-118.2937,0
08/25/2020 12:00:00 AM,Southwest,THEFT FROM MOTOR VEHICLE - PETTY ($950 & UNDER),34.0171,-118.3531,0
08/21/2020 12:00:00 AM,Van Nuys,"THEFT, PERSON",34.1938,-118.4702,0
04/09/2020 12:00:00 AM,Rampart,VEHICLE - STOLEN,34.0529,-118.2776,0
11/05/2020 12:00:00 AM,Wilshire,BURGLARY,34.0835,-118.3435,0
01/21/2020 12:00:00 AM,West Valley,ROBBERY,34.1599,-118.4766,0
01/11/2020 12:00:00 AM,Van Nuys,LEWD/LASCIVIOUS ACTS WITH CHILD,34.16,-118.4661,0
09/14/2020 12:00:00 AM,Wilshire,OTHER ASSAULT,34.0728,-118.3806,0
08/23/2020 12:00:00 AM,77th Street,INTIMATE PARTNER - SIMPLE ASSAULT,33.9679,-118.2739,0
09/14/2020 12:00:00 AM,Central,BRANDISH WEAPON,34.0615,-118.247,0
03/05/2020 12:00:00 AM,77th Street,ROBBERY,33.9915,-118.3089,0
11/14/2020 12:00:00 AM,Central,BURGLARY FROM VEHICLE,34.0461,-118.2395,0
09/20/2020 12:00:00 AM,West Valley,VEHICLE - STOLEN,34.1722,-118.5088,0
09/22/2020 12:00:00 AM,Hollywood,VANDALISM - MISDEAMEANOR ($399 OR UNDER),34.1272,-118.3172,0
01/29/2020 12:00:00 AM,West LA,THEFT PLAIN - PETTY ($950 & UNDER),34.0857,-118.4545,0
12/15/2020 12:00:00 AM,77th Street,"ASSAULT WITH DEADLY WEAPON, AGGRAVATED ASSAULT",33.9916,-118.2981,0
05/20/2020 12:00:00 AM,Wilshire,BURGLARY FROM VEHICLE,34.0443,-118.3538,0
09/22/2020 12:00:00 AM,Northeast,THEFT FROM MOTOR VEHICLE - PETTY ($950 & UNDER),34.1037,-118.3006,0
01/11/2020 12:00:00 AM,Newton,BURGLARY FROM VEHICLE,34.02,-118.2648,0
09/03/2020 12:00:00 AM,Southwest,BATTERY - SIMPLE ASSAULT,34.0109,-118.3045,0
11/02/2020 12:00:00 AM,Southwest,BATTERY - SIMPLE ASSAULT,34.0336,-118.2756,0
01/21/2020 12:00:00 AM,Northeast,TRESPASSING,34.0804,-118.2684,0
07/10/2020 12:00:00 AM,Central,"VANDALISM - FELONY ($400 & OVER, ALL CHURCH VANDALISMS)",34.0572,-118.2388,0
11/27/2020 12:00:00 AM,Hollenbeck,THEFT PLAIN - PETTY ($950 & UNDER),34.0805,-118.1926,0
04/24/2020 12:00:00 AM,Hollenbeck,BURGLARY FROM VEHICLE,34.0737,-118.2223,0
11/03/2020 12:00:00 AM,Southwest,EXTORTION,34.0268,-118.3318,0
05/24/2020 12:00:00 AM,Wilshire,"THEFT-GRAND ($950.01 & OVER)EXCPT,GUNS,FOWL,LIVESTK,PROD",34.0837,-118.3575,0
05/10/2020 12:00:00 AM,West LA,THEFT FROM MOTOR VEHICLE - GRAND ($950.01 AND OVER),34.0515,-118.4156,0
08/22/2020 12:00:00 AM,Hollywood,THEFT FROM MOTOR VEHICLE - GRAND ($950.01 AND OVER),34.117,-118.3367,0
06/18/2020 12:00:00 AM,Hollywood,THEFT FROM MOTOR VEHICLE - GRAND ($950.01 AND OVER),34.1079,-118.3337,0
12/14/2020 12:00:00 AM,Rampart,BURGLARY,34.0491,-118.2823,0
01/28/2020 12:00:00 AM,77th Street,BATTERY - SIMPLE ASSAULT,33.9974,-118.2827,0
06/18/2020 12:00:00 AM,Rampart,"VANDALISM - FELONY ($400 & OVER, ALL CHURCH VANDALISMS)",34.0694,-118.2769,0
08/31/2020 12:00:00 AM,Southwest,BATTERY WITH SEXUAL CONTACT,34.0268,-118.2896,0
01/04/2020 12:00:00 AM,Newton,BATTERY - SIMPLE ASSAULT,34.0039,-118.2676,0
10/04/2020 12:00:00 AM,Hollenbeck,BURGLARY,34.0697,-118.175,0
07/26/2020 12:00:00 AM,Central,BATTERY - SIMPLE ASSAULT,34.0615,-118.2412,0
07/31/2020 12:00:00 AM,77th Street,VEHICLE - STOLEN,33.9713,-118.2696,0
02/15/2020 12:00:00 AM,Southwest,THEFT PLAIN - PETTY ($950 & UNDER),34.0199,-118.3608,0
03/22/2020 12:00:00 AM,Northeast,INTIMATE PARTNER - AGGRAVATED ASSAULT,34.1,-118.2463,0
01/29/2020 12:00:00 AM,Hollywood,VANDALISM - MISDEAMEANOR ($399 OR UNDER),34.0863,-118.3064,0
12/12/2020 12:00:00 AM,Northeast,BURGLARY FROM VEHICLE,34.1425,-118.29,0
03/22/2020 12:00:00 AM,Harbor,THEFT OF IDENTITY,33.8063,-118.3054,0
01/17/2020 12:00:00 AM,Northeast,BURGLARY FROM VEHICLE,34.1192,-118.3004,0
03/19/2020 12:00:00 AM,Rampart,THEFT FROM MOTOR VEHICLE - PETTY ($950 & UNDER),34.0591,-118.2635,0
08/28/2020 12:00:00 AM,Hollywood,BRANDISH WEAPON,34.0944,-118.3375,0
01/30/2020 12:00:00 AM,Wilshire,RESISTING ARREST,34.0418,-118.3213,0
11/19/2020 12:00:00 AM,77th Street,VANDALISM - MISDEAMEANOR ($399 OR UNDER),33.9932,-118.327,0
05/06/2020 12:00:00 AM,Northeast,ROBBERY,34.1145,-118.2376,0
02/06/2020 12:00:00 AM,Hollywood,BATTERY - SIMPLE ASSAULT,34.0981,-118.318,0
02/13/2020 12:00:00 AM,Central,THEFT FROM MOTOR VEHICLE - PETTY ($950 & UNDER),34.0348,-118.2687,0
07/05/2020 12:00:00 AM,Hollywood,INTIMATE PARTNER - SIMPLE ASSAULT,34.1003,-118.3166,0
03/10/2020 12:00:00 AM,West LA,THEFT FROM MOTOR VEHICLE - ATTEMPT,34.041,-118.3802,0
11/25/2020 12:00:00 AM,Van Nuys,INTIMATE PARTNER - SIMPLE ASSAULT,34.1938,-118.4702,0
08/01/2020 12:00:00 AM,West Valley,INTIMATE PARTNER - SIMPLE ASSAULT,34.1949,-118.5014,0
11/01/2020 12:00:00 AM,Hollenbeck,INTIMATE PARTNER - SIMPLE ASSAULT,34.0863,-118.1624,0
02/22/2020 12:00:00 AM,Central,"VANDALISM - FELONY ($400 & OVER, ALL CHURCH VANDALISMS)",34.0453,-118.2443,0
07/31/2020 12:00:00 AM,Hollywood,OTHER ASSAULT,34.098,-118.3186,0
02/27/2020 12:00:00 AM,Southwest,"VANDALISM - FELONY ($400 & OVER, ALL CHURCH VANDALISMS)",34.0063,-118.2842,0
08/01/2020 12:00:00 AM,Rampart,THEFT FROM MOTOR VEHICLE - GRAND ($950.01 AND OVER),34.0552,-118.2675,0
01/27/2020 12:00:00 AM,Hollywood,THEFT FROM MOTOR VEHICLE - GRAND ($950.01 AND OVER),34.1087,-118.3775,0
12/11/2020 12:00:00 AM,Hollenbeck,THEFT FROM MOTOR VEHICLE - PETTY ($950 & UNDER),34.0276,-118.2005,0
03/24/2020 12:00:00 AM,Hollywood,VEHICLE - STOLEN,34.0998,-118.3211,0
01/09/2020 12:00:00 AM,Southwest,ATTEMPTED ROBBERY,34.0182,-118.2888,0
07/05/2020 12:00:00 AM,West LA,THEFT FROM MOTOR VEHICLE - PETTY ($950 & UNDER),34.0393,-118.4466,0
01/13/2020 12:00:00 AM,Harbor,THEFT FROM MOTOR VEHICLE - PETTY ($950 & UNDER),33.7817,-118.3041,0
09/03/2020 12:00:00 AM,77th Street,INTIMATE PARTNER - SIMPLE ASSAULT,33.9996,-118.2865,0
08/17/2020 12:00:00 AM,77th Street,BATTERY - SIMPLE ASSAULT,33.9664,-118.3046,0
04/14/2020 12:00:00 AM,Harbor,VEHICLE - STOLEN,33.7938,-118.3043,0
12/11/2020 12:00:00 AM,Southwest,THEFT PLAIN - PETTY ($950 & UNDER),34.0242,-118.2876,0
07/29/2020 12:00:00 AM,Central,THEFT PLAIN - PETTY ($950 & UNDER),34.0444,-118.2541,0
07/12/2020 12:00:00 AM,West LA,INTIMATE PARTNER - SIMPLE ASSAULT,34.0501,-118.4439,0
11/12/2020 12:00:00 AM,Central,BATTERY - SIMPLE ASSAULT,34.0561,-118.2375,0
09/06/2020 12:00:00 AM,Rampart,VEHICLE - STOLEN,34.0746,-118.2707,0
03/26/2020 12:00:00 AM,Hollywood,INTIMATE PARTNER - SIMPLE ASSAULT,34.1069,-118.324,0
09/19/2020 12:00:00 AM,Hollenbeck,EXTORTION,34.0255,-118.2197,0
11/19/2020 12:00:00 AM,Harbor,INTIMATE PARTNER - SIMPLE ASSAULT,33.737,-118.2804,0
11/03/2020 12:00:00 AM,West LA,BATTERY WITH SEXUAL CONTACT,34.0649,-118.4372,0
11/22/2020 12:00:00 AM,77th Street,VIOLATION OF RESTRAINING ORDER,33.9698,-118.2846,0
07/07/2020 12:00:00 AM,West LA,TRESPASSING,34.0557,-118.444,0
01/11/2020 12:00:00 AM,Newton,"BURGLARY FROM VEHICLE, ATTEMPTED",34.0171,-118.2667,0
01/29/2020 12:00:00 AM,West Valley,"VANDALISM - FELONY ($400 & OVER, ALL CHURCH VANDALISMS)",34.2128,-118.5197,0
06/22/2020 12:00:00 AM,Central,BURGLARY FROM VEHICLE,34.0627,-118.2463,0
03/05/2020 12:00:00 AM,Wilshire,BURGLARY,34.0726,-118.3279,0
03/16/2020 12:00:00 AM,Hollenbeck,THEFT FROM MOTOR VEHICLE - GRAND ($950.01 AND OVER),34.069,-118.1927,0
05/03/2020 12:00:00 AM,Hollywood,BURGLARY FROM VEHICLE,34.1067,-118.3373,0
07/24/2020 12:00:00 AM,West Valley,VEHICLE - STOLEN,34.1615,-118.5142,0
01/19/2020 12:00:00 AM,Newton,ROBBERY,34.0312,-118.2554,0
09/22/2020 12:00:00 AM,Central,"VANDALISM - FELONY ($400 & OVER, ALL CHURCH VANDALISMS)",34.0459,-118.2352,0
07/27/2020 12:00:00 AM,Wilshire,THEFT FROM MOTOR VEHICLE - PETTY ($950 & UNDER),34.0483,-118.3412,0
08/16/2020 12:00:00 AM,Wilshire,"THEFT-GRAND ($950.01 & OVER)EXCPT,GUNS,FOWL,LIVESTK,PROD",34.0761,-118.3648,0
04/12/2020 12:00:00 AM,Southwest,"THEFT-GRAND ($950.01 & OVER)EXCPT,GUNS,FOWL,LIVESTK,PROD",34.0289,-118.3563,0
12/15/2020 12:00:00 AM,Van Nuys,BURGLARY FROM VEHICLE,34.1949,-118.4389,0
03/29/2020 12:00:00 AM,77th Street,SHOPLIFTING - PETTY THEFT ($950 & UNDER),33.9622,-118.285,0
12/25/2020 12:00:00 AM,Hollywood,INTIMATE PARTNER - SIMPLE ASSAULT,34.115,-118.3124,0
10/05/2020 12:00:00 AM,Harbor,"VANDALISM - FELONY ($400 & OVER, ALL CHURCH VANDALISMS)",33.7115,-118.2889,0
05/30/2020 12:00:00 AM,Wilshire,BURGLARY,34.0497,-118.3442,0
03/23/2020 12:00:00 AM,Central,"RAPE, FORCIBLE",34.0395,-118.2656,0
04/06/2020 12:00:00 AM,Van Nuys,"BUNCO, PETTY THEFT",34.1576,-118.4335,0
03/13/2020 12:00:00 AM,West LA,THEFT FROM MOTOR VEHICLE - GRAND ($950.01 AND OVER),34.0358,-118.4026,0
09/05/2020 12:00:00 AM,Southwest,THEFT PLAIN - PETTY ($950 & UNDER),34.0339,-118.281,0
02/11/2020 12:00:00 AM,Harbor,VEHICLE - STOLEN,33.7378,-118.2814,0
11/01/2020 12:00:00 AM,Southwest,"ASSAULT WITH DEADLY WEAPON, AGGRAVATED ASSAULT",34.0311,-118.3429,0
11/20/2020 12:00:00 AM,West Valley,BATTERY - SIMPLE ASSAULT,34.1866,-118.4924,0
10/09/2020 12:00:00 AM,West LA,INTIMATE PARTNER - SIMPLE ASSAULT,34.0465,-118.4588,0
11/04/2020 12:00:00 AM,Hollywood,"THEFT-GRAND ($950.01 & OVER)EXCPT,GUNS,FOWL,LIVESTK,PROD",34.1016,-118.3489,0
11/19/2020 12:00:00 AM,Hollywood,BURGLARY,34.0944,-118.3266,0
08/14/2020 12:00:00 AM,Northeast,VEHICLE - STOLEN,34.0875,-118.2586,0
12/10/2020 12:00:00 AM,West LA,"VANDALISM - FELONY ($400 & OVER, ALL CHURCH VANDALISMS)",34.0495,-118.3805,0
11/03/2020 12:00:00 AM,Van Nuys,"VANDALISM - FELONY ($400 & OVER, ALL CHURCH VANDALISMS)",34.1594,-118.4487,0
01/15/2020 12:00:00 AM,Van Nuys,SHOPLIFTING - PETTY THEFT ($950 & UNDER),34.1867,-118.4444,0
03/09/2020 12:00:00 AM,Central,THEFT PLAIN - PETTY ($950 & UNDER),34.0423,-118.2452,0
07/05/2020 12:00:00 AM,Van Nuys,"BUNCO, GRAND THEFT",34.1505,-118.4458,0
09/10/2020 12:00:00 AM,Hollenbeck,THEFT FROM MOTOR VEHICLE - PETTY ($950 & UNDER),34.0188,-118.2028,0
11/22/2020 12:00:00 AM,West LA,THEFT PLAIN - PETTY ($950 & UNDER),34.0419,-118.4648,0
11/30/2020 12:00:00 AM,Hollywood,BURGLARY,34.0926,-118.3386,0
06/17/2020 12:00:00 AM,West Valley,BATTERY - SIMPLE ASSAULT,34.1361,-118.4815,0
06/07/2020 12:00:00 AM,Central,"THEFT-GRAND ($950.01 & OVER)EXCPT,GUNS,FOWL,LIVESTK,PROD",34.0391,-118.2384,0
08/15/2020 12:00:00 AM,Hollywood,TRESPASSING,34.0943,-118.331,0
01/21/2020 12:00:00 AM,Hollywood,INTIMATE PARTNER - AGGRAVATED ASSAULT,34.0865,-118.3169,0
10/05/2020 12:00:00 AM,Harbor,CRIMINAL THREATS - NO WEAPON DISPLAYED,33.7898,-118.298,0
11/30/2020 12:00:00 AM,West Valley,TRESPASSING,34.1629,-118.5263,0
11/16/2020 12:00:00 AM,77th Street,THEFT OF IDENTITY,33.97,-118.3134,0
10/11/2020 12:00:00 AM,Rampart,BURGLARY FROM VEHICLE,34.0509,-118.2642,0
11/14/2020 12:00:00 AM,Northeast,BURGLARY,34.0997,-118.2695,0
07/31/2020 12:00:00 AM,Hollywood,BATTERY - SIMPLE ASSAULT,34.1034,-118.3325,0
05/08/2020 12:00:00 AM,West LA,VEHICLE - STOLEN,34.0467,-118.4341,0
12/31/2020 12:00:00 AM,Harbor,TRESPASSING,33.7419,-118.2923,0
02/19/2020 12:00:00 AM,Van Nuys,BURGLARY FROM VEHICLE,34.2084,-118.4599,0
06/08/2020 12:00:00 AM,West Valley,INTIMATE PARTNER - SIMPLE ASSAULT,34.1939,-118.4924,0
08/31/2020 12:00:00 AM,Harbor,CRIMINAL THREATS - NO WEAPON DISPLAYED,33.7941,-118.2919,0
07/17/2020 12:00:00 AM,Southwest,VANDALISM - MISDEAMEANOR ($399 OR UNDER),34.0355,-118.2964,0
12/15/2020 12:00:00 AM,77th Street,BURGLARY,33.9606,-118.2673,0
01/15/2020 12:00:00 AM,Wilshire,BURGLARY FROM VEHICLE,34.0835,-118.3734,0
12/28/2020 12:00:00 AM,Hollenbeck,ROBBERY,34.0469,-118.2229,0
04/19/2020 12:00:00 AM,Van Nuys,BURGLARY,34.1776,-118.4618,0
04/11/2020 12:00:00 AM,Southwest,THEFT OF IDENTITY,34.0349,-118.314,0
01/12/2020 12:00:00 AM,West LA,BIKE - STOLEN,34.0393,-118.4465,0
01/18/2020 12:00:00 AM,Hollywood,BATTERY - SIMPLE ASSAULT,34.1042,-118.3088,0
06/02/2020 12:00:00 AM,77th Street,"ASSAULT WITH DEADLY WEAPON, AGGRAVATED ASSAULT",33.9797,-118.3309,0
02/29/2020 12:00:00 AM,Central,STALKING,34.0491,-118.2558,0
02/04/2020 12:00:00 AM,Harbor,ROBBERY,33.786,-118.3085,0
04/13/2020 12:00:00 AM,Central,BIKE - STOLEN,34.0481,-118.2542,0
12/07/2020 12:00:00 AM,77th Street,CONTEMPT OF COURT,33.9827,-118.3255,0
09/24/2020 12:00:00 AM,Hollywood,"ASSAULT WITH DEADLY WEAPON, AGGRAVATED ASSAULT",34.098,-118.3332,0
12/18/2020 12:00:00 AM,Southwest,BATTERY - SIMPLE ASSAULT,34.0099,-118.3089,0
03/13/2020 12:00:00 AM,Southwest,VEHICLE - STOLEN,34.0074,-118.329,0
10/10/2020 12:00:00 AM,Central,"VANDALISM - FELONY ($400 & OVER, ALL CHURCH VANDALISMS)",34.0615,-118.2412,0
10/06/2020 12:00:00 AM,77th Street,BATTERY - SIMPLE ASSAULT,34.0028,-118.2842,0
11/27/2020 12:00:00 AM,Harbor,BATTERY - SIMPLE ASSAULT,33.7096,-118.2885,0
09/29/2020 12:00:00 AM,77th Street,INTIMATE PARTNER - SIMPLE ASSAULT,33.9915,-118.2842,0
11/01/2020 12:00:00 AM,Southwest,SHOTS FIRED AT INHABITED DWELLING,34.019,-118.2944,0
04/05/2020 12:00:00 AM,Van Nuys,SHOPLIFTING - PETTY THEFT ($950 & UNDER),34.1841,-118.4693,0
12/04/2020 12:00:00 AM,Hollenbeck,BATTERY - SIMPLE ASSAULT,34.0173,-118.2196,0
08/07/2020 12:00:00 AM,77th Street,EXTORTION,33.9737,-118.2962,0
12/01/2020 12:00:00 AM,Harbor,INTIMATE PARTNER - SIMPLE ASSAULT,33.7351,-118.2814,0
09/09/2020 12:00:00 AM,Southwest,BATTERY - SIMPLE ASSAULT,34.0215,-118.2868,0
07/18/2020 12:00:00 AM,Wilshire,"RAPE, FORCIBLE",34.0513,-118.341,0
02/11/2020 12:00:00 AM,Hollywood,THEFT PLAIN - PETTY ($950 & UNDER),34.0962,-118.3528,0
03/25/2020 12:00:00 AM,West LA,THEFT PLAIN - PETTY ($950 & UNDER),34.0581,-118.4236,0
04/10/2020 12:00:00 AM,Northeast,BURGLARY FROM VEHICLE,34.0969,-118.229,0
04/25/2020 12:00:00 AM,Central,BURGLARY FROM VEHICLE,34.0669,-118.2275,0
12/02/2020 12:00:00 AM,77th Street,VEHICLE - ATTEMPT STOLEN,33.9637,-118.2651,0
01/25/2020 12:00:00 AM,Southwest,"ASSAULT WITH DEADLY WEAPON, AGGRAVATED ASSAULT",34.0199,-118.3062,0
09/07/2020 12:00:00 AM,Wilshire,THEFT FROM MOTOR VEHICLE - GRAND ($950.01 AND OVER),34.0745,-118.3732,0
12/26/2020 12:00:00 AM,West LA,BURGLARY,34.0548,-118.4241,0
12/02/2020 12:00:00 AM,West Valley,"THEFT-GRAND ($950.01 & OVER)EXCPT,GUNS,FOWL,LIVESTK,PROD",34.1797,-118.5129,0
08/02/2020 12:00:00 AM,77th Street,BATTERY - SIMPLE ASSAULT,33.9916,-118.3002,0
08/31/2020 12:00:00 AM,Hollywood,BATTERY - SIMPLE ASSAULT,34.0993,-118.316,0
02/19/2020 12:00:00 AM,Harbor,SHOPLIFTING - PETTY THEFT ($950 & UNDER),33.818,-118.3089,0
08/15/2020 12:00:00 AM,Wilshire,INTIMATE PARTNER - SIMPLE ASSAULT,34.0818,-118.3584,0
06/08/2020 12:00:00 AM,Southwest,THEFT FROM MOTOR VEHICLE - PETTY ($950 & UNDER),34.0336,-118.2865,0
03/28/2020 12:00:00 AM,Van Nuys,VEHICLE - STOLEN,34.1721,-118.44,0
03/22/2020 12:00:00 AM,Newton,VEHICLE - STOLEN,34.0349,-118.2436,0
10/20/2020 12:00:00 AM,Central,OTHER MISCELLANEOUS CRIME,34.0591,-118.2412,0
12/02/2020 12:00:00 AM,Southwest,"ASSAULT WITH DEADLY WEAPON, AGGRAVATED ASSAULT",34.0273,-118.3015,0
01/03/2020 12:00:00 AM,77th Street,INTIMATE PARTNER - SIMPLE ASSAULT,33.9727,-118.2893,0
08/12/2020 12:00:00 AM,Hollenbeck,SHOPLIFTING - PETTY THEFT ($950 & UNDER),34.0253,-118.2224,0
04/15/2020 12:00:00 AM,Harbor,THEFT FROM MOTOR VEHICLE - PETTY ($950 & UNDER),33.736,-118.2814,0
06/15/2020 12:00:00 AM,77th Street,BRANDISH WEAPON,33.964,-118.2739,0
03/16/2020 12:00:00 AM,Hollenbeck,VANDALISM - MISDEAMEANOR ($399 OR UNDER),34.0836,-118.18,0
03/08/2020 12:00:00 AM,77th Street,CRIMINAL THREATS - NO WEAPON DISPLAYED,33.961,-118.2919,0
07/05/2020 12:00:00 AM,West LA,BURGLARY FROM VEHICLE,34.0576,-118.4259,0
07/27/2020 12:00:00 AM,Van Nuys,SHOPLIFTING - PETTY THEFT ($950 & UNDER),34.1841,-118.4693,0
02/06/2020 12:00:00 AM,West Valley,BURGLARY,34.1726,-118.5517,0
08/01/2020 12:00:00 AM,Southwest,ROBBERY,34.0183,-118.3504,0
08/04/2020 12:00:00 AM,Hollenbeck,THEFT FROM MOTOR VEHICLE - GRAND ($950.01 AND OVER),34.0635,-118.1791,0
02/12/2020 12:00:00 AM,Southwest,VEHICLE - STOLEN,34.0037,-118.3171,0
07/26/2020 12:00:00 AM,West Valley,"THEFT-GRAND ($950.01 & OVER)EXCPT,GUNS,FOWL,LIVESTK,PROD",34.1977,-118.536,0
07/18/2020 12:00:00 AM,West Valley,VEHICLE - STOLEN,34.1802,-118.5308,0
07/29/2020 12:00:00 AM,Hollywood,"VANDALISM - FELONY ($400 & OVER, ALL CHURCH VANDALISMS)",34.0998,-118.3267,0
03/03/2020 12:00:00 AM,West LA,"VANDALISM - FELONY ($400 & OVER, ALL CHURCH VANDALISMS)",34.0341,-118.4525,0
10/15/2020 12:00:00 AM,Hollywood,BATTERY - SIMPLE ASSAULT,34.0934,-118.3025,0
08/30/2020 12:00:00 AM,Van Nuys,THEFT FROM MOTOR VEHICLE - PETTY ($950 & UNDER),34.1867,-118.4472,0
05/13/2020 12:00:00 AM,77th Street,VEHICLE - STOLEN,33.9559,-118.3003,0
01/16/2020 12:00:00 AM,Wilshire,THEFT FROM MOTOR VEHICLE - PETTY ($950 & UNDER),34.0688,-118.3598,0
12/04/2020 12:00:00 AM,77th Street,"ASSAULT WITH DEADLY WEAPON, AGGRAVATED ASSAULT",33.9727,-118.2739,0
09/04/2020 12:00:00 AM,Wilshire,INTIMATE PARTNER - SIMPLE ASSAULT,34.0502,-118.3762,0
07/13/2020 12:00:00 AM,Central,BATTERY - SIMPLE ASSAULT,34.0496,-118.258,0
10/29/2020 12:00:00 AM,Southwest,CRIMINAL THREATS - NO WEAPON DISPLAYED,34.0148,-118.3616,0
06/03/2020 12:00:00 AM,Van Nuys,INTIMATE PARTNER - SIMPLE ASSAULT,34.1504,-118.4312,0
11/19/2020 12:00:00 AM,Van Nuys,THEFT PLAIN - PETTY ($950 & UNDER),34.1448,-118.4186,0
09/01/2020 12:00:00 AM,Hollywood,TRESPASSING,34.1137,-118.3884,0
07/25/2020 12:00:00 AM,Southwest,INTIMATE PARTNER - SIMPLE ASSAULT,34.0211,-118.3248,0
05/30/2020 12:00:00 AM,Rampart,INTIMATE PARTNER - AGGRAVATED ASSAULT,34.0652,-118.2492,0
05/28/2020 12:00:00 AM,West LA,SHOPLIFTING - PETTY THEFT ($950 & UNDER),34.0314,-118.3998,0
11/18/2020 12:00:00 AM,77th Street,DISCHARGE FIREARMS/SHOTS FIRED,33.9982,-118.3086,0
05/28/2020 12:00:00 AM,Harbor,BURGLARY,33.7252,-118.282,0
11/22/2020 12:00:00 AM,West LA,THEFT PLAIN - PETTY ($950 & UNDER),34.0594,-118.4234,0
07/10/2020 12:00:00 AM,Hollywood,THEFT FROM MOTOR VEHICLE - PETTY ($950 & UNDER),34.1078,-118.3274,0
04/21/2020 12:00:00 AM,Northeast,"THEFT-GRAND ($950.01 & OVER)EXCPT,GUNS,FOWL,LIVESTK,PROD",34.1246,-118.2613,0
09/17/2020 12:00:00 AM,West Valley,THEFT PLAIN - PETTY ($950 & UNDER),34.201,-118.5605,0
10/12/2020 12:00:00 AM,Northeast,DISCHARGE FIREARMS/SHOTS FIRED,34.0832,-118.2642,0
10/09/2020 12:00:00 AM,Hollywood,THEFT FROM MOTOR VEHICLE - GRAND ($950.01 AND OVER),34.1107,-118.3756,0
01/24/2020 12:00:00 AM,Southwest,INTIMATE PARTNER - SIMPLE ASSAULT,34.0109,-118.3002,0
04/20/2020 12:00:00 AM,Newton,THEFT OF IDENTITY,34.0092,-118.2728,0
08/13/2020 12:00:00 AM,Northeast,"VANDALISM - FELONY ($400 & OVER, ALL CHURCH VANDALISMS)",34.0873,-118.2544,0
05/26/2020 12:00:00 AM,Southwest,INTIMATE PARTNER - SIMPLE ASSAULT,34.0132,-118.3457,0
12/27/2020 12:00:00 AM,Southwest,EXTORTION,34.0167,-118.2811,0
09/18/2020 12:00:00 AM,Central,"THEFT-GRAND ($950.01 & OVER)EXCPT,GUNS,FOWL,LIVESTK,PROD",34.0493,-118.2417,0
02/23/2020 12:00:00 AM,Hollenbeck,ROBBERY,34.0765,-118.2157,0
04/12/2020 12:00:00 AM,West LA,"VANDALISM - FELONY ($400 & OVER, ALL CHURCH VANDALISMS)",34.0482,-118.4354,0
08/07/2020 12:00:00 AM,Van Nuys,THEFT PLAIN - ATTEMPT,34.1939,-118.4243,0
03/09/2020 12:00:00 AM,Newton,BURGLARY,34.0219,-118.2734,0
05/12/2020 12:00:00 AM,Central,"THEFT-GRAND ($950.01 & OVER)EXCPT,GUNS,FOWL,LIVESTK,PROD",34.048,-118.256,0
11/16/2020 12:00:00 AM,Hollywood,ROBBERY,34.103,-118.3225,0
09/08/2020 12:00:00 AM,Hollywood,CRIMINAL THREATS - NO WEAPON DISPLAYED,34.1018,-118.3035,0
09/08/2020 12:00:00 AM,Wilshire,OTHER ASSAULT,34.0572,-118.3482,0
03/05/2020 12:00:00 AM,77th Street,VEHICLE - STOLEN,33.9942,-118.2871,0
06/11/2020 12:00:00 AM,Central,VEHICLE - STOLEN,34.051,-118.248,0
11/26/2020 12:00:00 AM,Hollenbeck,"VANDALISM - FELONY ($400 & OVER, ALL CHURCH VANDALISMS)",34.057,-118.2082,0
01/11/2020 12:00:00 AM,West Valley,"LETTERS, LEWD  -  TELEPHONE CALLS, LEWD",34.1975,-118.5273,0
09/06/2020 12:00:00 AM,Hollywood,BATTERY WITH SEXUAL CONTACT,34.1016,-118.334,0
07/10/2020 12:00:00 AM,77th Street,"VANDALISM - FELONY ($400 & OVER, ALL CHURCH VANDALISMS)",33.9834,-118.3134,0
09/05/2020 12:00:00 AM,77th Street,"VANDALISM - FELONY ($400 & OVER, ALL CHURCH VANDALISMS)",33.9718,-118.2783,0
08/25/2020 12:00:00 AM,Wilshire,OTHER MISCELLANEOUS CRIME,34.0495,-118.3215,0
04/10/2020 12:00:00 AM,Northeast,OTHER ASSAULT,34.1012,-118.2918,0
12/06/2020 12:00:00 AM,West LA,THEFT FROM MOTOR VEHICLE - GRAND ($950.01 AND OVER),34.0661,-118.4298,0
02/01/2020 12:00:00 AM,Central,"ASSAULT WITH DEADLY WEAPON, AGGRAVATED ASSAULT",34.0478,-118.2454,0
04/11/2020 12:00:00 AM,Newton,THEFT PLAIN - PETTY ($950 & UNDER),33.9747,-118.2695,0
08/16/2020 12:00:00 AM,Wilshire,BRANDISH WEAPON,34.0454,-118.3207,0
02/04/2020 12:00:00 AM,Wilshire,VEHICLE - STOLEN,34.0437,-118.3549,0
08/09/2020 12:00:00 AM,Harbor,BATTERY - SIMPLE ASSAULT,33.7742,-118.2626,0
10/27/2020 12:00:00 AM,Van Nuys,BATTERY - SIMPLE ASSAULT,34.1993,-118.4624,0
01/27/2020 12:00:00 AM,West Valley,INTIMATE PARTNER - AGGRAVATED ASSAULT,34.2067,-118.4739,0
03/11/2020 12:00:00 AM,Rampart,KIDNAPPING,34.0597,-118.2795,0
05/09/2020 12:00:00 AM,Hollenbeck,VANDALISM - MISDEAMEANOR ($399 OR UNDER),34.0663,-118.1895,0
01/31/2020 12:00:00 AM,Central,"THEFT-GRAND ($950.01 & OVER)EXCPT,GUNS,FOWL,LIVESTK,PROD",34.0637,-118.244,0
12/05/2020 12:00:00 AM,Hollywood,THEFT OF IDENTITY,34.0935,-118.3299,0
01/09/2020 12:00:00 AM,Central,BURGLARY FROM VEHICLE,34.0493,-118.2418,0
06/17/2020 12:00:00 AM,Van Nuys,"VANDALISM - FELONY ($400 & OVER, ALL CHURCH VANDALISMS)",34.1536,-118.4259,0
08/20/2020 12:00:00 AM,Van Nuys,"ASSAULT WITH DEADLY WEAPON, AGGRAVATED ASSAULT",34.1907,-118.4509,0
06/14/2020 12:00:00 AM,Central,"VANDALISM - FELONY ($400 & OVER, ALL CHURCH VANDALISMS)",34.0537,-118.2455,0
03/09/2020 12:00:00 AM,Central,ARSON,34.055,-118.2388,0
11/03/2020 12:00:00 AM,Hollywood,"ASSAULT WITH DEADLY WEAPON, AGGRAVATED ASSAULT",34.0944,-118.3125,0
12/22/2020 12:00:00 AM,Rampart,ROBBERY,34.0763,-118.2917,0
11/05/2020 12:00:00 AM,Central,VEHICLE - STOLEN,34.0571,-118.2477,0
05/06/2020 12:00:00 AM,Hollenbeck,"VANDALISM - FELONY ($400 & OVER, ALL CHURCH VANDALISMS)",34.0757,-118.2177,0
06/29/2020 12:00:00 AM,Van Nuys,"ASSAULT WITH DEADLY WEAPON, AGGRAVATED ASSAULT",34.1939,-118.4487,0
04/17/2020 12:00:00 AM,Hollywood,VIOLATION OF RESTRAINING ORDER,34.0961,-118.3442,0
03/01/2020 12:00:00 AM,Van Nuys,THEFT FROM MOTOR VEHICLE - GRAND ($950.01 AND OVER),34.1576,-118.438,0
05/27/2020 12:00:00 AM,Northeast,THEFT PLAIN - PETTY ($950 & UNDER),34.0986,-118.2962,0
06/19/2020 12:00:00 AM,West Valley,BURGLARY FROM VEHICLE,34.2157,-118.5255,0
07/09/2020 12:00:00 AM,Rampart,BATTERY - SIMPLE ASSAULT,34.053,-118.2649,0
09/02/2020 12:00:00 AM,Rampart,THEFT FROM MOTOR VEHICLE - PETTY ($950 & UNDER),34.061,-118.2775,0
05/23/2020 12:00:00 AM,West LA,BURGLARY,34.0438,-118.4647,0
08/29/2020 12:00:00 AM,Central,BURGLARY FROM VEHICLE,34.048,-118.256,0
10/12/2020 12:00:00 AM,Southwest,BRANDISH WEAPON,34.0276,-118.2748,0
08/19/2020 12:00:00 AM,77th Street,"ASSAULT WITH DEADLY WEAPON, AGGRAVATED ASSAULT",33.9778,-118.3352,0
05/24/2020 12:00:00 AM,Rampart,ROBBERY,34.0596,-118.2749,0
02/17/2020 12:00:00 AM,Southwest,EXTORTION,34.0243,-118.2876,0
06/29/2020 12:00:00 AM,West Valley,THEFT OF IDENTITY,34.1529,-118.4749,0
09/06/2020 12:00:00 AM,Northeast,ATTEMPTED ROBBERY,34.0808,-118.2655,0
11/30/2020 12:00:00 AM,Van Nuys,SHOPLIFTING - PETTY THEFT ($950 & UNDER),34.1975,-118.4487,0
01/11/2020 12:00:00 AM,Central,BURGLARY FROM VEHICLE,34.0446,-118.249,0
12/22/2020 12:00:00 AM,77th Street,"THEFT-GRAND ($950.01 & OVER)EXCPT,GUNS,FOWL,LIVESTK,PROD",34.0027,-118.2903,0
05/04/2020 12:00:00 AM,Harbor,SHOPLIFTING - PETTY THEFT ($950 & UNDER),33.7798,-118.2649,0
10/28/2020 12:00:00 AM,West Valley,THEFT FROM MOTOR VEHICLE - PETTY ($950 & UNDER),34.1458,-118.4829,0
12/05/2020 12:00:00 AM,Northeast,THEFT FROM MOTOR VEHICLE - PETTY ($950 & UNDER),34.0933,-118.223,0
03/24/2020 12:00:00 AM,Northeast,VEHICLE - STOLEN,34.1151,-118.1767,0
02/08/2020 12:00:00 AM,Harbor,"VANDALISM - FELONY ($400 & OVER, ALL CHURCH VANDALISMS)",33.7912,-118.2633,0
03/30/2020 12:00:00 AM,77th Street,RESISTING ARREST,33.9806,-118.3323,0
03/26/2020 12:00:00 AM,Newton,BURGLARY,34.0385,-118.2437,0
08/22/2020 12:00:00 AM,Wilshire,THEFT PLAIN - PETTY ($950 & UNDER),34.055,-118.3733,0
11/01/2020 12:00:00 AM,Wilshire,THEFT PLAIN - PETTY ($950 & UNDER),34.0693,-118.351,0
04/14/2020 12:00:00 AM,West Valley,BURGLARY FROM VEHICLE,34.1769,-118.5384,0
05/16/2020 12:00:00 AM,Hollywood,"VANDALISM - FELONY ($400 & OVER, ALL CHURCH VANDALISMS)",34.1181,-118.3647,0
08/28/2020 12:00:00 AM,Rampart,INTIMATE PARTNER - AGGRAVATED ASSAULT,34.0555,-118.2656,0
06/12/2020 12:00:00 AM,Harbor,"ASSAULT WITH DEADLY WEAPON, AGGRAVATED ASSAULT",33.7306,-118.2814,0
01/30/2020 12:00:00 AM,West Valley,BURGLARY,34.1696,-118.5642,0
02/11/2020 12:00:00 AM,Hollenbeck,VEHICLE - STOLEN,34.0768,-118.1987,0
03/18/2020 12:00:00 AM,Van Nuys,SEX OFFENDER REGISTRANT OUT OF COMPLIANCE,34.1939,-118.4574,0
11/19/2020 12:00:00 AM,Hollenbeck,TRESPASSING,34.0188,-118.2066,0
01/13/2020 12:00:00 AM,Hollywood,BRANDISH WEAPON,34.0981,-118.3615,0
11/22/2020 12:00:00 AM,Van Nuys,BATTERY - SIMPLE ASSAULT,34.1857,-118.4443,0
05/06/2020 12:00:00 AM,West Valley,THEFT PLAIN - PETTY ($950 & UNDER),34.2148,-118.5404,0
07/19/2020 12:00:00 AM,Harbor,CRUELTY TO ANIMALS,33.7316,-118.3119,0
04/10/2020 12:00:00 AM,Central,"VANDALISM - FELONY ($400 & OVER, ALL CHURCH VANDALISMS)",34.0378,-118.2709,0
10/16/2020 12:00:00 AM,Rampart,THEFT PLAIN - PETTY ($950 & UNDER),34.0643,-118.2824,0
04/03/2020 12:00:00 AM,Van Nuys,THEFT FROM MOTOR VEHICLE - PETTY ($950 & UNDER),34.1486,-118.4658,0
06/24/2020 12:00:00 AM,Harbor,"VANDALISM - FELONY ($400 & OVER, ALL CHURCH VANDALISMS)",33.7456,-118.2923,0
07/17/2020 12:00:00 AM,Hollenbeck,VEHICLE - STOLEN,34.0498,-118.2018,0
05/16/2020 12:00:00 AM,Harbor,ROBBERY,33.7888,-118.2631,0
04/28/2020 12:00:00 AM,Hollywood,VEHICLE - STOLEN,34.0926,-118.3428,0
09/13/2020 12:00:00 AM,West Valley,VEHICLE - STOLEN,34.1715,-118.5142,0
09/28/2020 12:00:00 AM,Rampart,VEHICLE - STOLEN,34.0558,-118.2609,0
11/09/2020 12:00:00 AM,West LA,"ASSAULT WITH DEADLY WEAPON, AGGRAVATED ASSAULT",34.0346,-118.3788,0
02/16/2020 12:00:00 AM,Van Nuys,INTIMATE PARTNER - AGGRAVATED ASSAULT,34.206,-118.4445,0
05/07/2020 12:00:00 AM,Hollywood,VANDALISM - MISDEAMEANOR ($399 OR UNDER),34.0999,-118.3038,0
09/15/2020 12:00:00 AM,Central,BURGLARY FROM VEHICLE,34.0525,-118.2301,0
04/01/2020 12:00:00 AM,Newton,THEFT OF IDENTITY,33.9824,-118.2739,0
02/17/2020 12:00:00 AM,Hollywood,"VANDALISM - FELONY ($400 & OVER, ALL CHURCH VANDALISMS)",34.1017,-118.3588,0
01/12/2020 12:00:00 AM,Central,"ASSAULT WITH DEADLY WEAPON, AGGRAVATED ASSAULT",34.0348,-118.2687,0
02/14/2020 12:00:00 AM,Hollenbeck,"VANDALISM - FELONY ($400 & OVER, ALL CHURCH VANDALISMS)",34.0976,-118.1785,0
08/07/2020 12:00:00 AM,Van Nuys,THEFT OF IDENTITY,34.1496,-118.4647,0
02/12/2020 12:00:00 AM,Wilshire,SHOPLIFTING-GRAND THEFT ($950.01 & OVER),34.0761,-118.3766,0
10/18/2020 12:00:00 AM,Hollywood,CRM AGNST CHLD (13 OR UNDER) (14-15 & SUSP 10 YRS OLDER),34.0885,-118.3064,0
10/01/2020 12:00:00 AM,Hollywood,CRIMINAL THREATS - NO WEAPON DISPLAYED,34.0928,-118.3136,0
07/05/2020 12:00:00 AM,Van Nuys,BATTERY - SIMPLE ASSAULT,34.1907,-118.4487,0
08/26/2020 12:00:00 AM,Northeast,VANDALISM - MISDEAMEANOR ($399 OR UNDER),34.0914,-118.2534,0
07/03/2020 12:00:00 AM,West LA,"BUNCO, GRAND THEFT",34.0569,-118.4431,0
06/02/2020 12:00:00 AM,Hollenbeck,THEFT FROM MOTOR VEHICLE - PETTY ($950 & UNDER),34.093,-118.1636,0
03/14/2020 12:00:00 AM,Wilshire,"ASSAULT WITH DEADLY WEAPON, AGGRAVATED ASSAULT",34.0619,-118.3275,0
04/16/2020 12:00:00 AM,Newton,BURGLARY,34.0241,-118.2597,0
01/06/2020 12:00:00 AM,Newton,THEFT PLAIN - PETTY ($950 & UNDER),34.0204,-118.2744,0
09/30/2020 12:00:00 AM,77th Street,THEFT FROM MOTOR VEHICLE - GRAND ($950.01 AND OVER),33.9891,-118.3051,0
03/11/2020 12:00:00 AM,Central,"BUNCO, PETTY THEFT",34.0473,-118.2566,0
11/30/2020 12:00:00 AM,Hollywood,OTHER MISCELLANEOUS CRIME,34.1054,-118.3107,0
03/06/2020 12:00:00 AM,Central,BATTERY - SIMPLE ASSAULT,34.0421,-118.2469,0
11/18/2020 12:00:00 AM,Van Nuys,SHOPLIFTING-GRAND THEFT ($950.01 & OVER),34.2131,-118.4584,0
07/09/2020 12:00:00 AM,77th Street,ROBBERY,33.9814,-118.3158,0
04/21/2020 12:00:00 AM,Rampart,BURGLARY FROM VEHICLE,34.0472,-118.2782,0
07/05/2020 12:00:00 AM,Harbor,CRIMINAL HOMICIDE,33.7927,-118.2435,0
06/09/2020 12:00:00 AM,West LA,VANDALISM - MISDEAMEANOR ($399 OR UNDER),34.0465,-118.4588,0
04/25/2020 12:00:00 AM,Northeast,BIKE - STOLEN,34.1036,-118.2933,0
06/27/2020 12:00:00 AM,Hollywood,BATTERY - SIMPLE ASSAULT,34.0951,-118.3056,0
09/10/2020 12:00:00 AM,Harbor,VIOLATION OF COURT ORDER,33.7953,-118.2661,0
01/11/2020 12:00:00 AM,Wilshire,"ASSAULT WITH DEADLY WEAPON, AGGRAVATED ASSAULT",34.0528,-118.3509,0
07/09/2020 12:00:00 AM,Hollywood,ROBBERY,34.1017,-118.3159,0
11/06/2020 12:00:00 AM,Harbor,VANDALISM - MISDEAMEANOR ($399 OR UNDER),33.8181,-118.3089,0
06/01/2020 12:00:00 AM,Southwest,"ASSAULT WITH DEADLY WEAPON, AGGRAVATED ASSAULT",34.0109,-118.3314,0
12/20/2020 12:00:00 AM,West LA,THEFT FROM MOTOR VEHICLE - GRAND ($950.01 AND OVER),34.0525,-118.3885,0
03/13/2020 12:00:00 AM,West LA,BATTERY - SIMPLE ASSAULT,34.0462,-118.4496,0
05/05/2020 12:00:00 AM,West LA,THEFT FROM MOTOR VEHICLE - PETTY ($950 & UNDER),34.048,-118.545,0
02/19/2020 12:00:00 AM,Northeast,BURGLARY FROM VEHICLE,34.0935,-118.2866,0
06/25/2020 12:00:00 AM,Van Nuys,BURGLARY,34.2066,-118.4326,0
06/29/2020 12:00:00 AM,Van Nuys,BURGLARY FROM VEHICLE,34.1921,-118.4662,0
03/21/2020 12:00:00 AM,West LA,THEFT FROM MOTOR VEHICLE - GRAND ($950.01 AND OVER),34.0644,-118.4781,0
07/30/2020 12:00:00 AM,West Valley,THEFT PLAIN - PETTY ($950 & UNDER),34.1722,-118.5076,0
11/26/2020 12:00:00 AM,77th Street,"VANDALISM - FELONY ($400 & OVER, ALL CHURCH VANDALISMS)",33.9933,-118.3094,0
04/12/2020 12:00:00 AM,West Valley,"THEFT-GRAND ($950.01 & OVER)EXCPT,GUNS,FOWL,LIVESTK,PROD",34.2011,-118.5167,0
08/19/2020 12:00:00 AM,West Valley,VEHICLE - STOLEN,34.1947,-118.5579,0
04/01/2020 12:00:00 AM,Rampart,THEFT OF IDENTITY,34.0503,-118.2808,0
09/22/2020 12:00:00 AM,Hollenbeck,VANDALISM - MISDEAMEANOR ($399 OR UNDER),34.0196,-118.2105,0
07/01/2020 12:00:00 AM,Hollywood,"BURGLARY, ATTEMPTED",34.1279,-118.3643,0
06/23/2020 12:00:00 AM,77th Street,BATTERY - SIMPLE ASSAULT,33.9646,-118.3046,0
12/04/2020 12:00:00 AM,Southwest,VEHICLE - STOLEN,34.0209,-118.3406,0
02/01/2020 12:00:00 AM,Harbor,ROBBERY,33.7257,-118.2801,0
05/20/2020 12:00:00 AM,Van Nuys,VANDALISM - MISDEAMEANOR ($399 OR UNDER),34.1925,-118.4487,0
01/21/2020 12:00:00 AM,77th Street,VEHICLE - STOLEN,33.996,-118.2915,0
08/25/2020 12:00:00 AM,Van Nuys,THEFT FROM MOTOR VEHICLE - PETTY ($950 & UNDER),34.1504,-118.428,0
08/20/2020 12:00:00 AM,Central,BATTERY - SIMPLE ASSAULT,34.0403,-118.2421,0
06/20/2020 12:00:00 AM,Van Nuys,"ASSAULT WITH DEADLY WEAPON, AGGRAVATED ASSAULT",34.1939,-118.4444,0
05/24/2020 12:00:00 AM,Van Nuys,BATTERY - SIMPLE ASSAULT,34.1887,-118.4487,0
09/01/2020 12:00:00 AM,Southwest,VEHICLE - STOLEN,34.0024,-118.3181,0
04/13/2020 12:00:00 AM,Hollywood,ROBBERY,34.0858,-118.3091,0
03/13/2020 12:00:00 AM,Newton,BURGLARY,34.0136,-118.2611,0
01/12/2020 12:00:00 AM,77th Street,THEFT PLAIN - PETTY ($950 & UNDER),33.9782,-118.3294,0
07/08/2020 12:00:00 AM,West LA,INDECENT EXPOSURE,34.0469,-118.4451,0
09/14/2020 12:00:00 AM,77th Street,CRIMINAL THREATS - NO WEAPON DISPLAYED,33.9806,-118.3338,0
07/13/2020 12:00:00 AM,Harbor,VEHICLE - STOLEN,33.8047,-118.2992,0
03/12/2020 12:00:00 AM,Harbor,BURGLARY FROM VEHICLE,33.7388,-118.2814,0
06/03/2020 12:00:00 AM,West LA,TRESPASSING,34.0544,-118.4181,0
07/15/2020 12:00:00 AM,Northeast,"THEFT-GRAND ($950.01 & OVER)EXCPT,GUNS,FOWL,LIVESTK,PROD",34.1092,-118.2713,0
12/29/2020 12:00:00 AM,Southwest,VANDALISM - MISDEAMEANOR ($399 OR UNDER),34.0361,-118.309,0
06/22/2020 12:00:00 AM,Hollywood,BATTERY - SIMPLE ASSAULT,34.0998,-118.3295,0
08/28/2020 12:00:00 AM,Hollenbeck,BATTERY - SIMPLE ASSAULT,34.0835,-118.191,0
03/09/2020 12:00:00 AM,Hollywood,THEFT PLAIN - PETTY ($950 & UNDER),34.1016,-118.3387,0
02/17/2020 12:00:00 AM,Van Nuys,VEHICLE - STOLEN,34.1721,-118.4463,0
06/11/2020 12:00:00 AM,Rampart,BATTERY - SIMPLE ASSAULT,34.0596,-118.2749,0
05/12/2020 12:00:00 AM,Northeast,THEFT PLAIN - PETTY ($950 & UNDER),34.0892,-118.2595,0
01/28/2020 12:00:00 AM,Hollywood,"ASSAULT WITH DEADLY WEAPON, AGGRAVATED ASSAULT",34.0993,-118.3166,0
12/14/2020 12:00:00 AM,West Valley,"ASSAULT WITH DEADLY WEAPON, AGGRAVATED ASSAULT",34.2012,-118.4971,0
05/30/2020 12:00:00 AM,Wilshire,"ASSAULT WITH DEADLY WEAPON, AGGRAVATED ASSAULT",34.0719,-118.3614,0
10/17/2020 12:00:00 AM,Van Nuys,ROBBERY,34.1745,-118.4356,0
10/19/2020 12:00:00 AM,West LA,BATTERY - SIMPLE ASSAULT,34.0598,-118.4354,0
09/25/2020 12:00:00 AM,77th Street,ROBBERY,33.9685,-118.2783,0
01/11/2020 12:00:00 AM,Northeast,THEFT FROM MOTOR VEHICLE - PETTY ($950 & UNDER),34.1078,-118.2376,0
02/03/2020 12:00:00 AM,Northeast,BURGLARY FROM VEHICLE,34.1069,-118.1923,0
03/04/2020 12:00:00 AM,Rampart,CRIMINAL THREATS - NO WEAPON DISPLAYED,34.0639,-118.2721,0
06/15/2020 12:00:00 AM,77th Street,VEHICLE - STOLEN,33.9801,-118.2892,0
04/17/2020 12:00:00 AM,Van Nuys,BURGLARY FROM VEHICLE,34.2142,-118.4661,0
07/29/2020 12:00:00 AM,Hollywood,BATTERY - SIMPLE ASSAULT,34.0926,-118.3266,0
06/04/2020 12:00:00 AM,77th Street,"VANDALISM - FELONY ($400 & OVER, ALL CHURCH VANDALISMS)",33.9728,-118.2739,0
07/28/2020 12:00:00 AM,Harbor,BRANDISH WEAPON,33.7771,-118.2622,0
06/29/2020 12:00:00 AM,West LA,"VANDALISM - FELONY ($400 & OVER, ALL CHURCH VANDALISMS)",34.0605,-118.446,0
02/08/2020 12:00:00 AM,77th Street,"BURGLARY, ATTEMPTED",33.9656,-118.2629,0
12/08/2020 12:00:00 AM,77th Street,"ASSAULT WITH DEADLY WEAPON, AGGRAVATED ASSAULT",33.9931,-118.3282,0
04/13/2020 12:00:00 AM,Hollywood,THEFT PLAIN - PETTY ($950 & UNDER),34.1289,-118.343,0
06/06/2020 12:00:00 AM,Van Nuys,VEHICLE - STOLEN,34.2002,-118.427,0
03/06/2020 12:00:00 AM,Hollywood,BURGLARY FROM VEHICLE,34.0889,-118.3416,0
04/15/2020 12:00:00 AM,Hollenbeck,BURGLARY FROM VEHICLE,34.0924,-118.1806,0
12/13/2020 12:00:00 AM,77th Street,BURGLARY FROM VEHICLE,33.9618,-118.2959,0
04/09/2020 12:00:00 AM,Central,"ASSAULT WITH DEADLY WEAPON, AGGRAVATED ASSAULT",34.0467,-118.2556,0
04/08/2020 12:00:00 AM,West Valley,"VANDALISM - FELONY ($400 & OVER, ALL CHURCH VANDALISMS)",34.2076,-118.4946,0
06/15/2020 12:00:00 AM,Northeast,DOCUMENT WORTHLESS ($200 & UNDER),34.1468,-118.2723,0
09/14/2020 12:00:00 AM,West Valley,INTIMATE PARTNER - AGGRAVATED ASSAULT,34.1745,-118.5183,0
05/01/2020 12:00:00 AM,West LA,THEFT FROM MOTOR VEHICLE - PETTY ($950 & UNDER),34.0314,-118.3998,0
06/30/2020 12:00:00 AM,Central,"ASSAULT WITH DEADLY WEAPON, AGGRAVATED ASSAULT",34.0435,-118.2427,0
12/14/2020 12:00:00 AM,Northeast,VEHICLE - STOLEN,34.0884,-118.2258,0
04/09/2020 12:00:00 AM,Hollywood,THEFT PLAIN - PETTY ($950 & UNDER),34.1067,-118.3373,0
02/15/2020 12:00:00 AM,Wilshire,BURGLARY FROM VEHICLE,34.0621,-118.3385,0
10/18/2020 12:00:00 AM,Central,VANDALISM - MISDEAMEANOR ($399 OR UNDER),34.0663,-118.2442,0
02/20/2020 12:00:00 AM,West Valley,OTHER MISCELLANEOUS CRIME,34.2192,-118.5334,0
03/12/2020 12:00:00 AM,West LA,"ASSAULT WITH DEADLY WEAPON, AGGRAVATED ASSAULT",34.0649,-118.4372,0
12/11/2020 12:00:00 AM,Wilshire,"BURGLARY, ATTEMPTED",34.0572,-118.3428,0
09/20/2020 12:00:00 AM,Southwest,"ASSAULT WITH DEADLY WEAPON, AGGRAVATED ASSAULT",34.0037,-118.3024,0
12/12/2020 12:00:00 AM,Harbor,THEFT FROM MOTOR VEHICLE - PETTY ($950 & UNDER),33.8696,-118.2865,0
11/19/2020 12:00:00 AM,Central,VANDALISM - MISDEAMEANOR ($399 OR UNDER),34.0332,-118.2629,0
04/28/2020 12:00:00 AM,West Valley,BATTERY - SIMPLE ASSAULT,34.2103,-118.5044,0
04/16/2020 12:00:00 AM,Harbor,VIOLATION OF RESTRAINING ORDER,33.7483,-118.2804,0
08/20/2020 12:00:00 AM,Van Nuys,VEHICLE - STOLEN,34.1887,-118.4225,0
08/01/2020 12:00:00 AM,77th Street,BATTERY - SIMPLE ASSAULT,33.96,-118.2959,0
10/17/2020 12:00:00 AM,Rampart,BIKE - STOLEN,34.0443,-118.2771,0
05/23/2020 12:00:00 AM,Harbor,"EMBEZZLEMENT, GRAND THEFT ($950.01 & OVER)",33.819,-118.3015,0
04/19/2020 12:00:00 AM,Van Nuys,BRANDISH WEAPON,34.1721,-118.44,0
04/19/2020 12:00:00 AM,Northeast,INTIMATE PARTNER - SIMPLE ASSAULT,34.1109,-118.2016,0
10/29/2020 12:00:00 AM,77th Street,"ASSAULT WITH DEADLY WEAPON, AGGRAVATED ASSAULT",33.9708,-118.2827,0
02/27/2020 12:00:00 AM,West Valley,BATTERY - SIMPLE ASSAULT,34.1903,-118.4924,0
05/29/2020 12:00:00 AM,Hollywood,INTIMATE PARTNER - AGGRAVATED ASSAULT,34.1001,-118.3093,0
08/11/2020 12:00:00 AM,Hollenbeck,THEFT PLAIN - PETTY ($950 & UNDER),34.0379,-118.2032,0
12/30/2020 12:00:00 AM,Hollywood,TRESPASSING,34.0984,-118.3745,0
12/04/2020 12:00:00 AM,Rampart,BATTERY - SIMPLE ASSAULT,34.053,-118.2649,0
03/07/2020 12:00:00 AM,Hollenbeck,BATTERY - SIMPLE ASSAULT,34.0259,-118.2081,0
11/22/2020 12:00:00 AM,Southwest,"BUNCO, PETTY THEFT",34.0344,-118.2852,0
09/22/2020 12:00:00 AM,Wilshire,ROBBERY,34.0818,-118.3522,0
10/17/2020 12:00:00 AM,Hollywood,VIOLATION OF COURT ORDER,34.0888,-118.3124,0
04/07/2020 12:00:00 AM,Van Nuys,"ASSAULT WITH DEADLY WEAPON, AGGRAVATED ASSAULT",34.1925,-118.4487,0
12/16/2020 12:00:00 AM,Northeast,VEHICLE - STOLEN,34.0888,-118.209,0
05/30/2020 12:00:00 AM,Wilshire,BATTERY POLICE (SIMPLE),34.0719,-118.3614,0
01/28/2020 12:00:00 AM,West LA,SHOPLIFTING - PETTY THEFT ($950 & UNDER),34.0541,-118.4407,0
02/20/2020 12:00:00 AM,77th Street,BATTERY - SIMPLE ASSAULT,33.9727,-118.285,0
09/21/2020 12:00:00 AM,Harbor,INTIMATE PARTNER - AGGRAVATED ASSAULT,33.7932,-118.293,0
01/12/2020 12:00:00 AM,Harbor,DISCHARGE FIREARMS/SHOTS FIRED,33.7809,-118.2712,0
09/28/2020 12:00:00 AM,Northeast,BURGLARY,34.0804,-118.2658,0
05/14/2020 12:00:00 AM,West Valley,VEHICLE - STOLEN,34.2048,-118.523,0
08/26/2020 12:00:00 AM,Central,CRIMINAL THREATS - NO WEAPON DISPLAYED,34.0449,-118.264,0
01/20/2020 12:00:00 AM,Northeast,VEHICLE - STOLEN,34.1275,-118.2179,0
08/28/2020 12:00:00 AM,Hollywood,BATTERY - SIMPLE ASSAULT,34.0962,-118.3381,0
12/21/2020 12:00:00 AM,Northeast,VEHICLE - STOLEN,34.0916,-118.2539,0
06/21/2020 12:00:00 AM,Hollywood,INTIMATE PARTNER - SIMPLE ASSAULT,34.117,-118.3367,0
10/26/2020 12:00:00 AM,Hollywood,"ASSAULT WITH DEADLY WEAPON, AGGRAVATED ASSAULT",34.0835,-118.3091,0
04/27/2020 12:00:00 AM,Van Nuys,BATTERY - SIMPLE ASSAULT,34.203,-118.4344,0
09/21/2020 12:00:00 AM,Northeast,THEFT OF IDENTITY,34.11,-118.2981,0
03/29/2020 12:00:00 AM,Northeast,OTHER MISCELLANEOUS CRIME,34.1074,-118.217,0
06/15/2020 12:00:00 AM,Northeast,"VANDALISM - FELONY ($400 & OVER, ALL CHURCH VANDALISMS)",34.1008,-118.2668,0
05/23/2020 12:00:00 AM,Southwest,"ASSAULT WITH DEADLY WEAPON, AGGRAVATED ASSAULT",34.0028,-118.3203,0
09/13/2020 12:00:00 AM,Central,THEFT OF IDENTITY,34.036,-118.268,0
04/01/2020 12:00:00 AM,Hollenbeck,BATTERY - SIMPLE ASSAULT,34.0287,-118.1999,0
11/30/2020 12:00:00 AM,Northeast,BURGLARY FROM VEHICLE,34.09,-118.2587,0
02/16/2020 12:00:00 AM,77th Street,ROBBERY,33.9746,-118.3024,0
02/08/2020 12:00:00 AM,Northeast,BATTERY - SIMPLE ASSAULT,34.1133,-118.2443,0
02/04/2020 12:00:00 AM,Central,"ASSAULT WITH DEADLY WEAPON, AGGRAVATED ASSAULT",34.0467,-118.247,0
03/22/2020 12:00:00 AM,Hollenbeck,VEHICLE - STOLEN,34.082,-118.1867,0
12/11/2020 12:00:00 AM,Harbor,VEHICLE - STOLEN,33.7747,-118.2788,0
07/22/2020 12:00:00 AM,West Valley,"ASSAULT WITH DEADLY WEAPON, AGGRAVATED ASSAULT",34.1866,-118.5142,0
05/23/2020 12:00:00 AM,Harbor,INTIMATE PARTNER - SIMPLE ASSAULT,33.7909,-118.2975,0
05/26/2020 12:00:00 AM,Hollenbeck,BURGLARY,34.037,-118.2127,0
10/08/2020 12:00:00 AM,Wilshire,"ASSAULT WITH DEADLY WEAPON, AGGRAVATED ASSAULT",34.0517,-118.3676,0
09/25/2020 12:00:00 AM,Central,BATTERY - SIMPLE ASSAULT,34.0511,-118.2427,0
05/15/2020 12:00:00 AM,West Valley,THEFT PLAIN - PETTY ($950 & UNDER),34.1615,-118.5142,0
07/22/2020 12:00:00 AM,Hollywood,VANDALISM - MISDEAMEANOR ($399 OR UNDER),34.1038,-118.3158,0
02/08/2020 12:00:00 AM,Harbor,VANDALISM - MISDEAMEANOR ($399 OR UNDER),33.7352,-118.2879,0
12/18/2020 12:00:00 AM,West LA,BURGLARY,34.126,-118.4267,0
11/13/2020 12:00:00 AM,West LA,THEFT FROM MOTOR VEHICLE - PETTY ($950 & UNDER),34.0601,-118.5436,0
04/18/2020 12:00:00 AM,West LA,BURGLARY,34.0705,-118.4532,0
07/03/2020 12:00:00 AM,Hollenbeck,VEHICLE - ATTEMPT STOLEN,34.038,-118.215,0
09/17/2020 12:00:00 AM,Hollywood,BURGLARY,34.0998,-118.3211,0
05/21/2020 12:00:00 AM,Rampart,INTIMATE PARTNER - SIMPLE ASSAULT,34.0847,-118.2917,0
01/01/2020 12:00:00 AM,Wilshire,UNAUTHORIZED COMPUTER ACCESS,34.069,-118.3462,0
11/15/2020 12:00:00 AM,Southwest,OTHER MISCELLANEOUS CRIME,34.0137,-118.3171,0
05/24/2020 12:00:00 AM,Central,"VANDALISM - FELONY ($400 & OVER, ALL CHURCH VANDALISMS)",34.0469,-118.2595,0
05/28/2020 12:00:00 AM,Central,"VANDALISM - FELONY ($400 & OVER, ALL CHURCH VANDALISMS)",34.0429,-118.2462,0
01/27/2020 12:00:00 AM,Rampart,ROBBERY,34.0568,-118.2821,0
03/16/2020 12:00:00 AM,Van Nuys,"ASSAULT WITH DEADLY WEAPON, AGGRAVATED ASSAULT",34.1504,-118.4225,0
10/01/2020 12:00:00 AM,Southwest,BATTERY WITH SEXUAL CONTACT,34.0267,-118.2752,0
11/12/2020 12:00:00 AM,Van Nuys,THEFT PLAIN - PETTY ($950 & UNDER),34.1685,-118.4509,0
12/28/2020 12:00:00 AM,West LA,"VANDALISM - FELONY ($400 & OVER, ALL CHURCH VANDALISMS)",34.0507,-118.3762,0
05/21/2020 12:00:00 AM,Northeast,THEFT PLAIN - PETTY ($950 & UNDER),34.0871,-118.271,0
06/26/2020 12:00:00 AM,Central,VEHICLE - STOLEN,34.042,-118.2625,0
06/23/2020 12:00:00 AM,Central,THEFT PLAIN - PETTY ($950 & UNDER),34.0652,-118.2468,0
01/25/2020 12:00:00 AM,Hollywood,BURGLARY FROM VEHICLE,34.0998,-118.351,0
09/26/2020 12:00:00 AM,Rampart,THEFT PLAIN - PETTY ($950 & UNDER),34.0891,-118.2992,0
12/12/2020 12:00:00 AM,77th Street,SHOTS FIRED AT INHABITED DWELLING,33.9932,-118.3117,0
03/14/2020 12:00:00 AM,Central,BURGLARY FROM VEHICLE,34.0424,-118.2493,0
07/19/2020 12:00:00 AM,Northeast,VIOLATION OF RESTRAINING ORDER,34.1132,-118.1958,0
04/05/2020 12:00:00 AM,Newton,FAILURE TO YIELD,34.0083,-118.2521,0
09/01/2020 12:00:00 AM,Rampart,BATTERY - SIMPLE ASSAULT,34.0531,-118.2738,0
02/29/2020 12:00:00 AM,Central,THEFT PLAIN - PETTY ($950 & UNDER),34.0537,-118.2455,0
12/05/2020 12:00:00 AM,Central,"ASSAULT WITH DEADLY WEAPON, AGGRAVATED ASSAULT",34.0446,-118.245,0
07/22/2020 12:00:00 AM,77th Street,VEHICLE - STOLEN,33.9932,-118.322,0
01/12/2020 12:00:00 AM,Hollywood,BATTERY - SIMPLE ASSAULT,34.1016,-118.3433,0
07/05/2020 12:00:00 AM,West Valley,BURGLARY,34.1725,-118.5475,0
03/24/2020 12:00:00 AM,Central,BURGLARY FROM VEHICLE,34.0423,-118.2666,0
06/22/2020 12:00:00 AM,Hollenbeck,BURGLARY FROM VEHICLE,34.0766,-118.2228,0
07/09/2020 12:00:00 AM,Southwest,BURGLARY,34.0109,-118.333,0
07/30/2020 12:00:00 AM,77th Street,"VANDALISM - FELONY ($400 & OVER, ALL CHURCH VANDALISMS)",33.9855,-118.2876,0
06/11/2020 12:00:00 AM,Harbor,ROBBERY,33.7457,-118.3005,0
11/26/2020 12:00:00 AM,77th Street,"ASSAULT WITH DEADLY WEAPON, AGGRAVATED ASSAULT",33.9942,-118.2884,0
04/17/2020 12:00:00 AM,Southwest,CHILD PORNOGRAPHY,34.0109,-118.3113,0
09/14/2020 12:00:00 AM,Southwest,"VANDALISM - FELONY ($400 & OVER, ALL CHURCH VANDALISMS)",34.0088,-118.3351,0
12/15/2020 12:00:00 AM,Hollywood,BURGLARY,34.0835,-118.3124,0
12/11/2020 12:00:00 AM,West Valley,"VANDALISM - FELONY ($400 & OVER, ALL CHURCH VANDALISMS)",34.1846,-118.5013,0
06/15/2020 12:00:00 AM,Northeast,VEHICLE - STOLEN,34.1157,-118.1912,0
06/05/2020 12:00:00 AM,Hollenbeck,BATTERY - SIMPLE ASSAULT,34.0806,-118.2176,0
04/03/2020 12:00:00 AM,Wilshire,BURGLARY,34.0489,-118.363,0
07/07/2020 12:00:00 AM,Hollenbeck,THEFT FROM MOTOR VEHICLE - GRAND ($950.01 AND OVER),34.0937,-118.2028,0
03/28/2020 12:00:00 AM,Southwest,VANDALISM - MISDEAMEANOR ($399 OR UNDER),34.0192,-118.3319,0
10/15/2020 12:00:00 AM,Central,"THEFT-GRAND ($950.01 & OVER)EXCPT,GUNS,FOWL,LIVESTK,PROD",34.0684,-118.2449,0
03/12/2020 12:00:00 AM,Southwest,VEHICLE - STOLEN,34.0343,-118.3404,0
05/22/2020 12:00:00 AM,Southwest,VIOLATION OF RESTRAINING ORDER,34.0163,-118.3441,0
10/23/2020 12:00:00 AM,Wilshire,BATTERY - SIMPLE ASSAULT,34.0522,-118.3334,0
05/12/2020 12:00:00 AM,77th Street,VANDALISM - MISDEAMEANOR ($399 OR UNDER),33.9933,-118.3089,0
04/19/2020 12:00:00 AM,Van Nuys,BURGLARY,34.2066,-118.4686,0
09/16/2020 12:00:00 AM,Rampart,"ASSAULT WITH DEADLY WEAPON, AGGRAVATED ASSAULT",34.0573,-118.2634,0
01/03/2020 12:00:00 AM,West Valley,BRANDISH WEAPON,34.1975,-118.5579,0
08/03/2020 12:00:00 AM,Rampart,VEHICLE - STOLEN,34.0606,-118.2632,0
10/30/2020 12:00:00 AM,Wilshire,CRIMINAL THREATS - NO WEAPON DISPLAYED,34.062,-118.3326,0
08/12/2020 12:00:00 AM,Wilshire,OTHER ASSAULT,34.0667,-118.3695,0
04/07/2020 12:00:00 AM,Hollenbeck,BURGLARY FROM VEHICLE,34.0898,-118.2075,0
10/20/2020 12:00:00 AM,Central,BATTERY - SIMPLE ASSAULT,34.0348,-118.2577,0
04/23/2020 12:00:00 AM,Van Nuys,BURGLARY,34.1877,-118.4465,0
06/13/2020 12:00:00 AM,Harbor,BRANDISH WEAPON,33.7917,-118.2482,0
02/05/2020 12:00:00 AM,Hollenbeck,VEHICLE - STOLEN,34.0211,-118.1966,0
08/19/2020 12:00:00 AM,Harbor,"VANDALISM - FELONY ($400 & OVER, ALL CHURCH VANDALISMS)",33.7871,-118.2555,0
08/16/2020 12:00:00 AM,West LA,"BUNCO, GRAND THEFT",34.0448,-118.4721,0
07/31/2020 12:00:00 AM,Hollywood,BATTERY - SIMPLE ASSAULT,34.1205,-118.3736,0
07/22/2020 12:00:00 AM,77th Street,BATTERY - SIMPLE ASSAULT,33.9545,-118.3079,0
08/02/2020 12:00:00 AM,Rampart,VEHICLE - STOLEN,34.0523,-118.2677,0
02/26/2020 12:00:00 AM,Harbor,THEFT FROM MOTOR VEHICLE - PETTY ($950 & UNDER),33.7406,-118.2945,0
11/23/2020 12:00:00 AM,77th Street,"BURGLARY, ATTEMPTED",33.991,-118.3139,0
03/06/2020 12:00:00 AM,Van Nuys,INTIMATE PARTNER - SIMPLE ASSAULT,34.1817,-118.44,0
02/13/2020 12:00:00 AM,Harbor,"THEFT-GRAND ($950.01 & OVER)EXCPT,GUNS,FOWL,LIVESTK,PROD",33.7788,-118.2846,0
06/26/2020 12:00:00 AM,Central,BATTERY - SIMPLE ASSAULT,34.0448,-118.2474,0
08/22/2020 12:00:00 AM,West LA,BURGLARY,34.0402,-118.4629,0
11/17/2020 12:00:00 AM,Wilshire,INTIMATE PARTNER - SIMPLE ASSAULT,34.0502,-118.3331,0
09/28/2020 12:00:00 AM,Southwest,THEFT FROM MOTOR VEHICLE - PETTY ($950 & UNDER),34.0218,-118.3556,0
08/12/2020 12:00:00 AM,Wilshire,SEX OFFENDER REGISTRANT OUT OF COMPLIANCE,34.0465,-118.3419,0
10/18/2020 12:00:00 AM,West LA,VEHICLE - STOLEN,34.0553,-118.394,0
06/24/2020 12:00:00 AM,77th Street,VEHICLE - STOLEN,34.0016,-118.2922,0
03/11/2020 12:00:00 AM,Northeast,VANDALISM - MISDEAMEANOR ($399 OR UNDER),34.1051,-118.2313,0
02/28/2020 12:00:00 AM,Harbor,BURGLARY,33.7415,-118.2857,0
01/23/2020 12:00:00 AM,Southwest,DOCUMENT FORGERY / STOLEN FELONY,34.0053,-118.3023,0
09/13/2020 12:00:00 AM,Northeast,THEFT FROM MOTOR VEHICLE - PETTY ($950 & UNDER),34.0871,-118.2681,0
04/09/2020 12:00:00 AM,West Valley,"THEFT-GRAND ($950.01 & OVER)EXCPT,GUNS,FOWL,LIVESTK,PROD",34.1599,-118.4766,0
02/25/2020 12:00:00 AM,Rampart,TRESPASSING,34.0444,-118.2827,0
06/03/2020 12:00:00 AM,Wilshire,VEHICLE - STOLEN,34.059,-118.3507,0
08/20/2020 12:00:00 AM,Wilshire,"ASSAULT WITH DEADLY WEAPON, AGGRAVATED ASSAULT",34.0422,-118.3765,0
11/19/2020 12:00:00 AM,Wilshire,VEHICLE - STOLEN,34.0452,-118.3351,0
04/01/2020 12:00:00 AM,Van Nuys,THEFT PLAIN - PETTY ($950 & UNDER),34.1781,-118.4179,0
11/16/2020 12:00:00 AM,Central,"ASSAULT WITH DEADLY WEAPON, AGGRAVATED ASSAULT",34.0482,-118.2489,0
08/20/2020 12:00:00 AM,Rampart,INTIMATE PARTNER - SIMPLE ASSAULT,34.0759,-118.2615,0
08/05/2020 12:00:00 AM,77th Street,THEFT FROM MOTOR VEHICLE - PETTY ($950 & UNDER),33.9486,-118.3094,0
07/25/2020 12:00:00 AM,Central,BURGLARY,34.0489,-118.2499,0
05/27/2020 12:00:00 AM,Central,"THEFT-GRAND ($950.01 & OVER)EXCPT,GUNS,FOWL,LIVESTK,PROD",34.0462,-118.2585,0
06/27/2020 12:00:00 AM,Rampart,BURGLARY FROM VEHICLE,34.0489,-118.2736,0
02/18/2020 12:00:00 AM,Northeast,"ASSAULT WITH DEADLY WEAPON, AGGRAVATED ASSAULT",34.125,-118.2656,0
07/02/2020 12:00:00 AM,Van Nuys,VEHICLE - STOLEN,34.1976,-118.4356,0
07/15/2020 12:00:00 AM,Northeast,"VANDALISM - FELONY ($400 & OVER, ALL CHURCH VANDALISMS)",34.1111,-118.2522,0
11/22/2020 12:00:00 AM,Central,"ASSAULT WITH DEADLY WEAPON, AGGRAVATED ASSAULT",34.0365,-118.2691,0
11/03/2020 12:00:00 AM,Hollywood,"ASSAULT WITH DEADLY WEAPON, AGGRAVATED ASSAULT",34.098,-118.3335,0
04/03/2020 12:00:00 AM,Wilshire,THEFT FROM MOTOR VEHICLE - GRAND ($950.01 AND OVER),34.0624,-118.3521,0
09/01/2020 12:00:00 AM,Harbor,BURGLARY,33.7904,-118.278,0
08/26/2020 12:00:00 AM,Southwest,VANDALISM - MISDEAMEANOR ($399 OR UNDER),34.0256,-118.3357,0
02/15/2020 12:00:00 AM,Van Nuys,SHOPLIFTING - PETTY THEFT ($950 & UNDER),34.2012,-118.4662,0
03/26/2020 12:00:00 AM,Central,BURGLARY FROM VEHICLE,34.046,-118.2509,0
07/15/2020 12:00:00 AM,77th Street,VEHICLE - STOLEN,33.9708,-118.2739,0
03/09/2020 12:00:00 AM,West LA,BURGLARY,34.0415,-118.4613,0
07/22/2020 12:00:00 AM,Central,"VANDALISM - FELONY ($400 & OVER, ALL CHURCH VANDALISMS)",34.0416,-118.2503,0
03/31/2020 12:00:00 AM,77th Street,ARSON,33.9679,-118.2739,0
09/21/2020 12:00:00 AM,77th Street,VANDALISM - MISDEAMEANOR ($399 OR UNDER),33.9651,-118.2803,0
01/31/2020 12:00:00 AM,77th Street,INTIMATE PARTNER - SIMPLE ASSAULT,33.9915,-118.3045,0
06/08/2020 12:00:00 AM,Rampart,CRIMINAL THREATS - NO WEAPON DISPLAYED,34.0457,-118.2801,0
01/17/2020 12:00:00 AM,Van Nuys,THEFT FROM MOTOR VEHICLE - PETTY ($950 & UNDER),34.2084,-118.4599,0
11/25/2020 12:00:00 AM,Hollenbeck,VEHICLE - STOLEN,34.0188,-118.1965,0
12/24/2020 12:00:00 AM,77th Street,"ASSAULT WITH DEADLY WEAPON, AGGRAVATED ASSAULT",33.9636,-118.2894,0
08/29/2020 12:00:00 AM,Wilshire,VANDALISM - MISDEAMEANOR ($399 OR UNDER),34.0526,-118.3242,0
06/30/2020 12:00:00 AM,West LA,INTIMATE PARTNER - SIMPLE ASSAULT,34.1098,-118.4647,0
09/18/2020 12:00:00 AM,Hollenbeck,"THEFT, PERSON",34.0332,-118.1924,0
10/12/2020 12:00:00 AM,Hollenbeck,"VANDALISM - FELONY ($400 & OVER, ALL CHURCH VANDALISMS)",34.02,-118.2059,0
01/26/2020 12:00:00 AM,Southwest,BATTERY - SIMPLE ASSAULT,34.006,-118.3315,0
10/13/2020 12:00:00 AM,Southwest,"VANDALISM - FELONY ($400 & OVER, ALL CHURCH VANDALISMS)",34.0306,-118.3182,0
06/24/2020 12:00:00 AM,Harbor,CRIMINAL THREATS - NO WEAPON DISPLAYED,33.7765,-118.2727,0
04/02/2020 12:00:00 AM,Wilshire,SHOPLIFTING - PETTY THEFT ($950 & UNDER),34.0483,-118.3409,0
01/16/2020 12:00:00 AM,Hollenbeck,THEFT PLAIN - PETTY ($950 & UNDER),34.0444,-118.2125,0
08/03/2020 12:00:00 AM,Central,ROBBERY,34.0444,-118.2541,0
05/10/2020 12:00:00 AM,Hollenbeck,BATTERY - SIMPLE ASSAULT,34.0543,-118.2195,0
03/11/2020 12:00:00 AM,Hollenbeck,"ASSAULT WITH DEADLY WEAPON, AGGRAVATED ASSAULT",34.052,-118.2014,0
05/13/2020 12:00:00 AM,Southwest,VEHICLE - ATTEMPT STOLEN,34.0222,-118.3227,0
02/07/2020 12:00:00 AM,Newton,BURGLARY,34.0247,-118.236,0
07/12/2020 12:00:00 AM,Harbor,"ASSAULT WITH DEADLY WEAPON, AGGRAVATED ASSAULT",33.7823,-118.2731,0
03/21/2020 12:00:00 AM,Central,"THEFT, PERSON",34.0462,-118.2585,0
07/21/2020 12:00:00 AM,Northeast,VEHICLE - STOLEN,34.0901,-118.2126,0
05/09/2020 12:00:00 AM,West Valley,THEFT FROM MOTOR VEHICLE - PETTY ($950 & UNDER),34.1338,-118.4834,0
09/15/2020 12:00:00 AM,Rampart,BATTERY - SIMPLE ASSAULT,34.0592,-118.2687,0
05/23/2020 12:00:00 AM,Hollywood,CRIMINAL THREATS - NO WEAPON DISPLAYED,34.1017,-118.3093,0
08/27/2020 12:00:00 AM,West Valley,CRIMINAL THREATS - NO WEAPON DISPLAYED,34.1993,-118.5373,0
12/03/2020 12:00:00 AM,Hollywood,THEFT FROM MOTOR VEHICLE - GRAND ($950.01 AND OVER),34.098,-118.3529,0
09/30/2020 12:00:00 AM,Van Nuys,"VANDALISM - FELONY ($400 & OVER, ALL CHURCH VANDALISMS)",34.1975,-118.4411,0
08/02/2020 12:00:00 AM,Central,"VANDALISM - FELONY ($400 & OVER, ALL CHURCH VANDALISMS)",34.0595,-118.2451,0
01/25/2020 12:00:00 AM,Rampart,THEFT PLAIN - PETTY ($950 & UNDER),34.0512,-118.2787,0
01/01/2020 12:00:00 AM,Hollywood,INTIMATE PARTNER - SIMPLE ASSAULT,34.0981,-118.3092,0
03/16/2020 12:00:00 AM,77th Street,BATTERY - SIMPLE ASSAULT,34.0002,-118.2814,0
06/21/2020 12:00:00 AM,77th Street,INTIMATE PARTNER - SIMPLE ASSAULT,33.9637,-118.2918,0
08/02/2020 12:00:00 AM,Northeast,SHOPLIFTING - PETTY THEFT ($950 & UNDER),34.1421,-118.223,0
12/20/2020 12:00:00 AM,Hollenbeck,BATTERY - SIMPLE ASSAULT,34.0404,-118.2024,0
11/08/2020 12:00:00 AM,Hollywood,BURGLARY,34.0853,-118.3277,0
04/27/2020 12:00:00 AM,Southwest,BATTERY - SIMPLE ASSAULT,34.0171,-118.3531,0
05/02/2020 12:00:00 AM,77th Street,"VANDALISM - FELONY ($400 & OVER, ALL CHURCH VANDALISMS)",33.9932,-118.3236,0
01/30/2020 12:00:00 AM,Harbor,VEHICLE - STOLEN,33.7347,-118.2842,0
07/22/2020 12:00:00 AM,77th Street,"THEFT-GRAND ($950.01 & OVER)EXCPT,GUNS,FOWL,LIVESTK,PROD",33.9615,-118.2739,0
08/11/2020 12:00:00 AM,Wilshire,BATTERY - SIMPLE ASSAULT,34.0837,-118.3659,0
03/01/2020 12:00:00 AM,Van Nuys,SHOPLIFTING-GRAND THEFT ($950.01 & OVER),34.1867,-118.4137,0
09/24/2020 12:00:00 AM,Hollywood,THEFT PLAIN - PETTY ($950 & UNDER),34.1016,-118.3348,0
06/12/2020 12:00:00 AM,Southwest,FAILURE TO YIELD,34.0255,-118.3471,0
01/31/2020 12:00:00 AM,Central,"THEFT-GRAND ($950.01 & OVER)EXCPT,GUNS,FOWL,LIVESTK,PROD",34.0479,-118.2612,0
02/25/2020 12:00:00 AM,Harbor,VANDALISM - MISDEAMEANOR ($399 OR UNDER),33.7433,-118.2857,0
03/29/2020 12:00:00 AM,Hollenbeck,THEFT FROM MOTOR VEHICLE - PETTY ($950 & UNDER),34.0752,-118.2188,0
11/24/2020 12:00:00 AM,Hollywood,BURGLARY,34.1123,-118.3113,0
07/14/2020 12:00:00 AM,Rampart,THEFT FROM MOTOR VEHICLE - PETTY ($950 & UNDER),34.0698,-118.2528,0
01/07/2020 12:00:00 AM,Rampart,BURGLARY,34.0444,-118.2827,0
06/27/2020 12:00:00 AM,Southwest,"ASSAULT WITH DEADLY WEAPON, AGGRAVATED ASSAULT",34.0309,-118.3101,0
03/08/2020 12:00:00 AM,Southwest,THEFT FROM MOTOR VEHICLE - PETTY ($950 & UNDER),34.0073,-118.298,0
02/13/2020 12:00:00 AM,Northeast,"BUNCO, ATTEMPT",34.0953,-118.2426,0
12/18/2020 12:00:00 AM,Central,THEFT PLAIN - PETTY ($950 & UNDER),34.0486,-118.2571,0
10/30/2020 12:00:00 AM,Hollywood,"BURGLARY, ATTEMPTED",34.1183,-118.3421,0
10/15/2020 12:00:00 AM,Hollywood,BURGLARY,34.0998,-118.3211,0
02/11/2020 12:00:00 AM,Hollywood,OTHER ASSAULT,34.0871,-118.3386,0
04/03/2020 12:00:00 AM,West LA,"VEHICLE, STOLEN - OTHER (MOTORIZED SCOOTERS, BIKES, ETC)",34.0577,-118.4681,0
10/29/2020 12:00:00 AM,Hollywood,THEFT FROM MOTOR VEHICLE - GRAND ($950.01 AND OVER),34.1084,-118.3213,0
11/27/2020 12:00:00 AM,Southwest,VEHICLE - STOLEN,34.0148,-118.3222,0
02/05/2020 12:00:00 AM,Hollywood,THEFT PLAIN - PETTY ($950 & UNDER),34.098,-118.3645,0
03/03/2020 12:00:00 AM,Hollywood,THEFT PLAIN - PETTY ($950 & UNDER),34.1007,-118.3494,0
11/06/2020 12:00:00 AM,West Valley,"BURGLARY, ATTEMPTED",34.2001,-118.4761,0
09/07/2020 12:00:00 AM,Rampart,"ASSAULT WITH DEADLY WEAPON, AGGRAVATED ASSAULT",34.0763,-118.288,0
03/16/2020 12:00:00 AM,Hollenbeck,VEHICLE - ATTEMPT STOLEN,34.0211,-118.1966,0
12/25/2020 12:00:00 AM,Hollywood,BURGLARY,34.0944,-118.3125,0
06/11/2020 12:00:00 AM,Harbor,INTIMATE PARTNER - AGGRAVATED ASSAULT,33.7751,-118.2725,0
11/15/2020 12:00:00 AM,Central,"THEFT-GRAND ($950.01 & OVER)EXCPT,GUNS,FOWL,LIVESTK,PROD",34.0479,-118.2612,0
02/24/2020 12:00:00 AM,Newton,BURGLARY FROM VEHICLE,34.0265,-118.243,0
05/31/2020 12:00:00 AM,West LA,BURGLARY,34.0473,-118.4206,0
06/10/2020 12:00:00 AM,Hollywood,BURGLARY,34.1017,-118.3224,0
04/05/2020 12:00:00 AM,Northeast,BURGLARY FROM VEHICLE,34.1374,-118.2941,0
09/14/2020 12:00:00 AM,Rampart,BATTERY - SIMPLE ASSAULT,34.0549,-118.2659,0
02/18/2020 12:00:00 AM,77th Street,BURGLARY,33.9718,-118.3308,0
05/31/2020 12:00:00 AM,Wilshire,BURGLARY,34.0743,-118.369,0
11/14/2020 12:00:00 AM,Central,BATTERY - SIMPLE ASSAULT,34.0473,-118.2531,0
09/23/2020 12:00:00 AM,Van Nuys,BURGLARY,34.1684,-118.4232,0
04/27/2020 12:00:00 AM,Hollenbeck,THEFT PLAIN - PETTY ($950 & UNDER),34.0267,-118.1985,0
05/06/2020 12:00:00 AM,Van Nuys,BURGLARY FROM VEHICLE,34.1684,-118.4586,0
06/07/2020 12:00:00 AM,Southwest,BATTERY - SIMPLE ASSAULT,34.0266,-118.3637,0
10/18/2020 12:00:00 AM,77th Street,BATTERY POLICE (SIMPLE),33.9783,-118.2838,0
05/12/2020 12:00:00 AM,West Valley,BURGLARY,34.2012,-118.5579,0
03/29/2020 12:00:00 AM,Hollenbeck,THEFT FROM MOTOR VEHICLE - PETTY ($950 & UNDER),34.0505,-118.198,0
03/12/2020 12:00:00 AM,Southwest,VEHICLE - STOLEN,34.0345,-118.2751,0
12/26/2020 12:00:00 AM,77th Street,BURGLARY,33.9806,-118.3003,0
09/14/2020 12:00:00 AM,Hollywood,THEFT OF IDENTITY,34.1186,-118.3215,0
03/31/2020 12:00:00 AM,Hollywood,ATTEMPTED ROBBERY,34.1038,-118.3151,0
11/11/2020 12:00:00 AM,77th Street,BATTERY - SIMPLE ASSAULT,33.9619,-118.2673,0
09/23/2020 12:00:00 AM,Rampart,BATTERY - SIMPLE ASSAULT,34.0466,-118.2831,0
02/04/2020 12:00:00 AM,West LA,VANDALISM - MISDEAMEANOR ($399 OR UNDER),34.0593,-118.429,0
03/03/2020 12:00:00 AM,Van Nuys,BURGLARY,34.194,-118.4247,0
11/01/2020 12:00:00 AM,Hollywood,INTIMATE PARTNER - SIMPLE ASSAULT,34.0928,-118.3179,0
04/21/2020 12:00:00 AM,Southwest,SHOPLIFTING - PETTY THEFT ($950 & UNDER),34.0334,-118.3523,0
06/04/2020 12:00:00 AM,Hollenbeck,VIOLATION OF COURT ORDER,34.0765,-118.2157,0
05/09/2020 12:00:00 AM,West Valley,INTIMATE PARTNER - SIMPLE ASSAULT,34.171,-118.5384,0
09/06/2020 12:00:00 AM,Northeast,THEFT PLAIN - PETTY ($950 & UNDER),34.121,-118.2271,0
08/16/2020 12:00:00 AM,Harbor,BRANDISH WEAPON,33.7978,-118.3048,0
12/23/2020 12:00:00 AM,Hollywood,BURGLARY FROM VEHICLE,34.0926,-118.3405,0
08/24/2020 12:00:00 AM,West LA,THEFT OF IDENTITY,34.0427,-118.4585,0
06/17/2020 12:00:00 AM,Southwest,VANDALISM - MISDEAMEANOR ($399 OR UNDER),34.0309,-118.3024,0
03/04/2020 12:00:00 AM,Wilshire,VEHICLE - STOLEN,34.0761,-118.3563,0
08/31/2020 12:00:00 AM,Rampart,VEHICLE - STOLEN,34.0727,-118.2637,0
08/13/2020 12:00:00 AM,Rampart,"VANDALISM - FELONY ($400 & OVER, ALL CHURCH VANDALISMS)",34.0565,-118.2724,0
05/01/2020 12:00:00 AM,Northeast,"ASSAULT WITH DEADLY WEAPON, AGGRAVATED ASSAULT",34.114,-118.1949,0
03/30/2020 12:00:00 AM,Hollenbeck,BURGLARY FROM VEHICLE,34.0476,-118.2198,0
04/30/2020 12:00:00 AM,Hollenbeck,VEHICLE - STOLEN,34.082,-118.2119,0
04/25/2020 12:00:00 AM,77th Street,"VANDALISM - FELONY ($400 & OVER, ALL CHURCH VANDALISMS)",33.9996,-118.2959,0
10/10/2020 12:00:00 AM,Hollenbeck,BATTERY - SIMPLE ASSAULT,34.0894,-118.1693,0
05/10/2020 12:00:00 AM,Hollywood,BATTERY - SIMPLE ASSAULT,34.104,-118.3297,0
06/15/2020 12:00:00 AM,Hollywood,VEHICLE - STOLEN,34.1039,-118.3311,0
12/22/2020 12:00:00 AM,Rampart,CHILD ABUSE (PHYSICAL) - AGGRAVATED ASSAULT,34.0596,-118.2701,0
04/22/2020 12:00:00 AM,Harbor,BATTERY - SIMPLE ASSAULT,33.7817,-118.2574,0
06/16/2020 12:00:00 AM,Central,THEFT PLAIN - PETTY ($950 & UNDER),34.0449,-118.2458,0
05/18/2020 12:00:00 AM,Harbor,VIOLATION OF RESTRAINING ORDER,33.7397,-118.2879,0
02/12/2020 12:00:00 AM,Central,ROBBERY,34.0452,-118.2534,0
06/08/2020 12:00:00 AM,77th Street,INTIMATE PARTNER - SIMPLE ASSAULT,33.9708,-118.2827,0
02/16/2020 12:00:00 AM,Central,INTIMATE PARTNER - SIMPLE ASSAULT,34.0416,-118.244,0
08/11/2020 12:00:00 AM,Harbor,BURGLARY,33.7387,-118.2814,0
08/03/2020 12:00:00 AM,Southwest,SHOPLIFTING - PETTY THEFT ($950 & UNDER),34.0349,-118.2959,0
11/22/2020 12:00:00 AM,Van Nuys,BATTERY - SIMPLE ASSAULT,34.1513,-118.4511,0
12/17/2020 12:00:00 AM,Harbor,THEFT FROM MOTOR VEHICLE - PETTY ($950 & UNDER),33.785,-118.287,0
09/30/2020 12:00:00 AM,77th Street,ROBBERY,33.9996,-118.2915,0
07/30/2020 12:00:00 AM,Wilshire,"VANDALISM - FELONY ($400 & OVER, ALL CHURCH VANDALISMS)",34.0349,-118.34,0
12/04/2020 12:00:00 AM,Hollywood,BURGLARY FROM VEHICLE,34.0981,-118.3111,0
01/15/2020 12:00:00 AM,Southwest,"VANDALISM - FELONY ($400 & OVER, ALL CHURCH VANDALISMS)",34.0333,-118.3427,0
01/19/2020 12:00:00 AM,West LA,THEFT PLAIN - PETTY ($950 & UNDER),34.0886,-118.4758,0
01/01/2020 12:00:00 AM,Newton,BURGLARY FROM VEHICLE,34.0197,-118.2546,0
11/07/2020 12:00:00 AM,Northeast,"VANDALISM - FELONY ($400 & OVER, ALL CHURCH VANDALISMS)",34.0768,-118.2574,0
08/27/2020 12:00:00 AM,77th Street,VEHICLE - STOLEN,33.9721,-118.2652,0
08/20/2020 12:00:00 AM,Rampart,"ASSAULT WITH DEADLY WEAPON, AGGRAVATED ASSAULT",34.0477,-118.2751,0
01/13/2020 12:00:00 AM,Central,BURGLARY FROM VEHICLE,34.0502,-118.2336,0
03/07/2020 12:00:00 AM,Southwest,BATTERY - SIMPLE ASSAULT,34.0325,-118.3689,0
01/09/2020 12:00:00 AM,Hollywood,BURGLARY FROM VEHICLE,34.1037,-118.3252,0
12/28/2020 12:00:00 AM,Northeast,"BURGLARY FROM VEHICLE, ATTEMPTED",34.1241,-118.1706,0
09/23/2020 12:00:00 AM,Central,BURGLARY FROM VEHICLE,34.0405,-118.2604,0
12/27/2020 12:00:00 AM,Rampart,ROBBERY,34.0648,-118.2546,0
09/06/2020 12:00:00 AM,West LA,TRESPASSING,34.0442,-118.4565,0
10/24/2020 12:00:00 AM,77th Street,"ASSAULT WITH DEADLY WEAPON, AGGRAVATED ASSAULT",33.9997,-118.2849,0
05/20/2020 12:00:00 AM,Wilshire,THEFT FROM MOTOR VEHICLE - ATTEMPT,34.0482,-118.3307,0
10/12/2020 12:00:00 AM,Wilshire,THEFT FROM MOTOR VEHICLE - GRAND ($950.01 AND OVER),34.0734,-118.3765,0
12/05/2020 12:00:00 AM,Harbor,BATTERY - SIMPLE ASSAULT,33.7333,-118.2818,0
10/23/2020 12:00:00 AM,Hollywood,THEFT PLAIN - PETTY ($950 & UNDER),34.1016,-118.3387,0
09/24/2020 12:00:00 AM,Southwest,VEHICLE - STOLEN,34.0142,-118.2954,0
03/15/2020 12:00:00 AM,Hollywood,INTIMATE PARTNER - SIMPLE ASSAULT,34.1017,-118.3136,0
11/12/2020 12:00:00 AM,Hollenbeck,"THEFT-GRAND ($950.01 & OVER)EXCPT,GUNS,FOWL,LIVESTK,PROD",34.097,-118.1705,0
08/02/2020 12:00:00 AM,Harbor,VEHICLE - STOLEN,33.8503,-118.2994,0
08/23/2020 12:00:00 AM,Harbor,"VANDALISM - FELONY ($400 & OVER, ALL CHURCH VANDALISMS)",33.7754,-118.2673,0
04/07/2020 12:00:00 AM,West LA,THEFT PLAIN - PETTY ($950 & UNDER),34.0431,-118.444,0
04/09/2020 12:00:00 AM,Harbor,"ASSAULT WITH DEADLY WEAPON, AGGRAVATED ASSAULT",33.786,-118.3021,0
01/27/2020 12:00:00 AM,Rampart,"ASSAULT WITH DEADLY WEAPON, AGGRAVATED ASSAULT",34.0621,-118.2747,0
09/08/2020 12:00:00 AM,Van Nuys,"THEFT-GRAND ($950.01 & OVER)EXCPT,GUNS,FOWL,LIVESTK,PROD",34.1976,-118.4356,0
09/06/2020 12:00:00 AM,Rampart,INTIMATE PARTNER - SIMPLE ASSAULT,34.0596,-118.27,0
02/03/2020 12:00:00 AM,Rampart,INTIMATE PARTNER - AGGRAVATED ASSAULT,34.0481,-118.2712,0
03/27/2020 12:00:00 AM,77th Street,BATTERY - SIMPLE ASSAULT,33.9679,-118.2842,0
03/20/2020 12:00:00 AM,Harbor,THEFT FROM MOTOR VEHICLE - GRAND ($950.01 AND OVER),33.8245,-118.3038,0
12/11/2020 12:00:00 AM,77th Street,VEHICLE - ATTEMPT STOLEN,33.9736,-118.3309,0
10/29/2020 12:00:00 AM,Rampart,BATTERY - SIMPLE ASSAULT,34.0488,-118.2775,0
05/13/2020 12:00:00 AM,Wilshire,BURGLARY,34.0753,-118.3837,0
08/10/2020 12:00:00 AM,West LA,DISCHARGE FIREARMS/SHOTS FIRED,34.0617,-118.4446,0
05/23/2020 12:00:00 AM,West Valley,BIKE - STOLEN,34.2084,-118.5121,0
04/18/2020 12:00:00 AM,Wilshire,SHOPLIFTING - PETTY THEFT ($950 & UNDER),34.0837,-118.3532,0
02/06/2020 12:00:00 AM,West LA,BURGLARY,34.0412,-118.3876,0
07/12/2020 12:00:00 AM,Rampart,"ASSAULT WITH DEADLY WEAPON, AGGRAVATED ASSAULT",34.0589,-118.2636,0
10/07/2020 12:00:00 AM,West LA,OTHER ASSAULT,34.0456,-118.4652,0
03/07/2020 12:00:00 AM,West LA,BATTERY - SIMPLE ASSAULT,34.064,-118.4141,0
06/30/2020 12:00:00 AM,Van Nuys,BRANDISH WEAPON,34.1603,-118.4399,0
04/16/2020 12:00:00 AM,Newton,BRANDISH WEAPON,33.9877,-118.2761,0
02/21/2020 12:00:00 AM,Harbor,INTIMATE PARTNER - SIMPLE ASSAULT,33.7974,-118.2372,0
09/25/2020 12:00:00 AM,Harbor,BATTERY - SIMPLE ASSAULT,33.8371,-118.3078,0
04/15/2020 12:00:00 AM,Wilshire,INTIMATE PARTNER - SIMPLE ASSAULT,34.0516,-118.3314,0
07/26/2020 12:00:00 AM,Rampart,BURGLARY FROM VEHICLE,34.079,-118.2966,0
05/16/2020 12:00:00 AM,Wilshire,"LETTERS, LEWD  -  TELEPHONE CALLS, LEWD",34.0753,-118.3837,0
03/15/2020 12:00:00 AM,Rampart,"RAPE, FORCIBLE",34.0601,-118.2761,0
03/05/2020 12:00:00 AM,Northeast,BURGLARY,34.1004,-118.3005,0
02/29/2020 12:00:00 AM,West Valley,THEFT OF IDENTITY,34.171,-118.5578,0
09/11/2020 12:00:00 AM,Northeast,THEFT PLAIN - PETTY ($950 & UNDER),34.1358,-118.2135,0
12/10/2020 12:00:00 AM,West Valley,ROBBERY,34.1938,-118.5524,0
12/06/2020 12:00:00 AM,Wilshire,VEHICLE - STOLEN,34.0762,-118.326,0
07/11/2020 12:00:00 AM,Hollywood,BURGLARY,34.0998,-118.3288,0
09/11/2020 12:00:00 AM,Wilshire,INTIMATE PARTNER - SIMPLE ASSAULT,34.064,-118.3525,0
09/09/2020 12:00:00 AM,Harbor,BRANDISH WEAPON,33.7905,-118.239,0
01/02/2020 12:00:00 AM,Rampart,ROBBERY,34.0601,-118.2761,0
01/14/2020 12:00:00 AM,77th Street,"SEX,UNLAWFUL(INC MUTUAL CONSENT, PENETRATION W/ FRGN OBJ",33.9874,-118.287,0
09/06/2020 12:00:00 AM,77th Street,THEFT PLAIN - PETTY ($950 & UNDER),33.9852,-118.3095,0
01/27/2020 12:00:00 AM,77th Street,"ASSAULT WITH DEADLY WEAPON, AGGRAVATED ASSAULT",33.9905,-118.2856,0
11/10/2020 12:00:00 AM,77th Street,BURGLARY,33.9646,-118.2673,0
02/01/2020 12:00:00 AM,Wilshire,BURGLARY FROM VEHICLE,34.0496,-118.3425,0
11/05/2020 12:00:00 AM,Hollenbeck,BATTERY - SIMPLE ASSAULT,34.0859,-118.1798,0
06/27/2020 12:00:00 AM,77th Street,OTHER ASSAULT,33.9681,-118.333,0
04/30/2020 12:00:00 AM,Central,BURGLARY FROM VEHICLE,34.0452,-118.2569,0
02/22/2020 12:00:00 AM,Harbor,BURGLARY,33.762,-118.2931,0
04/11/2020 12:00:00 AM,Newton,BATTERY WITH SEXUAL CONTACT,34.0299,-118.2559,0
01/27/2020 12:00:00 AM,77th Street,ROBBERY,33.9711,-118.2629,0
08/24/2020 12:00:00 AM,Rampart,INTIMATE PARTNER - AGGRAVATED ASSAULT,34.0519,-118.268,0
12/01/2020 12:00:00 AM,West Valley,VEHICLE - STOLEN,34.1841,-118.5485,0
09/07/2020 12:00:00 AM,Northeast,THEFT PLAIN - PETTY ($950 & UNDER),34.1104,-118.2513,0
10/22/2020 12:00:00 AM,West LA,"THEFT-GRAND ($950.01 & OVER)EXCPT,GUNS,FOWL,LIVESTK,PROD",34.0529,-118.4656,0
02/28/2020 12:00:00 AM,Rampart,VANDALISM - MISDEAMEANOR ($399 OR UNDER),34.0589,-118.2821,0
12/27/2020 12:00:00 AM,Rampart,INTIMATE PARTNER - AGGRAVATED ASSAULT,34.0542,-118.2611,0
07/31/2020 12:00:00 AM,West LA,BATTERY - SIMPLE ASSAULT,34.0609,-118.3803,0
02/12/2020 12:00:00 AM,Newton,VANDALISM - MISDEAMEANOR ($399 OR UNDER),33.9946,-118.2415,0
03/17/2020 12:00:00 AM,Southwest,CRIMINAL THREATS - NO WEAPON DISPLAYED,34.0037,-118.2871,0
01/31/2020 12:00:00 AM,West LA,BURGLARY FROM VEHICLE,34.0359,-118.3859,0
07/03/2020 12:00:00 AM,Central,VANDALISM - MISDEAMEANOR ($399 OR UNDER),34.0542,-118.2566,0
01/11/2020 12:00:00 AM,Rampart,BURGLARY FROM VEHICLE,34.0527,-118.282,0
02/12/2020 12:00:00 AM,Central,CRIMINAL THREATS - NO WEAPON DISPLAYED,34.0467,-118.2485,0
12/08/2020 12:00:00 AM,Hollywood,OTHER MISCELLANEOUS CRIME,34.0929,-118.3048,0
04/19/2020 12:00:00 AM,Northeast,INTIMATE PARTNER - AGGRAVATED ASSAULT,34.0882,-118.2297,0
02/19/2020 12:00:00 AM,Southwest,BIKE - STOLEN,34.0215,-118.2868,0
02/23/2020 12:00:00 AM,Hollywood,BURGLARY,34.0944,-118.3277,0
08/01/2020 12:00:00 AM,Northeast,THEFT FROM MOTOR VEHICLE - PETTY ($950 & UNDER),34.0981,-118.2983,0
02/25/2020 12:00:00 AM,Central,"BUNCO, GRAND THEFT",34.053,-118.2513,0
05/04/2020 12:00:00 AM,Hollywood,BURGLARY FROM VEHICLE,34.1137,-118.3234,0
12/19/2020 12:00:00 AM,Central,CRIMINAL THREATS - NO WEAPON DISPLAYED,34.0437,-118.2455,0
07/09/2020 12:00:00 AM,Hollywood,VEHICLE - STOLEN,34.0987,-118.3337,0
03/09/2020 12:00:00 AM,Hollywood,BATTERY - SIMPLE ASSAULT,34.1016,-118.3387,0
01/22/2020 12:00:00 AM,Newton,CONTEMPT OF COURT,34.0281,-118.2487,0
10/15/2020 12:00:00 AM,Van Nuys,OTHER ASSAULT,34.1794,-118.421,0
09/09/2020 12:00:00 AM,Central,BATTERY - SIMPLE ASSAULT,34.0478,-118.2475,0
08/26/2020 12:00:00 AM,Harbor,VIOLATION OF RESTRAINING ORDER,33.7342,-118.284,0
02/08/2020 12:00:00 AM,Van Nuys,THEFT FROM MOTOR VEHICLE - PETTY ($950 & UNDER),34.205,-118.4339,0
03/14/2020 12:00:00 AM,Southwest,INTIMATE PARTNER - AGGRAVATED ASSAULT,34.0325,-118.3509,0
07/03/2020 12:00:00 AM,Van Nuys,BURGLARY FROM VEHICLE,34.1597,-118.4138,0
04/05/2020 12:00:00 AM,77th Street,BATTERY - SIMPLE ASSAULT,33.989,-118.3298,0
10/09/2020 12:00:00 AM,77th Street,"ASSAULT WITH DEADLY WEAPON, AGGRAVATED ASSAULT",33.9953,-118.2909,0
06/17/2020 12:00:00 AM,Van Nuys,VEHICLE - STOLEN,34.1994,-118.4493,0
09/15/2020 12:00:00 AM,Central,INTIMATE PARTNER - SIMPLE ASSAULT,34.0541,-118.2379,0
12/02/2020 12:00:00 AM,Southwest,CHILD NEGLECT (SEE 300 W.I.C.),34.0299,-118.3151,0
04/01/2020 12:00:00 AM,Newton,THEFT PLAIN - ATTEMPT,33.9773,-118.2804,0
01/07/2020 12:00:00 AM,Rampart,"ASSAULT WITH DEADLY WEAPON, AGGRAVATED ASSAULT",34.0574,-118.2747,0
07/15/2020 12:00:00 AM,Northeast,ROBBERY,34.0986,-118.2962,0
02/17/2020 12:00:00 AM,Van Nuys,BURGLARY FROM VEHICLE,34.1663,-118.4182,0
09/08/2020 12:00:00 AM,Harbor,BRANDISH WEAPON,33.7933,-118.3028,0
06/09/2020 12:00:00 AM,Van Nuys,ROBBERY,34.1903,-118.4574,0
10/23/2020 12:00:00 AM,77th Street,VEHICLE - STOLEN,33.9708,-118.2833,0
01/26/2020 12:00:00 AM,Van Nuys,"ASSAULT WITH DEADLY WEAPON, AGGRAVATED ASSAULT",34.1703,-118.4247,0
06/26/2020 12:00:00 AM,Central,BURGLARY FROM VEHICLE,34.0367,-118.2344,0
01/08/2020 12:00:00 AM,Southwest,BATTERY - SIMPLE ASSAULT,34.0141,-118.2978,0
01/03/2020 12:00:00 AM,Wilshire,INTIMATE PARTNER - SIMPLE ASSAULT,34.069,-118.3462,0
04/19/2020 12:00:00 AM,West Valley,VEHICLE - STOLEN,34.1994,-118.4837,0
06/10/2020 12:00:00 AM,Van Nuys,VEHICLE - ATTEMPT STOLEN,34.194,-118.4268,0
02/22/2020 12:00:00 AM,Central,VEHICLE - STOLEN,34.0478,-118.2484,0
04/28/2020 12:00:00 AM,Hollywood,THEFT PLAIN - PETTY ($950 & UNDER),34.1074,-118.3333,0
12/12/2020 12:00:00 AM,West LA,THEFT FROM MOTOR VEHICLE - GRAND ($950.01 AND OVER),34.06,-118.42,0
07/31/2020 12:00:00 AM,Hollywood,THEFT PLAIN - PETTY ($950 & UNDER),34.1007,-118.3494,0
11/26/2020 12:00:00 AM,Southwest,THEFT PLAIN - PETTY ($950 & UNDER),34.0334,-118.3639,0
02/02/2020 12:00:00 AM,West LA,THEFT FROM MOTOR VEHICLE - PETTY ($950 & UNDER),34.0451,-118.559,0
09/25/2020 12:00:00 AM,77th Street,"ASSAULT WITH DEADLY WEAPON, AGGRAVATED ASSAULT",33.9875,-118.286,0
03/01/2020 12:00:00 AM,Southwest,THEFT FROM MOTOR VEHICLE - PETTY ($950 & UNDER),34.0174,-118.3045,0
07/18/2020 12:00:00 AM,Southwest,VEHICLE - STOLEN,34.0146,-118.311,0
10/14/2020 12:00:00 AM,Southwest,ROBBERY,34.0169,-118.2958,0
03/26/2020 12:00:00 AM,Rampart,THEFT FROM MOTOR VEHICLE - GRAND ($950.01 AND OVER),34.071,-118.2759,0
07/19/2020 12:00:00 AM,Southwest,VEHICLE - STOLEN,34.0032,-118.3225,0
03/19/2020 12:00:00 AM,Central,THEFT PLAIN - PETTY ($950 & UNDER),34.0604,-118.2393,0
04/14/2020 12:00:00 AM,Hollywood,BURGLARY,34.1007,-118.3494,0
10/24/2020 12:00:00 AM,77th Street,VEHICLE - STOLEN,33.9746,-118.3192,0
09/18/2020 12:00:00 AM,77th Street,ROBBERY,33.9763,-118.2827,0
09/12/2020 12:00:00 AM,Hollywood,BURGLARY,34.0998,-118.3479,0
06/06/2020 12:00:00 AM,West LA,BURGLARY,34.0432,-118.4541,0
02/23/2020 12:00:00 AM,West LA,SHOPLIFTING - PETTY THEFT ($950 & UNDER),34.0383,-118.4324,0
10/07/2020 12:00:00 AM,Northeast,SHOPLIFTING - PETTY THEFT ($950 & UNDER),34.1367,-118.2713,0
04/23/2020 12:00:00 AM,77th Street,VEHICLE - STOLEN,33.9908,-118.3367,0
08/16/2020 12:00:00 AM,77th Street,"ASSAULT WITH DEADLY WEAPON, AGGRAVATED ASSAULT",33.9642,-118.2803,0
09/03/2020 12:00:00 AM,Central,"ASSAULT WITH DEADLY WEAPON, AGGRAVATED ASSAULT",34.0416,-118.244,0
02/21/2020 12:00:00 AM,Hollywood,"THEFT-GRAND ($950.01 & OVER)EXCPT,GUNS,FOWL,LIVESTK,PROD",34.0907,-118.3384,0
07/26/2020 12:00:00 AM,Hollenbeck,INTIMATE PARTNER - SIMPLE ASSAULT,34.0859,-118.1798,0
01/01/2020 12:00:00 AM,Southwest,BIKE - STOLEN,34.0352,-118.289,0
05/04/2020 12:00:00 AM,Van Nuys,THEFT PLAIN - PETTY ($950 & UNDER),34.2031,-118.4313,0
06/28/2020 12:00:00 AM,77th Street,INTIMATE PARTNER - SIMPLE ASSAULT,33.9688,-118.2652,0
06/12/2020 12:00:00 AM,West Valley,BURGLARY FROM VEHICLE,34.2084,-118.5142,0
01/11/2020 12:00:00 AM,Harbor,INTIMATE PARTNER - SIMPLE ASSAULT,33.7772,-118.2609,0
04/11/2020 12:00:00 AM,Harbor,VANDALISM - MISDEAMEANOR ($399 OR UNDER),33.8571,-118.3035,0
10/22/2020 12:00:00 AM,Hollywood,"LETTERS, LEWD  -  TELEPHONE CALLS, LEWD",34.1038,-118.302,0
09/29/2020 12:00:00 AM,Southwest,VEHICLE - STOLEN,34.0106,-118.2827,0
11/14/2020 12:00:00 AM,Hollywood,BURGLARY FROM VEHICLE,34.1015,-118.3434,0
11/02/2020 12:00:00 AM,Central,BATTERY - SIMPLE ASSAULT,34.0487,-118.2588,0
08/07/2020 12:00:00 AM,Central,BURGLARY FROM VEHICLE,34.0437,-118.2582,0
09/20/2020 12:00:00 AM,Wilshire,ARSON,34.0803,-118.3428,0
11/18/2020 12:00:00 AM,Central,BURGLARY FROM VEHICLE,34.0458,-118.2361,0
06/05/2020 12:00:00 AM,77th Street,THEFT PLAIN - PETTY ($950 & UNDER),33.9747,-118.2827,0
05/24/2020 12:00:00 AM,Central,"THEFT, PERSON",34.0421,-118.2405,0
11/23/2020 12:00:00 AM,West LA,BATTERY WITH SEXUAL CONTACT,34.0571,-118.474,0
10/22/2020 12:00:00 AM,Harbor,THEFT FROM MOTOR VEHICLE - PETTY ($950 & UNDER),33.7442,-118.2879,0
06/30/2020 12:00:00 AM,Northeast,"BURGLARY, ATTEMPTED",34.0982,-118.2852,0
04/24/2020 12:00:00 AM,West Valley,CHILD ABUSE (PHYSICAL) - SIMPLE ASSAULT,34.2143,-118.5534,0
05/02/2020 12:00:00 AM,Wilshire,INTIMATE PARTNER - SIMPLE ASSAULT,34.044,-118.3415,0
08/24/2020 12:00:00 AM,Southwest,VEHICLE - STOLEN,34.0329,-118.3492,0
07/19/2020 12:00:00 AM,Central,"VANDALISM - FELONY ($400 & OVER, ALL CHURCH VANDALISMS)",34.043,-118.2606,0
04/20/2020 12:00:00 AM,Rampart,BATTERY - SIMPLE ASSAULT,34.0625,-118.2714,0
11/11/2020 12:00:00 AM,Southwest,BURGLARY FROM VEHICLE,34.0194,-118.3202,0
11/16/2020 12:00:00 AM,Hollenbeck,VEHICLE - STOLEN,34.0253,-118.221,0
02/03/2020 12:00:00 AM,77th Street,VIOLATION OF RESTRAINING ORDER,33.9608,-118.2739,0
01/07/2020 12:00:00 AM,Central,THEFT FROM MOTOR VEHICLE - GRAND ($950.01 AND OVER),34.0502,-118.254,0
09/14/2020 12:00:00 AM,Harbor,SHOPLIFTING - PETTY THEFT ($950 & UNDER),33.8696,-118.2865,0
04/19/2020 12:00:00 AM,77th Street,BURGLARY FROM VEHICLE,33.9892,-118.3089,0
08/24/2020 12:00:00 AM,Wilshire,VEHICLE - STOLEN,34.0588,-118.3431,0
12/16/2020 12:00:00 AM,Southwest,THEFT FROM MOTOR VEHICLE - PETTY ($950 & UNDER),34.0199,-118.3062,0
03/01/2020 12:00:00 AM,West LA,"THEFT-GRAND ($950.01 & OVER)EXCPT,GUNS,FOWL,LIVESTK,PROD",34.0404,-118.3852,0
02/06/2020 12:00:00 AM,Van Nuys,ROBBERY,34.1996,-118.4487,0
07/09/2020 12:00:00 AM,Harbor,INTIMATE PARTNER - AGGRAVATED ASSAULT,33.7326,-118.305,0
10/25/2020 12:00:00 AM,West Valley,THEFT PLAIN - PETTY ($950 & UNDER),34.1722,-118.5037,0
08/04/2020 12:00:00 AM,West Valley,CHILD ABUSE (PHYSICAL) - AGGRAVATED ASSAULT,34.1892,-118.4749,0
04/11/2020 12:00:00 AM,Southwest,BURGLARY FROM VEHICLE,34.0291,-118.3089,0
06/25/2020 12:00:00 AM,Newton,"VANDALISM - FELONY ($400 & OVER, ALL CHURCH VANDALISMS)",34.0091,-118.2507,0
02/08/2020 12:00:00 AM,West Valley,BATTERY - SIMPLE ASSAULT,34.1769,-118.5384,0
05/07/2020 12:00:00 AM,Harbor,SHOPLIFTING - PETTY THEFT ($950 & UNDER),33.818,-118.3089,0
01/10/2020 12:00:00 AM,West Valley,INTIMATE PARTNER - AGGRAVATED ASSAULT,34.1939,-118.4749,0
09/02/2020 12:00:00 AM,Rampart,TRESPASSING,34.0894,-118.295,0
03/25/2020 12:00:00 AM,Central,BURGLARY,34.0382,-118.2356,0
11/11/2020 12:00:00 AM,Van Nuys,TRESPASSING,34.1975,-118.4727,0
11/04/2020 12:00:00 AM,Hollywood,CRIMINAL THREATS - NO WEAPON DISPLAYED,34.098,-118.3266,0
05/01/2020 12:00:00 AM,Southwest,CHILD ABUSE (PHYSICAL) - SIMPLE ASSAULT,34.0158,-118.3509,0
12/02/2020 12:00:00 AM,77th Street,INTIMATE PARTNER - SIMPLE ASSAULT,33.9601,-118.2827,0
02/22/2020 12:00:00 AM,Central,BURGLARY FROM VEHICLE,34.0445,-118.2558,0
01/14/2020 12:00:00 AM,Southwest,BURGLARY,34.034,-118.3133,0
02/27/2020 12:00:00 AM,Van Nuys,"ASSAULT WITH DEADLY WEAPON, AGGRAVATED ASSAULT",34.1685,-118.4509,0
08/21/2020 12:00:00 AM,Hollywood,THEFT FROM MOTOR VEHICLE - ATTEMPT,34.1038,-118.302,0
03/29/2020 12:00:00 AM,Harbor,BATTERY - SIMPLE ASSAULT,33.7173,-118.3029,0
01/23/2020 12:00:00 AM,Newton,BATTERY - SIMPLE ASSAULT,33.9976,-118.2634,0
09/17/2020 12:00:00 AM,Southwest,SHOTS FIRED AT INHABITED DWELLING,34.01,-118.3241,0
07/17/2020 12:00:00 AM,Hollywood,INTIMATE PARTNER - SIMPLE ASSAULT,34.0944,-118.3483,0
03/20/2020 12:00:00 AM,Wilshire,INTIMATE PARTNER - SIMPLE ASSAULT,34.0432,-118.3385,0
05/21/2020 12:00:00 AM,West Valley,THEFT OF IDENTITY,34.1567,-118.5446,0
04/11/2020 12:00:00 AM,Wilshire,BURGLARY,34.0782,-118.3695,0
07/12/2020 12:00:00 AM,West Valley,CRIMINAL THREATS - NO WEAPON DISPLAYED,34.2147,-118.523,0
01/10/2020 12:00:00 AM,Rampart,BURGLARY,34.0672,-118.2741,0
12/11/2020 12:00:00 AM,Hollywood,"BUNCO, GRAND THEFT",34.1005,-118.3107,0
05/18/2020 12:00:00 AM,Hollenbeck,BATTERY - SIMPLE ASSAULT,34.0583,-118.1978,0
03/27/2020 12:00:00 AM,Central,INTIMATE PARTNER - SIMPLE ASSAULT,34.0411,-118.2545,0
05/30/2020 12:00:00 AM,Northeast,BURGLARY,34.1113,-118.1893,0
12/15/2020 12:00:00 AM,77th Street,VEHICLE - STOLEN,33.9987,-118.2915,0
03/31/2020 12:00:00 AM,Hollenbeck,ROBBERY,34.0372,-118.195,0
12/20/2020 12:00:00 AM,Southwest,VIOLATION OF RESTRAINING ORDER,34.033,-118.3528,0
06/01/2020 12:00:00 AM,77th Street,"RAPE, FORCIBLE",33.9712,-118.2608,0
11/03/2020 12:00:00 AM,Hollenbeck,THEFT FROM MOTOR VEHICLE - PETTY ($950 & UNDER),34.0979,-118.1797,0
04/18/2020 12:00:00 AM,Northeast,BURGLARY,34.1036,-118.3006,0
06/14/2020 12:00:00 AM,Van Nuys,BURGLARY FROM VEHICLE,34.1507,-118.4422,0
11/19/2020 12:00:00 AM,77th Street,VANDALISM - MISDEAMEANOR ($399 OR UNDER),33.9486,-118.3094,0
06/19/2020 12:00:00 AM,West LA,BIKE - STOLEN,34.0312,-118.3806,0
04/30/2020 12:00:00 AM,Northeast,THEFT FROM MOTOR VEHICLE - PETTY ($950 & UNDER),34.1172,-118.2092,0
10/27/2020 12:00:00 AM,Van Nuys,TRESPASSING,34.2011,-118.4642,0
03/31/2020 12:00:00 AM,Northeast,FAILURE TO YIELD,34.1293,-118.1879,0
06/18/2020 12:00:00 AM,Harbor,"VANDALISM - FELONY ($400 & OVER, ALL CHURCH VANDALISMS)",33.7297,-118.2946,0
08/22/2020 12:00:00 AM,West Valley,BURGLARY,34.2201,-118.5203,0
03/08/2020 12:00:00 AM,West Valley,THEFT OF IDENTITY,34.1802,-118.5273,0
06/25/2020 12:00:00 AM,Central,"THEFT-GRAND ($950.01 & OVER)EXCPT,GUNS,FOWL,LIVESTK,PROD",34.0459,-118.2352,0
02/09/2020 12:00:00 AM,Hollenbeck,VANDALISM - MISDEAMEANOR ($399 OR UNDER),34.0976,-118.1785,0
01/24/2020 12:00:00 AM,West Valley,"ASSAULT WITH DEADLY WEAPON, AGGRAVATED ASSAULT",34.1939,-118.5516,0
04/02/2020 12:00:00 AM,Southwest,INTIMATE PARTNER - SIMPLE ASSAULT,34.0155,-118.2974,0
05/12/2020 12:00:00 AM,Northeast,INTIMATE PARTNER - SIMPLE ASSAULT,34.0967,-118.2994,0
01/01/2020 12:00:00 AM,Southwest,TRESPASSING,34.0225,-118.2796,0
11/01/2020 12:00:00 AM,West LA,"RAPE, FORCIBLE",34.0548,-118.3894,0
09/16/2020 12:00:00 AM,Northeast,VEHICLE - STOLEN,34.1261,-118.2142,0
01/24/2020 12:00:00 AM,Central,SODOMY/SEXUAL CONTACT B/W PENIS OF ONE PERS TO ANUS OTH,34.0468,-118.2415,0
05/17/2020 12:00:00 AM,Southwest,THEFT FROM MOTOR VEHICLE - PETTY ($950 & UNDER),34.0242,-118.3272,0
07/01/2020 12:00:00 AM,Hollywood,THEFT FROM MOTOR VEHICLE - PETTY ($950 & UNDER),34.1016,-118.3391,0
05/20/2020 12:00:00 AM,Hollywood,"RAPE, FORCIBLE",34.0998,-118.3267,0
10/27/2020 12:00:00 AM,Hollywood,"BUNCO, PETTY THEFT",34.1168,-118.3113,0
03/23/2020 12:00:00 AM,Van Nuys,BURGLARY FROM VEHICLE,34.1867,-118.4312,0
08/11/2020 12:00:00 AM,Van Nuys,THEFT FROM MOTOR VEHICLE - PETTY ($950 & UNDER),34.154,-118.4181,0
01/03/2020 12:00:00 AM,Van Nuys,BURGLARY FROM VEHICLE,34.1517,-118.4672,0
01/24/2020 12:00:00 AM,Harbor,THEFT FROM MOTOR VEHICLE - PETTY ($950 & UNDER),33.8115,-118.3037,0
12/26/2020 12:00:00 AM,77th Street,CRIMINAL THREATS - NO WEAPON DISPLAYED,33.9623,-118.2783,0
10/08/2020 12:00:00 AM,Rampart,SHOPLIFTING - PETTY THEFT ($950 & UNDER),34.0523,-118.2677,0
08/05/2020 12:00:00 AM,West Valley,VEHICLE - STOLEN,34.1939,-118.4756,0
10/28/2020 12:00:00 AM,Central,ASSAULT WITH DEADLY WEAPON ON POLICE OFFICER,34.0421,-118.2614,0
05/02/2020 12:00:00 AM,Newton,"ASSAULT WITH DEADLY WEAPON, AGGRAVATED ASSAULT",34.0139,-118.259,0
03/22/2020 12:00:00 AM,Rampart,THEFT PLAIN - PETTY ($950 & UNDER),34.0693,-118.2582,0
05/19/2020 12:00:00 AM,Rampart,BIKE - STOLEN,34.0818,-118.2929,0
01/09/2020 12:00:00 AM,Hollenbeck,VEHICLE - STOLEN,34.0476,-118.2252,0
08/09/2020 12:00:00 AM,Hollywood,BATTERY - SIMPLE ASSAULT,34.0934,-118.3025,0
09/03/2020 12:00:00 AM,Southwest,"ASSAULT WITH DEADLY WEAPON, AGGRAVATED ASSAULT",34.0111,-118.2827,0
06/21/2020 12:00:00 AM,77th Street,"VANDALISM - FELONY ($400 & OVER, ALL CHURCH VANDALISMS)",33.9637,-118.309,0
03/25/2020 12:00:00 AM,Newton,VEHICLE - STOLEN,34.0075,-118.2617,0
02/22/2020 12:00:00 AM,Van Nuys,SHOPLIFTING - PETTY THEFT ($950 & UNDER),34.1547,-118.453,0
07/01/2020 12:00:00 AM,Hollywood,"ASSAULT WITH DEADLY WEAPON, AGGRAVATED ASSAULT",34.103,-118.3225,0
06/27/2020 12:00:00 AM,Hollenbeck,"ASSAULT WITH DEADLY WEAPON, AGGRAVATED ASSAULT",34.0511,-118.2149,0
07/22/2020 12:00:00 AM,Rampart,"VANDALISM - FELONY ($400 & OVER, ALL CHURCH VANDALISMS)",34.0713,-118.2575,0
10/25/2020 12:00:00 AM,West LA,"ASSAULT WITH DEADLY WEAPON, AGGRAVATED ASSAULT",34.0463,-118.449,0
03/07/2020 12:00:00 AM,Southwest,BATTERY - SIMPLE ASSAULT,34.0215,-118.3524,0
01/15/2020 12:00:00 AM,Southwest,VEHICLE - STOLEN,34.0349,-118.3046,0
08/02/2020 12:00:00 AM,77th Street,VEHICLE - STOLEN,33.9931,-118.3309,0
06/05/2020 12:00:00 AM,Harbor,VEHICLE - STOLEN,33.8481,-118.3041,0
01/26/2020 12:00:00 AM,Newton,BATTERY - SIMPLE ASSAULT,33.9857,-118.2652,0
03/02/2020 12:00:00 AM,Van Nuys,THROWING OBJECT AT MOVING VEHICLE,34.2135,-118.4601,0
10/07/2020 12:00:00 AM,77th Street,BATTERY - SIMPLE ASSAULT,34.0006,-118.2948,0
08/01/2020 12:00:00 AM,Southwest,VIOLATION OF COURT ORDER,34.0062,-118.2857,0
02/29/2020 12:00:00 AM,77th Street,INTIMATE PARTNER - AGGRAVATED ASSAULT,33.9654,-118.2739,0
03/07/2020 12:00:00 AM,Central,BATTERY POLICE (SIMPLE),34.0515,-118.2424,0
01/10/2020 12:00:00 AM,West LA,"VANDALISM - FELONY ($400 & OVER, ALL CHURCH VANDALISMS)",34.0438,-118.456,0
01/22/2020 12:00:00 AM,Central,BURGLARY FROM VEHICLE,34.046,-118.2493,0
06/01/2020 12:00:00 AM,Hollywood,THEFT PLAIN - PETTY ($950 & UNDER),34.0944,-118.318,0
09/03/2020 12:00:00 AM,Hollywood,FAILURE TO YIELD,34.1016,-118.3267,0
05/30/2020 12:00:00 AM,Central,OTHER MISCELLANEOUS CRIME,34.0474,-118.2513,0
06/26/2020 12:00:00 AM,Wilshire,OTHER ASSAULT,34.0835,-118.3462,0
08/05/2020 12:00:00 AM,Hollywood,CONTRIBUTING,34.1039,-118.3318,0
08/02/2020 12:00:00 AM,West LA,VEHICLE - STOLEN,34.0431,-118.4512,0
05/18/2020 12:00:00 AM,Harbor,THEFT FROM MOTOR VEHICLE - PETTY ($950 & UNDER),33.7225,-118.2946,0
04/07/2020 12:00:00 AM,77th Street,VEHICLE - STOLEN,33.9527,-118.309,0
08/12/2020 12:00:00 AM,Central,INTIMATE PARTNER - SIMPLE ASSAULT,34.0454,-118.2422,0
03/29/2020 12:00:00 AM,Central,VIOLATION OF RESTRAINING ORDER,34.0502,-118.2539,0
09/07/2020 12:00:00 AM,77th Street,CONTEMPT OF COURT,33.9806,-118.2981,0
07/25/2020 12:00:00 AM,77th Street,INTIMATE PARTNER - AGGRAVATED ASSAULT,33.9739,-118.2722,0
12/17/2020 12:00:00 AM,Hollywood,BRANDISH WEAPON,34.0994,-118.3022,0
03/17/2020 12:00:00 AM,77th Street,HUMAN TRAFFICKING - COMMERCIAL SEX ACTS,34.001,-118.3089,0
01/08/2020 12:00:00 AM,West LA,BURGLARY,34.0501,-118.4144,0
05/03/2020 12:00:00 AM,West LA,SEXUAL PENETRATION W/FOREIGN OBJECT,34.0416,-118.3836,0
06/02/2020 12:00:00 AM,77th Street,BATTERY - SIMPLE ASSAULT,33.9797,-118.3309,0
10/20/2020 12:00:00 AM,77th Street,VEHICLE - STOLEN,34.0006,-118.289,0
02/16/2020 12:00:00 AM,West LA,"VANDALISM - FELONY ($400 & OVER, ALL CHURCH VANDALISMS)",34.0553,-118.3943,0
02/28/2020 12:00:00 AM,Van Nuys,BATTERY - SIMPLE ASSAULT,34.1994,-118.4624,0
02/23/2020 12:00:00 AM,Central,BURGLARY FROM VEHICLE,34.0387,-118.2611,0
02/28/2020 12:00:00 AM,Southwest,VEHICLE - STOLEN,34.0326,-118.3451,0
11/20/2020 12:00:00 AM,Northeast,VEHICLE - STOLEN,34.1157,-118.1912,0
11/17/2020 12:00:00 AM,West LA,THEFT PLAIN - PETTY ($950 & UNDER),34.0294,-118.4502,0
07/11/2020 12:00:00 AM,Van Nuys,INTIMATE PARTNER - SIMPLE ASSAULT,34.1509,-118.4487,0
03/04/2020 12:00:00 AM,West Valley,BURGLARY,34.1839,-118.5252,0
06/23/2020 12:00:00 AM,Southwest,INTIMATE PARTNER - AGGRAVATED ASSAULT,34.0268,-118.2808,0
10/06/2020 12:00:00 AM,Southwest,VEHICLE - STOLEN,34.0236,-118.3141,0
11/24/2020 12:00:00 AM,Wilshire,BATTERY WITH SEXUAL CONTACT,34.0768,-118.3806,0
07/30/2020 12:00:00 AM,Hollywood,BURGLARY FROM VEHICLE,34.0981,-118.3056,0
04/25/2020 12:00:00 AM,West Valley,BURGLARY FROM VEHICLE,34.1422,-118.5414,0
04/25/2020 12:00:00 AM,77th Street,INTIMATE PARTNER - SIMPLE ASSAULT,33.9684,-118.2813,0
10/18/2020 12:00:00 AM,Harbor,INTIMATE PARTNER - SIMPLE ASSAULT,33.7447,-118.2967,0
05/28/2020 12:00:00 AM,Central,"VANDALISM - FELONY ($400 & OVER, ALL CHURCH VANDALISMS)",34.0454,-118.2657,0
05/30/2020 12:00:00 AM,Wilshire,BURGLARY,34.073,-118.3509,0
08/14/2020 12:00:00 AM,West LA,THEFT OF IDENTITY,34.0334,-118.4231,0
12/10/2020 12:00:00 AM,West LA,VANDALISM - MISDEAMEANOR ($399 OR UNDER),34.1077,-118.4463,0
08/19/2020 12:00:00 AM,Central,BATTERY - SIMPLE ASSAULT,34.0437,-118.2518,0
05/19/2020 12:00:00 AM,Hollenbeck,VEHICLE - STOLEN,34.0581,-118.1938,0
02/04/2020 12:00:00 AM,Rampart,VEHICLE - STOLEN,34.0637,-118.2638,0
04/27/2020 12:00:00 AM,Hollenbeck,VEHICLE - STOLEN,34.051,-118.222,0
07/29/2020 12:00:00 AM,Hollywood,"THEFT-GRAND ($950.01 & OVER)EXCPT,GUNS,FOWL,LIVESTK,PROD",34.1016,-118.3387,0
05/30/2020 12:00:00 AM,Wilshire,BURGLARY,34.0761,-118.3658,0
11/06/2020 12:00:00 AM,Hollywood,"ASSAULT WITH DEADLY WEAPON, AGGRAVATED ASSAULT",34.0958,-118.3092,0
05/01/2020 12:00:00 AM,Southwest,"ASSAULT WITH DEADLY WEAPON, AGGRAVATED ASSAULT",34.0085,-118.3296,0
04/16/2020 12:00:00 AM,Wilshire,CRIMINAL THREATS - NO WEAPON DISPLAYED,34.079,-118.3273,0
08/14/2020 12:00:00 AM,Southwest,THEFT OF IDENTITY,34.0037,-118.3242,0
06/13/2020 12:00:00 AM,Wilshire,"VANDALISM - FELONY ($400 & OVER, ALL CHURCH VANDALISMS)",34.0719,-118.3637,0
06/16/2020 12:00:00 AM,Van Nuys,"VANDALISM - FELONY ($400 & OVER, ALL CHURCH VANDALISMS)",34.1976,-118.429,0
12/04/2020 12:00:00 AM,Central,BATTERY - SIMPLE ASSAULT,34.044,-118.2597,0
10/22/2020 12:00:00 AM,Southwest,THEFT PLAIN - PETTY ($950 & UNDER),34.0108,-118.3171,0
05/23/2020 12:00:00 AM,Southwest,SHOPLIFTING - PETTY THEFT ($950 & UNDER),34.0151,-118.3422,0
07/18/2020 12:00:00 AM,Harbor,"VANDALISM - FELONY ($400 & OVER, ALL CHURCH VANDALISMS)",33.7366,-118.2923,0
10/21/2020 12:00:00 AM,Southwest,BURGLARY,34.0203,-118.3467,0
09/25/2020 12:00:00 AM,Southwest,THEFT FROM MOTOR VEHICLE - PETTY ($950 & UNDER),34.0271,-118.3585,0
04/11/2020 12:00:00 AM,West Valley,THEFT PLAIN - PETTY ($950 & UNDER),34.1326,-118.479,0
09/10/2020 12:00:00 AM,West LA,BURGLARY,34.049,-118.4375,0
03/12/2020 12:00:00 AM,Hollywood,BURGLARY FROM VEHICLE,34.098,-118.3445,0
08/20/2020 12:00:00 AM,Van Nuys,"ASSAULT WITH DEADLY WEAPON, AGGRAVATED ASSAULT",34.1976,-118.4443,0
11/09/2020 12:00:00 AM,Van Nuys,"BURGLARY, ATTEMPTED",34.1509,-118.4487,0
02/19/2020 12:00:00 AM,Hollenbeck,DISCHARGE FIREARMS/SHOTS FIRED,34.041,-118.1947,0
07/29/2020 12:00:00 AM,Van Nuys,THEFT OF IDENTITY,34.1649,-118.4487,0
01/20/2020 12:00:00 AM,Hollenbeck,BURGLARY,34.0627,-118.1902,0
08/18/2020 12:00:00 AM,Harbor,ROBBERY,33.78,-118.2631,0
08/16/2020 12:00:00 AM,Rampart,OTHER ASSAULT,34.079,-118.2966,0
08/13/2020 12:00:00 AM,Rampart,CRIMINAL THREATS - NO WEAPON DISPLAYED,34.0519,-118.2624,0
03/02/2020 12:00:00 AM,Southwest,"VANDALISM - FELONY ($400 & OVER, ALL CHURCH VANDALISMS)",34.0109,-118.3112,0
10/28/2020 12:00:00 AM,Wilshire,ROBBERY,34.0662,-118.3506,0
09/17/2020 12:00:00 AM,Rampart,VANDALISM - MISDEAMEANOR ($399 OR UNDER),34.079,-118.2966,0
02/11/2020 12:00:00 AM,West Valley,ROBBERY,34.166,-118.5095,0
07/02/2020 12:00:00 AM,Hollywood,BRANDISH WEAPON,34.098,-118.342,0
05/30/2020 12:00:00 AM,Wilshire,ASSAULT WITH DEADLY WEAPON ON POLICE OFFICER,34.0761,-118.3626,0
05/19/2020 12:00:00 AM,Southwest,VEHICLE - STOLEN,34.0355,-118.3041,0
02/10/2020 12:00:00 AM,Central,"VANDALISM - FELONY ($400 & OVER, ALL CHURCH VANDALISMS)",34.0606,-118.2439,0
01/04/2020 12:00:00 AM,Rampart,BATTERY - SIMPLE ASSAULT,34.053,-118.2648,0
12/29/2020 12:00:00 AM,Rampart,BURGLARY,34.0669,-118.2632,0
03/18/2020 12:00:00 AM,Van Nuys,THEFT FROM MOTOR VEHICLE - PETTY ($950 & UNDER),34.174,-118.44,0
02/25/2020 12:00:00 AM,Hollywood,THEFT FROM MOTOR VEHICLE - GRAND ($950.01 AND OVER),34.1306,-118.3444,0
10/01/2020 12:00:00 AM,Southwest,"VANDALISM - FELONY ($400 & OVER, ALL CHURCH VANDALISMS)",34.0273,-118.3622,0
12/16/2020 12:00:00 AM,77th Street,CONTEMPT OF COURT,33.9823,-118.2981,0
12/02/2020 12:00:00 AM,Central,BURGLARY,34.0472,-118.2371,0
08/24/2020 12:00:00 AM,Harbor,THEFT FROM MOTOR VEHICLE - PETTY ($950 & UNDER),33.7774,-118.257,0
01/02/2020 12:00:00 AM,Southwest,VANDALISM - MISDEAMEANOR ($399 OR UNDER),34.0072,-118.3023,0
01/13/2020 12:00:00 AM,Northeast,THEFT FROM MOTOR VEHICLE - PETTY ($950 & UNDER),34.0991,-118.2696,0
04/24/2020 12:00:00 AM,77th Street,VEHICLE - STOLEN,33.9834,-118.3158,0
03/01/2020 12:00:00 AM,West Valley,THEFT FROM MOTOR VEHICLE - PETTY ($950 & UNDER),34.2085,-118.4771,0
02/10/2020 12:00:00 AM,West LA,BURGLARY,34.0354,-118.446,0
05/29/2020 12:00:00 AM,77th Street,THEFT FROM MOTOR VEHICLE - PETTY ($950 & UNDER),33.9845,-118.3396,0
11/07/2020 12:00:00 AM,West Valley,INTIMATE PARTNER - AGGRAVATED ASSAULT,34.1735,-118.5535,0
12/01/2020 12:00:00 AM,Wilshire,BURGLARY,34.061,-118.3619,0
04/17/2020 12:00:00 AM,West LA,THEFT PLAIN - PETTY ($950 & UNDER),34.0609,-118.4358,0
12/01/2020 12:00:00 AM,Rampart,INTIMATE PARTNER - AGGRAVATED ASSAULT,34.0657,-118.268,0
01/02/2020 12:00:00 AM,Hollenbeck,BATTERY - SIMPLE ASSAULT,34.0286,-118.2028,0
12/28/2020 12:00:00 AM,Northeast,"ASSAULT WITH DEADLY WEAPON, AGGRAVATED ASSAULT",34.106,-118.2565,0
08/23/2020 12:00:00 AM,Northeast,"THEFT, PERSON",34.0908,-118.2984,0
10/23/2020 12:00:00 AM,77th Street,THEFT PLAIN - PETTY ($950 & UNDER),33.9629,-118.2651,0
02/05/2020 12:00:00 AM,Northeast,VEHICLE - ATTEMPT STOLEN,34.0845,-118.2726,0
03/12/2020 12:00:00 AM,Central,ATTEMPTED ROBBERY,34.0587,-118.233,0
01/01/2020 12:00:00 AM,Rampart,BURGLARY,34.0709,-118.2635,0
06/09/2020 12:00:00 AM,Wilshire,TRESPASSING,34.0375,-118.3506,0
07/13/2020 12:00:00 AM,77th Street,BATTERY - SIMPLE ASSAULT,33.9818,-118.3279,0
03/25/2020 12:00:00 AM,77th Street,BURGLARY FROM VEHICLE,33.9824,-118.2807,0
02/29/2020 12:00:00 AM,Central,BOMB SCARE,34.0487,-118.2588,0
05/02/2020 12:00:00 AM,West Valley,CRIMINAL THREATS - NO WEAPON DISPLAYED,34.1975,-118.5317,0
12/17/2020 12:00:00 AM,Harbor,VEHICLE - STOLEN,33.8222,-118.3008,0
02/27/2020 12:00:00 AM,Central,BURGLARY FROM VEHICLE,34.0372,-118.2694,0
07/22/2020 12:00:00 AM,West Valley,"RAPE, FORCIBLE",34.1745,-118.5407,0
07/05/2020 12:00:00 AM,Wilshire,THEFT PLAIN - PETTY ($950 & UNDER),34.0782,-118.3695,0
05/15/2020 12:00:00 AM,West LA,TRESPASSING,34.0506,-118.4726,0
11/14/2020 12:00:00 AM,West LA,THEFT FROM MOTOR VEHICLE - GRAND ($950.01 AND OVER),34.0412,-118.3814,0
04/18/2020 12:00:00 AM,West LA,THEFT OF IDENTITY,34.0308,-118.4518,0
05/29/2020 12:00:00 AM,Central,"VANDALISM - FELONY ($400 & OVER, ALL CHURCH VANDALISMS)",34.0467,-118.252,0
10/16/2020 12:00:00 AM,West LA,BURGLARY,34.0353,-118.446,0
11/26/2020 12:00:00 AM,Southwest,VANDALISM - MISDEAMEANOR ($399 OR UNDER),34.0349,-118.2959,0
01/25/2020 12:00:00 AM,Hollywood,THEFT OF IDENTITY,34.0899,-118.3244,0
10/18/2020 12:00:00 AM,Southwest,CRIMINAL HOMICIDE,34.0239,-118.3351,0
04/23/2020 12:00:00 AM,77th Street,VANDALISM - MISDEAMEANOR ($399 OR UNDER),33.9746,-118.3177,0
04/02/2020 12:00:00 AM,Hollywood,THEFT FROM MOTOR VEHICLE - GRAND ($950.01 AND OVER),34.098,-118.349,0
07/07/2020 12:00:00 AM,West LA,BURGLARY FROM VEHICLE,34.1035,-118.4456,0
07/18/2020 12:00:00 AM,Rampart,BRANDISH WEAPON,34.0515,-118.2658,0
07/03/2020 12:00:00 AM,West LA,VANDALISM - MISDEAMEANOR ($399 OR UNDER),34.0389,-118.3796,0
01/15/2020 12:00:00 AM,Newton,ROBBERY,33.979,-118.2783,0
10/29/2020 12:00:00 AM,77th Street,CRIMINAL HOMICIDE,33.9624,-118.2907,0
10/05/2020 12:00:00 AM,Central,VEHICLE - STOLEN,34.0416,-118.244,0
02/05/2020 12:00:00 AM,Southwest,THEFT OF IDENTITY,34.0199,-118.3432,0
09/21/2020 12:00:00 AM,West LA,BATTERY WITH SEXUAL CONTACT,34.0405,-118.4633,0
06/11/2020 12:00:00 AM,Hollenbeck,"RAPE, FORCIBLE",34.0536,-118.2129,0
07/20/2020 12:00:00 AM,Harbor,THEFT FROM MOTOR VEHICLE - GRAND ($950.01 AND OVER),33.8466,-118.2992,0
01/16/2020 12:00:00 AM,77th Street,INTIMATE PARTNER - AGGRAVATED ASSAULT,33.9737,-118.2827,0
08/31/2020 12:00:00 AM,Southwest,BIKE - STOLEN,34.0246,-118.3032,0
01/29/2020 12:00:00 AM,West Valley,"LETTERS, LEWD  -  TELEPHONE CALLS, LEWD",34.2128,-118.5197,0
08/13/2020 12:00:00 AM,77th Street,BURGLARY,33.9638,-118.2629,0
12/05/2020 12:00:00 AM,Hollywood,INTIMATE PARTNER - AGGRAVATED ASSAULT,34.1043,-118.3718,0
09/07/2020 12:00:00 AM,Northeast,"VANDALISM - FELONY ($400 & OVER, ALL CHURCH VANDALISMS)",34.1092,-118.2713,0
04/08/2020 12:00:00 AM,Harbor,CRIMINAL THREATS - NO WEAPON DISPLAYED,33.7379,-118.2923,0
06/13/2020 12:00:00 AM,Hollywood,INTIMATE PARTNER - SIMPLE ASSAULT,34.1034,-118.3325,0
09/18/2020 12:00:00 AM,Hollywood,ROBBERY,34.1,-118.3113,0
05/31/2020 12:00:00 AM,West LA,BURGLARY,34.0424,-118.4305,0
11/01/2020 12:00:00 AM,Southwest,"ASSAULT WITH DEADLY WEAPON, AGGRAVATED ASSAULT",34.019,-118.2944,0
12/30/2020 12:00:00 AM,Van Nuys,BATTERY - SIMPLE ASSAULT,34.1721,-118.447,0
07/15/2020 12:00:00 AM,Van Nuys,"VANDALISM - FELONY ($400 & OVER, ALL CHURCH VANDALISMS)",34.1794,-118.416,0
06/16/2020 12:00:00 AM,Van Nuys,BATTERY - SIMPLE ASSAULT,34.147,-118.4249,0
09/17/2020 12:00:00 AM,77th Street,THEFT FROM MOTOR VEHICLE - GRAND ($950.01 AND OVER),33.979,-118.2821,0
08/31/2020 12:00:00 AM,77th Street,BATTERY - SIMPLE ASSAULT,33.9655,-118.3025,0
09/30/2020 12:00:00 AM,Hollywood,VEHICLE - STOLEN,34.0953,-118.3241,0
09/03/2020 12:00:00 AM,West LA,THEFT FROM MOTOR VEHICLE - GRAND ($950.01 AND OVER),34.0501,-118.4439,0
01/10/2020 12:00:00 AM,Northeast,TRESPASSING,34.0831,-118.2509,0
11/13/2020 12:00:00 AM,Rampart,BATTERY - SIMPLE ASSAULT,34.09,-118.2917,0
05/04/2020 12:00:00 AM,West Valley,THEFT OF IDENTITY,34.1775,-118.536,0
04/01/2020 12:00:00 AM,Southwest,SHOPLIFTING - PETTY THEFT ($950 & UNDER),34.0109,-118.3089,0
10/27/2020 12:00:00 AM,West LA,BURGLARY,34.0427,-118.4585,0
10/09/2020 12:00:00 AM,West Valley,VEHICLE - STOLEN,34.1921,-118.547,0
01/20/2020 12:00:00 AM,West LA,SHOPLIFTING - PETTY THEFT ($950 & UNDER),34.048,-118.5269,0
04/15/2020 12:00:00 AM,Northeast,BURGLARY,34.0935,-118.2866,0
09/07/2020 12:00:00 AM,Wilshire,BURGLARY,34.0522,-118.3494,0
05/30/2020 12:00:00 AM,Van Nuys,"ASSAULT WITH DEADLY WEAPON, AGGRAVATED ASSAULT",34.1867,-118.4574,0
12/02/2020 12:00:00 AM,West Valley,BURGLARY,34.2207,-118.541,0
06/14/2020 12:00:00 AM,West LA,THEFT OF IDENTITY,34.0571,-118.3794,0
05/02/2020 12:00:00 AM,Van Nuys,"ASSAULT WITH DEADLY WEAPON, AGGRAVATED ASSAULT",34.1903,-118.4574,0
12/26/2020 12:00:00 AM,Northeast,"ASSAULT WITH DEADLY WEAPON, AGGRAVATED ASSAULT",34.0906,-118.2117,0
11/25/2020 12:00:00 AM,West Valley,"ASSAULT WITH DEADLY WEAPON, AGGRAVATED ASSAULT",34.1577,-118.5045,0
05/01/2020 12:00:00 AM,Northeast,"ASSAULT WITH DEADLY WEAPON, AGGRAVATED ASSAULT",34.114,-118.1949,0
08/13/2020 12:00:00 AM,West LA,"THEFT-GRAND ($950.01 & OVER)EXCPT,GUNS,FOWL,LIVESTK,PROD",34.0497,-118.4448,0
06/19/2020 12:00:00 AM,Wilshire,BATTERY - SIMPLE ASSAULT,34.084,-118.3547,0
02/24/2020 12:00:00 AM,77th Street,THEFT PLAIN - PETTY ($950 & UNDER),33.9747,-118.2739,0
09/17/2020 12:00:00 AM,Northeast,THEFT FROM MOTOR VEHICLE - PETTY ($950 & UNDER),34.1096,-118.2884,0
01/27/2020 12:00:00 AM,West LA,BATTERY - SIMPLE ASSAULT,34.0381,-118.3975,0
10/13/2020 12:00:00 AM,Van Nuys,THEFT FROM MOTOR VEHICLE - PETTY ($950 & UNDER),34.1721,-118.4443,0
05/19/2020 12:00:00 AM,Southwest,ROBBERY,34.0187,-118.3166,0
07/25/2020 12:00:00 AM,Van Nuys,"EMBEZZLEMENT, GRAND THEFT ($950.01 & OVER)",34.1592,-118.439,0
07/21/2020 12:00:00 AM,Northeast,THEFT FROM MOTOR VEHICLE - PETTY ($950 & UNDER),34.0917,-118.2741,0
02/29/2020 12:00:00 AM,Newton,VEHICLE - STOLEN,34.0225,-118.2325,0
12/17/2020 12:00:00 AM,Hollywood,BURGLARY,34.1146,-118.3607,0
02/08/2020 12:00:00 AM,Harbor,"VANDALISM - FELONY ($400 & OVER, ALL CHURCH VANDALISMS)",33.7848,-118.2628,0
11/04/2020 12:00:00 AM,Hollywood,BURGLARY FROM VEHICLE,34.1054,-118.3764,0
02/17/2020 12:00:00 AM,West Valley,BURGLARY,34.1403,-118.5025,0
03/06/2020 12:00:00 AM,Harbor,BURGLARY,33.8472,-118.2904,0
04/01/2020 12:00:00 AM,Newton,VEHICLE - STOLEN,34.0011,-118.242,0
08/15/2020 12:00:00 AM,West LA,BURGLARY FROM VEHICLE,34.0436,-118.4208,0
01/15/2020 12:00:00 AM,West LA,INTIMATE PARTNER - AGGRAVATED ASSAULT,34.0617,-118.4446,0
12/29/2020 12:00:00 AM,77th Street,"ASSAULT WITH DEADLY WEAPON, AGGRAVATED ASSAULT",33.9737,-118.2827,0
10/05/2020 12:00:00 AM,Southwest,CHILD ABUSE (PHYSICAL) - SIMPLE ASSAULT,34.0303,-118.2874,0
05/26/2020 12:00:00 AM,Newton,BURGLARY,33.9832,-118.2631,0
10/24/2020 12:00:00 AM,77th Street,ROBBERY,33.9891,-118.2915,0
02/12/2020 12:00:00 AM,77th Street,VANDALISM - MISDEAMEANOR ($399 OR UNDER),33.9891,-118.2958,0
01/26/2020 12:00:00 AM,Southwest,THEFT PLAIN - PETTY ($950 & UNDER),34.0276,-118.3351,0
07/10/2020 12:00:00 AM,77th Street,INTIMATE PARTNER - AGGRAVATED ASSAULT,33.9891,-118.3264,0
06/24/2020 12:00:00 AM,Wilshire,VEHICLE - ATTEMPT STOLEN,34.0439,-118.3592,0
02/22/2020 12:00:00 AM,Wilshire,THEFT FROM MOTOR VEHICLE - GRAND ($950.01 AND OVER),34.055,-118.3733,0
07/04/2020 12:00:00 AM,Wilshire,INTIMATE PARTNER - SIMPLE ASSAULT,34.0467,-118.3371,0
06/21/2020 12:00:00 AM,Harbor,"ASSAULT WITH DEADLY WEAPON, AGGRAVATED ASSAULT",33.7768,-118.2674,0
04/25/2020 12:00:00 AM,77th Street,VANDALISM - MISDEAMEANOR ($399 OR UNDER),33.989,-118.3352,0
01/02/2020 12:00:00 AM,West Valley,CRIMINAL THREATS - NO WEAPON DISPLAYED,34.2048,-118.5535,0
11/22/2020 12:00:00 AM,West LA,VEHICLE - STOLEN,34.0386,-118.3786,0
06/09/2020 12:00:00 AM,Hollenbeck,VEHICLE - STOLEN,34.0467,-118.1984,0
01/02/2020 12:00:00 AM,Southwest,BATTERY - SIMPLE ASSAULT,34.0168,-118.3491,0
11/24/2020 12:00:00 AM,Central,BURGLARY FROM VEHICLE,34.0447,-118.2349,0
06/07/2020 12:00:00 AM,Central,BIKE - STOLEN,34.0519,-118.2531,0
03/17/2020 12:00:00 AM,West LA,THEFT PLAIN - PETTY ($950 & UNDER),34.057,-118.3966,0
11/08/2020 12:00:00 AM,West Valley,INTIMATE PARTNER - SIMPLE ASSAULT,34.1903,-118.5207,0
04/01/2020 12:00:00 AM,Newton,THEFT FROM MOTOR VEHICLE - PETTY ($950 & UNDER),34.035,-118.2478,0
02/19/2020 12:00:00 AM,Wilshire,SEX OFFENDER REGISTRANT OUT OF COMPLIANCE,34.0465,-118.3419,0
01/19/2020 12:00:00 AM,Newton,THEFT FROM MOTOR VEHICLE - PETTY ($950 & UNDER),34.0018,-118.2478,0
11/25/2020 12:00:00 AM,Wilshire,SHOPLIFTING - PETTY THEFT ($950 & UNDER),34.0485,-118.3334,0
09/19/2020 12:00:00 AM,Rampart,"ASSAULT WITH DEADLY WEAPON, AGGRAVATED ASSAULT",34.0778,-118.2659,0
03/05/2020 12:00:00 AM,Southwest,VEHICLE - STOLEN,34.0299,-118.3595,0
09/20/2020 12:00:00 AM,Southwest,"ASSAULT WITH DEADLY WEAPON, AGGRAVATED ASSAULT",34.0289,-118.3563,0
11/05/2020 12:00:00 AM,Southwest,BATTERY - SIMPLE ASSAULT,34.0306,-118.3653,0
11/07/2020 12:00:00 AM,Central,BATTERY - SIMPLE ASSAULT,34.0493,-118.2417,0
10/16/2020 12:00:00 AM,West LA,"THEFT-GRAND ($950.01 & OVER)EXCPT,GUNS,FOWL,LIVESTK,PROD",34.0525,-118.4708,0
05/29/2020 12:00:00 AM,Van Nuys,THEFT OF IDENTITY,34.1466,-118.462,0
04/04/2020 12:00:00 AM,Central,BATTERY - SIMPLE ASSAULT,34.0509,-118.2585,0
07/30/2020 12:00:00 AM,Van Nuys,VEHICLE - STOLEN,34.1907,-118.44,0
03/06/2020 12:00:00 AM,West LA,THEFT OF IDENTITY,34.0541,-118.4255,0
01/13/2020 12:00:00 AM,West Valley,BRANDISH WEAPON,34.1847,-118.5441,0
06/02/2020 12:00:00 AM,Wilshire,"ASSAULT WITH DEADLY WEAPON, AGGRAVATED ASSAULT",34.0531,-118.3437,0
07/21/2020 12:00:00 AM,Hollenbeck,VEHICLE - STOLEN,34.0345,-118.2172,0
07/17/2020 12:00:00 AM,Central,"VANDALISM - FELONY ($400 & OVER, ALL CHURCH VANDALISMS)",34.0449,-118.264,0
08/19/2020 12:00:00 AM,Southwest,BATTERY - SIMPLE ASSAULT,34.0173,-118.2987,0
11/13/2020 12:00:00 AM,Central,"ASSAULT WITH DEADLY WEAPON, AGGRAVATED ASSAULT",34.0467,-118.252,0
11/30/2020 12:00:00 AM,West Valley,THEFT FROM MOTOR VEHICLE - GRAND ($950.01 AND OVER),34.2193,-118.5492,0
05/06/2020 12:00:00 AM,Hollenbeck,VANDALISM - MISDEAMEANOR ($399 OR UNDER),34.0692,-118.2038,0
01/16/2020 12:00:00 AM,Van Nuys,THEFT FROM MOTOR VEHICLE - PETTY ($950 & UNDER),34.1867,-118.4575,0
01/17/2020 12:00:00 AM,Wilshire,VANDALISM - MISDEAMEANOR ($399 OR UNDER),34.0389,-118.3505,0
01/27/2020 12:00:00 AM,Northeast,VEHICLE - STOLEN,34.1301,-118.2188,0
09/16/2020 12:00:00 AM,Harbor,INTIMATE PARTNER - SIMPLE ASSAULT,33.707,-118.2885,0
10/01/2020 12:00:00 AM,West Valley,VEHICLE - STOLEN,34.1887,-118.5447,0
09/13/2020 12:00:00 AM,West Valley,"ASSAULT WITH DEADLY WEAPON, AGGRAVATED ASSAULT",34.2206,-118.4982,0
05/21/2020 12:00:00 AM,Southwest,CRIMINAL THREATS - NO WEAPON DISPLAYED,34.0057,-118.3278,0
12/05/2020 12:00:00 AM,West LA,BURGLARY,34.0468,-118.4678,0
04/04/2020 12:00:00 AM,Central,BATTERY - SIMPLE ASSAULT,34.0438,-118.2416,0
05/15/2020 12:00:00 AM,Northeast,THEFT FROM MOTOR VEHICLE - PETTY ($950 & UNDER),34.1074,-118.1902,0
08/12/2020 12:00:00 AM,Hollenbeck,"THEFT-GRAND ($950.01 & OVER)EXCPT,GUNS,FOWL,LIVESTK,PROD",34.0517,-118.2178,0
05/28/2020 12:00:00 AM,Northeast,THEFT OF IDENTITY,34.1239,-118.2005,0
06/10/2020 12:00:00 AM,Central,BATTERY - SIMPLE ASSAULT,34.0563,-118.2374,0
08/06/2020 12:00:00 AM,Central,BATTERY POLICE (SIMPLE),34.0515,-118.2424,0
02/27/2020 12:00:00 AM,77th Street,THEFT OF IDENTITY,33.9859,-118.298,0
08/09/2020 12:00:00 AM,Hollywood,"ASSAULT WITH DEADLY WEAPON, AGGRAVATED ASSAULT",34.0998,-118.3211,0
07/11/2020 12:00:00 AM,Hollywood,INTIMATE PARTNER - SIMPLE ASSAULT,34.0938,-118.3109,0
05/30/2020 12:00:00 AM,West LA,"THEFT-GRAND ($950.01 & OVER)EXCPT,GUNS,FOWL,LIVESTK,PROD",34.0425,-118.4464,0
05/23/2020 12:00:00 AM,West Valley,VEHICLE - STOLEN,34.2011,-118.4931,0
03/21/2020 12:00:00 AM,Northeast,BURGLARY FROM VEHICLE,34.118,-118.2707,0
04/29/2020 12:00:00 AM,Central,BATTERY - SIMPLE ASSAULT,34.0485,-118.2447,0
07/27/2020 12:00:00 AM,Hollywood,THEFT OF IDENTITY,34.0965,-118.3496,0
05/27/2020 12:00:00 AM,West LA,BURGLARY FROM VEHICLE,34.0495,-118.4609,0
11/28/2020 12:00:00 AM,Wilshire,THEFT PLAIN - PETTY ($950 & UNDER),34.0649,-118.3494,0
11/27/2020 12:00:00 AM,Rampart,ROBBERY,34.0473,-118.2701,0
03/16/2020 12:00:00 AM,77th Street,THEFT FROM MOTOR VEHICLE - PETTY ($950 & UNDER),33.9651,-118.2768,0
09/18/2020 12:00:00 AM,West LA,"RAPE, FORCIBLE",34.0605,-118.4374,0
02/03/2020 12:00:00 AM,West LA,THEFT PLAIN - PETTY ($950 & UNDER),34.0406,-118.4633,0
05/23/2020 12:00:00 AM,77th Street,VEHICLE - STOLEN,33.9564,-118.3036,0
12/12/2020 12:00:00 AM,Central,SODOMY/SEXUAL CONTACT B/W PENIS OF ONE PERS TO ANUS OTH,34.0493,-118.2417,0
03/09/2020 12:00:00 AM,77th Street,VANDALISM - MISDEAMEANOR ($399 OR UNDER),33.9711,-118.2629,0
01/30/2020 12:00:00 AM,77th Street,BURGLARY FROM VEHICLE,33.9883,-118.2849,0
11/13/2020 12:00:00 AM,Hollywood,THEFT FROM MOTOR VEHICLE - GRAND ($950.01 AND OVER),34.1084,-118.3213,0
11/17/2020 12:00:00 AM,Hollenbeck,"ASSAULT WITH DEADLY WEAPON, AGGRAVATED ASSAULT",34.0406,-118.2118,0
06/21/2020 12:00:00 AM,Rampart,ATTEMPTED ROBBERY,34.0529,-118.2776,0
05/20/2020 12:00:00 AM,77th Street,BURGLARY FROM VEHICLE,33.996,-118.2915,0
12/09/2020 12:00:00 AM,Hollenbeck,"VANDALISM - FELONY ($400 & OVER, ALL CHURCH VANDALISMS)",34.0188,-118.201,0
06/04/2020 12:00:00 AM,Central,VEHICLE - STOLEN,34.0363,-118.2672,0
02/01/2020 12:00:00 AM,Van Nuys,THEFT FROM MOTOR VEHICLE - GRAND ($950.01 AND OVER),34.1857,-118.4465,0
04/30/2020 12:00:00 AM,West Valley,BATTERY - SIMPLE ASSAULT,34.1976,-118.4749,0
09/22/2020 12:00:00 AM,Harbor,CRIMINAL THREATS - NO WEAPON DISPLAYED,33.8524,-118.2924,0
01/23/2020 12:00:00 AM,Wilshire,"VANDALISM - FELONY ($400 & OVER, ALL CHURCH VANDALISMS)",34.0481,-118.3504,0
08/14/2020 12:00:00 AM,Harbor,"ASSAULT WITH DEADLY WEAPON, AGGRAVATED ASSAULT",33.7826,-118.2678,0
05/14/2020 12:00:00 AM,Northeast,"VANDALISM - FELONY ($400 & OVER, ALL CHURCH VANDALISMS)",34.1117,-118.2992,0
11/30/2020 12:00:00 AM,Harbor,THEFT FROM MOTOR VEHICLE - GRAND ($950.01 AND OVER),33.8703,-118.2816,0
03/03/2020 12:00:00 AM,West LA,BATTERY POLICE (SIMPLE),34.0315,-118.4527,0
12/07/2020 12:00:00 AM,77th Street,ROBBERY,33.9756,-118.2827,0
11/19/2020 12:00:00 AM,Harbor,BATTERY - SIMPLE ASSAULT,33.7741,-118.2633,0
12/27/2020 12:00:00 AM,Hollywood,TRESPASSING,34.1081,-118.3636,0
08/12/2020 12:00:00 AM,77th Street,BURGLARY,33.9693,-118.285,0
02/10/2020 12:00:00 AM,Hollenbeck,"THEFT-GRAND ($950.01 & OVER)EXCPT,GUNS,FOWL,LIVESTK,PROD",34.0588,-118.2221,0
06/08/2020 12:00:00 AM,West Valley,BURGLARY FROM VEHICLE,34.1749,-118.5308,0
12/26/2020 12:00:00 AM,Hollenbeck,THEFT FROM MOTOR VEHICLE - PETTY ($950 & UNDER),34.078,-118.2181,0
09/16/2020 12:00:00 AM,Wilshire,BURGLARY,34.0472,-118.3201,0
10/23/2020 12:00:00 AM,Harbor,VEHICLE - STOLEN,33.7365,-118.2923,0
05/28/2020 12:00:00 AM,Wilshire,BURGLARY,34.0743,-118.3679,0
09/03/2020 12:00:00 AM,Harbor,INTIMATE PARTNER - SIMPLE ASSAULT,33.7433,-118.2882,0
05/20/2020 12:00:00 AM,77th Street,THEFT PLAIN - PETTY ($950 & UNDER),34.0001,-118.3113,0
12/06/2020 12:00:00 AM,77th Street,"VANDALISM - FELONY ($400 & OVER, ALL CHURCH VANDALISMS)",33.9624,-118.2673,0
12/29/2020 12:00:00 AM,West LA,"BURGLARY, ATTEMPTED",34.0608,-118.4454,0
06/07/2020 12:00:00 AM,Hollywood,BURGLARY,34.1052,-118.3194,0
06/29/2020 12:00:00 AM,Harbor,VEHICLE - STOLEN,33.8535,-118.2992,0
04/23/2020 12:00:00 AM,77th Street,OTHER ASSAULT,33.9828,-118.2892,0
06/26/2020 12:00:00 AM,Harbor,ASSAULT WITH DEADLY WEAPON ON POLICE OFFICER,33.7126,-118.2926,0
05/15/2020 12:00:00 AM,West Valley,"THEFT-GRAND ($950.01 & OVER)EXCPT,GUNS,FOWL,LIVESTK,PROD",34.1564,-118.5281,0
01/08/2020 12:00:00 AM,77th Street,VEHICLE - STOLEN,33.9892,-118.3046,0
07/21/2020 12:00:00 AM,77th Street,VEHICLE - STOLEN,33.9628,-118.2739,0
11/07/2020 12:00:00 AM,Central,BURGLARY FROM VEHICLE,34.0419,-118.2328,0
03/14/2020 12:00:00 AM,Southwest,SHOPLIFTING - PETTY THEFT ($950 & UNDER),34.0146,-118.313,0
10/11/2020 12:00:00 AM,Northeast,TRESPASSING,34.116,-118.2403,0
08/07/2020 12:00:00 AM,Southwest,"ASSAULT WITH DEADLY WEAPON, AGGRAVATED ASSAULT",34.0073,-118.3095,0
04/14/2020 12:00:00 AM,West Valley,THEFT FROM MOTOR VEHICLE - GRAND ($950.01 AND OVER),34.201,-118.5497,0
04/24/2020 12:00:00 AM,Hollywood,"ASSAULT WITH DEADLY WEAPON, AGGRAVATED ASSAULT",34.0998,-118.3211,0
03/27/2020 12:00:00 AM,Newton,INTIMATE PARTNER - SIMPLE ASSAULT,34.0276,-118.2299,0
11/07/2020 12:00:00 AM,Hollywood,BATTERY - SIMPLE ASSAULT,34.0959,-118.3805,0
04/11/2020 12:00:00 AM,Hollywood,THEFT FROM MOTOR VEHICLE - PETTY ($950 & UNDER),34.0944,-118.3223,0
07/08/2020 12:00:00 AM,Hollywood,BURGLARY,34.098,-118.3623,0
08/28/2020 12:00:00 AM,Van Nuys,"VANDALISM - FELONY ($400 & OVER, ALL CHURCH VANDALISMS)",34.1837,-118.4465,0
01/02/2020 12:00:00 AM,Southwest,CRIMINAL THREATS - NO WEAPON DISPLAYED,34.0355,-118.2965,0
03/08/2020 12:00:00 AM,Hollywood,"THEFT-GRAND ($950.01 & OVER)EXCPT,GUNS,FOWL,LIVESTK,PROD",34.1017,-118.3224,0
10/16/2020 12:00:00 AM,Northeast,VIOLATION OF RESTRAINING ORDER,34.0917,-118.2741,0
06/27/2020 12:00:00 AM,Van Nuys,THEFT FROM MOTOR VEHICLE - PETTY ($950 & UNDER),34.1776,-118.4378,0
02/27/2020 12:00:00 AM,Southwest,OTHER MISCELLANEOUS CRIME,34.006,-118.3315,0
02/02/2020 12:00:00 AM,Hollywood,"THEFT-GRAND ($950.01 & OVER)EXCPT,GUNS,FOWL,LIVESTK,PROD",34.1016,-118.3361,0
09/30/2020 12:00:00 AM,Harbor,VEHICLE - STOLEN,33.7361,-118.3082,0
10/17/2020 12:00:00 AM,77th Street,"RAPE, FORCIBLE",33.9842,-118.2856,0
02/12/2020 12:00:00 AM,West LA,VANDALISM - MISDEAMEANOR ($399 OR UNDER),34.0455,-118.4489,0
02/11/2020 12:00:00 AM,Hollywood,TRESPASSING,34.1333,-118.3438,0
09/18/2020 12:00:00 AM,Central,SEXUAL PENETRATION W/FOREIGN OBJECT,34.0607,-118.2494,0
03/12/2020 12:00:00 AM,Wilshire,THEFT OF IDENTITY,34.0762,-118.3441,0
04/30/2020 12:00:00 AM,Northeast,BURGLARY,34.1062,-118.2901,0
09/20/2020 12:00:00 AM,Van Nuys,CHILD ABUSE (PHYSICAL) - SIMPLE ASSAULT,34.1538,-118.4662,0
08/20/2020 12:00:00 AM,Hollenbeck,THEFT FROM MOTOR VEHICLE - GRAND ($950.01 AND OVER),34.0689,-118.1878,0
11/04/2020 12:00:00 AM,West LA,THEFT FROM MOTOR VEHICLE - GRAND ($950.01 AND OVER),34.1032,-118.4058,0
09/21/2020 12:00:00 AM,West Valley,BURGLARY,34.2084,-118.5012,0
07/03/2020 12:00:00 AM,Van Nuys,BURGLARY FROM VEHICLE,34.1423,-118.4396,0
01/16/2020 12:00:00 AM,Southwest,THEFT FROM MOTOR VEHICLE - PETTY ($950 & UNDER),34.0146,-118.3204,0
03/26/2020 12:00:00 AM,Hollywood,CRIMINAL THREATS - NO WEAPON DISPLAYED,34.1052,-118.3375,0
04/05/2020 12:00:00 AM,Hollenbeck,VEHICLE - STOLEN,34.0375,-118.2137,0
03/16/2020 12:00:00 AM,Central,BURGLARY,34.0563,-118.2374,0
08/25/2020 12:00:00 AM,Hollenbeck,"BURGLARY, ATTEMPTED",34.0253,-118.2224,0
03/24/2020 12:00:00 AM,Northeast,INTIMATE PARTNER - SIMPLE ASSAULT,34.0878,-118.2151,0
01/18/2020 12:00:00 AM,Hollenbeck,THEFT FROM MOTOR VEHICLE - PETTY ($950 & UNDER),34.0376,-118.2166,0
08/08/2020 12:00:00 AM,Wilshire,THEFT PLAIN - PETTY ($950 & UNDER),34.0721,-118.3733,0
04/04/2020 12:00:00 AM,Hollenbeck,"THEFT-GRAND ($950.01 & OVER)EXCPT,GUNS,FOWL,LIVESTK,PROD",34.0239,-118.2034,0
07/04/2020 12:00:00 AM,Hollywood,BATTERY - SIMPLE ASSAULT,34.098,-118.3266,0
01/31/2020 12:00:00 AM,Harbor,HUMAN TRAFFICKING - COMMERCIAL SEX ACTS,33.8561,-118.3035,0
07/23/2020 12:00:00 AM,Van Nuys,VEHICLE - STOLEN,34.1836,-118.4355,0
05/28/2020 12:00:00 AM,West LA,ROBBERY,34.0372,-118.4261,0
04/06/2020 12:00:00 AM,Van Nuys,THEFT FROM MOTOR VEHICLE - PETTY ($950 & UNDER),34.2048,-118.4659,0
05/17/2020 12:00:00 AM,Hollenbeck,THEFT FROM MOTOR VEHICLE - GRAND ($950.01 AND OVER),34.0256,-118.1961,0
04/07/2020 12:00:00 AM,77th Street,VEHICLE - STOLEN,33.9718,-118.3035,0
04/05/2020 12:00:00 AM,Hollenbeck,BATTERY - SIMPLE ASSAULT,34.0919,-118.1721,0
10/04/2020 12:00:00 AM,Van Nuys,DISTURBING THE PEACE,34.1443,-118.4366,0
01/09/2020 12:00:00 AM,Harbor,VEHICLE - STOLEN,33.7388,-118.2835,0
02/04/2020 12:00:00 AM,Newton,THEFT FROM MOTOR VEHICLE - PETTY ($950 & UNDER),34.001,-118.274,0
05/17/2020 12:00:00 AM,West LA,BIKE - STOLEN,34.0515,-118.4692,0
03/25/2020 12:00:00 AM,Hollywood,THEFT PLAIN - ATTEMPT,34.1016,-118.3361,0
09/20/2020 12:00:00 AM,Wilshire,BURGLARY FROM VEHICLE,34.0747,-118.3563,0
09/12/2020 12:00:00 AM,Hollywood,ROBBERY,34.0907,-118.3266,0
02/05/2020 12:00:00 AM,Central,BATTERY - SIMPLE ASSAULT,34.039,-118.24,0
07/06/2020 12:00:00 AM,77th Street,"ASSAULT WITH DEADLY WEAPON, AGGRAVATED ASSAULT",33.9688,-118.2684,0
08/28/2020 12:00:00 AM,77th Street,CRM AGNST CHLD (13 OR UNDER) (14-15 & SUSP 10 YRS OLDER),33.9659,-118.2783,0
05/25/2020 12:00:00 AM,Northeast,"VANDALISM - FELONY ($400 & OVER, ALL CHURCH VANDALISMS)",34.1448,-118.2271,0
01/24/2020 12:00:00 AM,Hollywood,THEFT PLAIN - PETTY ($950 & UNDER),34.0981,-118.3071,0
07/11/2020 12:00:00 AM,West LA,BIKE - STOLEN,34.0489,-118.4706,0
04/14/2020 12:00:00 AM,Rampart,BURGLARY,34.0706,-118.2793,0
03/04/2020 12:00:00 AM,Northeast,"VANDALISM - FELONY ($400 & OVER, ALL CHURCH VANDALISMS)",34.1155,-118.1977,0
01/17/2020 12:00:00 AM,West Valley,THEFT OF IDENTITY,34.1567,-118.4858,0
12/08/2020 12:00:00 AM,Hollywood,"BUNCO, GRAND THEFT",34.1001,-118.3043,0
08/07/2020 12:00:00 AM,Hollywood,THEFT PLAIN - PETTY ($950 & UNDER),34.1046,-118.3489,0
06/08/2020 12:00:00 AM,Wilshire,SHOPLIFTING - PETTY THEFT ($950 & UNDER),34.0665,-118.3662,0
05/18/2020 12:00:00 AM,Southwest,VEHICLE - STOLEN,34.0307,-118.3652,0
04/06/2020 12:00:00 AM,Northeast,BURGLARY FROM VEHICLE,34.0824,-118.2704,0
12/05/2020 12:00:00 AM,Hollenbeck,VEHICLE - STOLEN,34.037,-118.2157,0
07/06/2020 12:00:00 AM,77th Street,BATTERY WITH SEXUAL CONTACT,33.9619,-118.2673,0
06/07/2020 12:00:00 AM,West LA,SHOPLIFTING - PETTY THEFT ($950 & UNDER),34.0314,-118.3998,0
09/27/2020 12:00:00 AM,Rampart,BURGLARY FROM VEHICLE,34.0732,-118.2745,0
02/05/2020 12:00:00 AM,Newton,BURGLARY FROM VEHICLE,34.0102,-118.2633,0
06/19/2020 12:00:00 AM,Central,VEHICLE - STOLEN,34.0374,-118.2406,0
01/14/2020 12:00:00 AM,Newton,"VANDALISM - FELONY ($400 & OVER, ALL CHURCH VANDALISMS)",34.0258,-118.2681,0
06/26/2020 12:00:00 AM,Van Nuys,INTIMATE PARTNER - SIMPLE ASSAULT,34.2012,-118.4361,0
03/02/2020 12:00:00 AM,Wilshire,ROBBERY,34.0623,-118.3462,0
05/29/2020 12:00:00 AM,Van Nuys,SODOMY/SEXUAL CONTACT B/W PENIS OF ONE PERS TO ANUS OTH,34.2066,-118.4706,0
12/17/2020 12:00:00 AM,West Valley,BURGLARY,34.2022,-118.5042,0
10/05/2020 12:00:00 AM,Northeast,BURGLARY,34.1098,-118.3039,0
03/08/2020 12:00:00 AM,Wilshire,BURGLARY,34.0715,-118.3764,0
09/28/2020 12:00:00 AM,West LA,THEFT OF IDENTITY,34.0476,-118.3986,0
10/19/2020 12:00:00 AM,Van Nuys,SHOPLIFTING-GRAND THEFT ($950.01 & OVER),34.1531,-118.4487,0
01/27/2020 12:00:00 AM,Central,"VANDALISM - FELONY ($400 & OVER, ALL CHURCH VANDALISMS)",34.0364,-118.2603,0
03/14/2020 12:00:00 AM,77th Street,BRANDISH WEAPON,33.973,-118.2696,0
09/25/2020 12:00:00 AM,Southwest,INTIMATE PARTNER - AGGRAVATED ASSAULT,34.0072,-118.3201,0
08/24/2020 12:00:00 AM,Harbor,BURGLARY,33.7387,-118.2814,0
01/13/2020 12:00:00 AM,Southwest,SHOPLIFTING - PETTY THEFT ($950 & UNDER),34.0074,-118.285,0
01/13/2020 12:00:00 AM,Southwest,"THEFT-GRAND ($950.01 & OVER)EXCPT,GUNS,FOWL,LIVESTK,PROD",34.0203,-118.2852,0
07/04/2020 12:00:00 AM,Hollenbeck,VEHICLE - STOLEN,34.0478,-118.2277,0
01/25/2020 12:00:00 AM,West LA,THEFT PLAIN - PETTY ($950 & UNDER),34.0423,-118.4656,0
08/27/2020 12:00:00 AM,77th Street,SHOTS FIRED AT INHABITED DWELLING,33.9923,-118.287,0
09/20/2020 12:00:00 AM,Northeast,THEFT PLAIN - PETTY ($950 & UNDER),34.1136,-118.2775,0
12/11/2020 12:00:00 AM,Central,VEHICLE - STOLEN,34.0426,-118.2528,0
05/16/2020 12:00:00 AM,West LA,BURGLARY FROM VEHICLE,34.0584,-118.4247,0
01/13/2020 12:00:00 AM,Harbor,ATTEMPTED ROBBERY,33.7815,-118.2667,0
02/13/2020 12:00:00 AM,Northeast,BURGLARY,34.1075,-118.197,0
07/29/2020 12:00:00 AM,Wilshire,BURGLARY,34.0853,-118.3374,0
01/31/2020 12:00:00 AM,77th Street,THEFT FROM MOTOR VEHICLE - PETTY ($950 & UNDER),33.9632,-118.2803,0
08/17/2020 12:00:00 AM,Rampart,"ASSAULT WITH DEADLY WEAPON, AGGRAVATED ASSAULT",34.0517,-118.2798,0
12/13/2020 12:00:00 AM,77th Street,THEFT PLAIN - PETTY ($950 & UNDER),33.9939,-118.3089,0
11/06/2020 12:00:00 AM,77th Street,"VANDALISM - FELONY ($400 & OVER, ALL CHURCH VANDALISMS)",33.9937,-118.3193,0
09/25/2020 12:00:00 AM,West LA,THEFT PLAIN - PETTY ($950 & UNDER),34.0325,-118.4237,0
11/26/2020 12:00:00 AM,Hollenbeck,BURGLARY,34.0575,-118.1932,0
04/19/2020 12:00:00 AM,Harbor,"VANDALISM - FELONY ($400 & OVER, ALL CHURCH VANDALISMS)",33.7905,-118.28,0
06/16/2020 12:00:00 AM,Northeast,THEFT FROM MOTOR VEHICLE - PETTY ($950 & UNDER),34.0932,-118.2407,0
01/29/2020 12:00:00 AM,Southwest,VEHICLE - STOLEN,34.0037,-118.3023,0
06/12/2020 12:00:00 AM,Southwest,"ASSAULT WITH DEADLY WEAPON, AGGRAVATED ASSAULT",34.0336,-118.3441,0
12/29/2020 12:00:00 AM,Wilshire,BATTERY - SIMPLE ASSAULT,34.0728,-118.3656,0
10/30/2020 12:00:00 AM,Rampart,"VANDALISM - FELONY ($400 & OVER, ALL CHURCH VANDALISMS)",34.0472,-118.2782,0
07/17/2020 12:00:00 AM,Rampart,THEFT PLAIN - PETTY ($950 & UNDER),34.0846,-118.2892,0
07/28/2020 12:00:00 AM,77th Street,CRIMINAL THREATS - NO WEAPON DISPLAYED,34.0038,-118.282,0
02/01/2020 12:00:00 AM,77th Street,BATTERY - SIMPLE ASSAULT,33.9747,-118.2849,0
03/16/2020 12:00:00 AM,Southwest,"VANDALISM - FELONY ($400 & OVER, ALL CHURCH VANDALISMS)",34.0025,-118.3269,0
07/01/2020 12:00:00 AM,Southwest,BATTERY - SIMPLE ASSAULT,34.0231,-118.2915,0
04/29/2020 12:00:00 AM,Southwest,"VANDALISM - FELONY ($400 & OVER, ALL CHURCH VANDALISMS)",34.0116,-118.3412,0
08/01/2020 12:00:00 AM,77th Street,ROBBERY,34.0007,-118.2827,0
01/03/2020 12:00:00 AM,Southwest,INTIMATE PARTNER - SIMPLE ASSAULT,34.0055,-118.2915,0
04/18/2020 12:00:00 AM,Northeast,THEFT PLAIN - PETTY ($950 & UNDER),34.1367,-118.2713,0
08/13/2020 12:00:00 AM,Hollenbeck,THEFT PLAIN - PETTY ($950 & UNDER),34.0617,-118.2044,0
06/21/2020 12:00:00 AM,Central,BURGLARY FROM VEHICLE,34.0467,-118.247,0
06/12/2020 12:00:00 AM,77th Street,OTHER ASSAULT,33.9628,-118.2717,0
09/12/2020 12:00:00 AM,Northeast,THEFT FROM MOTOR VEHICLE - GRAND ($950.01 AND OVER),34.1395,-118.2163,0
12/23/2020 12:00:00 AM,Hollywood,THEFT PLAIN - PETTY ($950 & UNDER),34.1007,-118.3494,0
10/17/2020 12:00:00 AM,77th Street,BURGLARY,33.9654,-118.2717,0
08/10/2020 12:00:00 AM,77th Street,DISCHARGE FIREARMS/SHOTS FIRED,33.9505,-118.3101,0
05/26/2020 12:00:00 AM,Central,BURGLARY FROM VEHICLE,34.0373,-118.2727,0
07/24/2020 12:00:00 AM,Harbor,VANDALISM - MISDEAMEANOR ($399 OR UNDER),33.8355,-118.3077,0
02/13/2020 12:00:00 AM,Hollywood,THEFT FROM MOTOR VEHICLE - PETTY ($950 & UNDER),34.1197,-118.317,0
11/02/2020 12:00:00 AM,Northeast,VEHICLE - STOLEN,34.1093,-118.1879,0
11/15/2020 12:00:00 AM,West LA,"VANDALISM - FELONY ($400 & OVER, ALL CHURCH VANDALISMS)",34.0604,-118.4684,0
07/07/2020 12:00:00 AM,Northeast,"VANDALISM - FELONY ($400 & OVER, ALL CHURCH VANDALISMS)",34.0782,-118.2663,0
04/06/2020 12:00:00 AM,Newton,"ASSAULT WITH DEADLY WEAPON, AGGRAVATED ASSAULT",34.0038,-118.2783,0
01/20/2020 12:00:00 AM,Hollywood,SHOPLIFTING - PETTY THEFT ($950 & UNDER),34.0981,-118.3113,0
10/01/2020 12:00:00 AM,Harbor,SHOPLIFTING-GRAND THEFT ($950.01 & OVER),33.7639,-118.2934,0
12/19/2020 12:00:00 AM,West LA,THEFT FROM MOTOR VEHICLE - GRAND ($950.01 AND OVER),34.046,-118.5593,0
03/16/2020 12:00:00 AM,Wilshire,BURGLARY,34.0622,-118.3429,0
01/07/2020 12:00:00 AM,77th Street,"THEFT-GRAND ($950.01 & OVER)EXCPT,GUNS,FOWL,LIVESTK,PROD",33.9689,-118.2739,0
12/26/2020 12:00:00 AM,Central,VANDALISM - MISDEAMEANOR ($399 OR UNDER),34.0449,-118.2458,0
10/05/2020 12:00:00 AM,Central,ROBBERY,34.0435,-118.2427,0
04/13/2020 12:00:00 AM,West LA,BIKE - STOLEN,34.0515,-118.441,0
07/21/2020 12:00:00 AM,Rampart,THEFT FROM MOTOR VEHICLE - PETTY ($950 & UNDER),34.0818,-118.2856,0
09/21/2020 12:00:00 AM,Wilshire,"THEFT-GRAND ($950.01 & OVER)EXCPT,GUNS,FOWL,LIVESTK,PROD",34.0734,-118.3765,0
10/10/2020 12:00:00 AM,Central,VEHICLE - STOLEN,34.0533,-118.2561,0
10/24/2020 12:00:00 AM,West Valley,INTIMATE PARTNER - SIMPLE ASSAULT,34.1976,-118.5415,0
07/01/2020 12:00:00 AM,Van Nuys,THEFT OF IDENTITY,34.1985,-118.4488,0
12/01/2020 12:00:00 AM,Hollywood,ATTEMPTED ROBBERY,34.1034,-118.349,0
10/02/2020 12:00:00 AM,Wilshire,BATTERY - SIMPLE ASSAULT,34.073,-118.3838,0
07/28/2020 12:00:00 AM,Northeast,BURGLARY FROM VEHICLE,34.1174,-118.307,0
05/14/2020 12:00:00 AM,Rampart,ROBBERY,34.0534,-118.2745,0
05/18/2020 12:00:00 AM,Hollywood,INTIMATE PARTNER - SIMPLE ASSAULT,34.1042,-118.3383,0
04/01/2020 12:00:00 AM,Wilshire,BATTERY - SIMPLE ASSAULT,34.0353,-118.3605,0
05/15/2020 12:00:00 AM,Rampart,BURGLARY FROM VEHICLE,34.0621,-118.2747,0
02/01/2020 12:00:00 AM,Central,"THEFT-GRAND ($950.01 & OVER)EXCPT,GUNS,FOWL,LIVESTK,PROD",34.0454,-118.236,0
03/11/2020 12:00:00 AM,Wilshire,VEHICLE - STOLEN,34.0512,-118.3195,0
02/08/2020 12:00:00 AM,Northeast,BATTERY - SIMPLE ASSAULT,34.1133,-118.2443,0
01/30/2020 12:00:00 AM,West Valley,VEHICLE - ATTEMPT STOLEN,34.2148,-118.5404,0
01/11/2020 12:00:00 AM,Southwest,"VANDALISM - FELONY ($400 & OVER, ALL CHURCH VANDALISMS)",34.0328,-118.2981,0
03/07/2020 12:00:00 AM,Hollywood,BATTERY - SIMPLE ASSAULT,34.1036,-118.3049,0
12/07/2020 12:00:00 AM,Northeast,BIKE - STOLEN,34.1191,-118.1952,0
09/29/2020 12:00:00 AM,Southwest,THEFT PLAIN - PETTY ($950 & UNDER),34.0146,-118.3057,0
03/27/2020 12:00:00 AM,Hollenbeck,BURGLARY FROM VEHICLE,34.0578,-118.205,0
03/18/2020 12:00:00 AM,Harbor,"ASSAULT WITH DEADLY WEAPON, AGGRAVATED ASSAULT",33.7361,-118.2968,0
03/15/2020 12:00:00 AM,Central,VEHICLE - STOLEN,34.0462,-118.2585,0
12/02/2020 12:00:00 AM,Van Nuys,VANDALISM - MISDEAMEANOR ($399 OR UNDER),34.1557,-118.4661,0
10/29/2020 12:00:00 AM,Southwest,BATTERY - SIMPLE ASSAULT,34.0274,-118.2765,0
05/03/2020 12:00:00 AM,Hollywood,"VANDALISM - FELONY ($400 & OVER, ALL CHURCH VANDALISMS)",34.0908,-118.3244,0
12/09/2020 12:00:00 AM,Wilshire,BURGLARY,34.087,-118.3743,0
02/10/2020 12:00:00 AM,77th Street,"ASSAULT WITH DEADLY WEAPON, AGGRAVATED ASSAULT",33.9806,-118.3309,0
04/30/2020 12:00:00 AM,West Valley,OTHER MISCELLANEOUS CRIME,34.1863,-118.5578,0
12/25/2020 12:00:00 AM,Central,"THEFT-GRAND ($950.01 & OVER)EXCPT,GUNS,FOWL,LIVESTK,PROD",34.0437,-118.2582,0
02/26/2020 12:00:00 AM,Southwest,VEHICLE - STOLEN,34.0037,-118.3294,0
01/31/2020 12:00:00 AM,77th Street,BURGLARY FROM VEHICLE,33.9602,-118.2629,0
06/26/2020 12:00:00 AM,Wilshire,"THEFT-GRAND ($950.01 & OVER)EXCPT,GUNS,FOWL,LIVESTK,PROD",34.0782,-118.3573,0
11/13/2020 12:00:00 AM,Central,INTIMATE PARTNER - AGGRAVATED ASSAULT,34.058,-118.242,0
12/19/2020 12:00:00 AM,Northeast,"ASSAULT WITH DEADLY WEAPON, AGGRAVATED ASSAULT",34.1162,-118.2376,0
11/22/2020 12:00:00 AM,Southwest,BATTERY - SIMPLE ASSAULT,34.0321,-118.3596,0
01/02/2020 12:00:00 AM,Van Nuys,BATTERY - SIMPLE ASSAULT,34.1513,-118.4509,0
11/08/2020 12:00:00 AM,Harbor,SHOTS FIRED AT INHABITED DWELLING,33.737,-118.2818,0
01/10/2020 12:00:00 AM,Hollywood,BATTERY - SIMPLE ASSAULT,34.098,-118.3223,0
03/24/2020 12:00:00 AM,Northeast,"LETTERS, LEWD  -  TELEPHONE CALLS, LEWD",34.1177,-118.2441,0
11/29/2020 12:00:00 AM,West Valley,PROWLER,34.1685,-118.5659,0
03/26/2020 12:00:00 AM,Harbor,"BURGLARY FROM VEHICLE, ATTEMPTED",33.7486,-118.3011,0
04/08/2020 12:00:00 AM,Rampart,BURGLARY FROM VEHICLE,34.0619,-118.2702,0
05/14/2020 12:00:00 AM,West Valley,OTHER MISCELLANEOUS CRIME,34.1903,-118.5317,0
02/20/2020 12:00:00 AM,Southwest,THEFT FROM MOTOR VEHICLE - PETTY ($950 & UNDER),34.0326,-118.335,0
06/24/2020 12:00:00 AM,Northeast,ROBBERY,34.0931,-118.2983,0
07/20/2020 12:00:00 AM,Southwest,SEXUAL PENETRATION W/FOREIGN OBJECT,34.0238,-118.3669,0
07/21/2020 12:00:00 AM,Harbor,VEHICLE - STOLEN,33.7869,-118.2778,0
05/05/2020 12:00:00 AM,Southwest,TRESPASSING,34.0308,-118.3529,0
12/12/2020 12:00:00 AM,Wilshire,"VANDALISM - FELONY ($400 & OVER, ALL CHURCH VANDALISMS)",34.0847,-118.3686,0
09/25/2020 12:00:00 AM,Hollenbeck,VEHICLE - STOLEN,34.0791,-118.1623,0
05/09/2020 12:00:00 AM,Harbor,VIOLATION OF RESTRAINING ORDER,33.7977,-118.2773,0
10/22/2020 12:00:00 AM,Hollywood,THEFT FROM MOTOR VEHICLE - GRAND ($950.01 AND OVER),34.0899,-118.3067,0
02/20/2020 12:00:00 AM,Hollywood,"VANDALISM - FELONY ($400 & OVER, ALL CHURCH VANDALISMS)",34.1,-118.3113,0
12/21/2020 12:00:00 AM,Wilshire,INTIMATE PARTNER - SIMPLE ASSAULT,34.0465,-118.3419,0
02/25/2020 12:00:00 AM,Wilshire,"VANDALISM - FELONY ($400 & OVER, ALL CHURCH VANDALISMS)",34.0782,-118.3695,0
09/28/2020 12:00:00 AM,Central,"EMBEZZLEMENT, GRAND THEFT ($950.01 & OVER)",34.0476,-118.2615,0
10/02/2020 12:00:00 AM,Rampart,INTIMATE PARTNER - SIMPLE ASSAULT,34.0887,-118.2892,0
05/04/2020 12:00:00 AM,Hollywood,BURGLARY FROM VEHICLE,34.0938,-118.3136,0
11/08/2020 12:00:00 AM,Rampart,BATTERY - SIMPLE ASSAULT,34.0593,-118.275,0
06/14/2020 12:00:00 AM,Wilshire,LEWD CONDUCT,34.0761,-118.3766,0
05/08/2020 12:00:00 AM,Southwest,VEHICLE - STOLEN,34.0347,-118.2809,0
07/20/2020 12:00:00 AM,77th Street,"ASSAULT WITH DEADLY WEAPON, AGGRAVATED ASSAULT",33.9746,-118.2871,0
05/04/2020 12:00:00 AM,Central,OTHER ASSAULT,34.0512,-118.252,0
07/11/2020 12:00:00 AM,West Valley,DISTURBING THE PEACE,34.2208,-118.5323,0
04/16/2020 12:00:00 AM,77th Street,INTIMATE PARTNER - SIMPLE ASSAULT,33.9601,-118.2717,0
07/31/2020 12:00:00 AM,Southwest,VEHICLE - STOLEN,34.0078,-118.335,0
04/10/2020 12:00:00 AM,Newton,BATTERY - SIMPLE ASSAULT,34.0068,-118.2496,0
04/11/2020 12:00:00 AM,Rampart,CRIMINAL THREATS - NO WEAPON DISPLAYED,34.0756,-118.2683,0
07/23/2020 12:00:00 AM,West LA,THEFT OF IDENTITY,34.0382,-118.4484,0
11/19/2020 12:00:00 AM,Hollywood,BURGLARY FROM VEHICLE,34.098,-118.3237,0
10/20/2020 12:00:00 AM,Wilshire,THEFT PLAIN - PETTY ($950 & UNDER),34.0853,-118.3406,0
11/30/2020 12:00:00 AM,Central,ROBBERY,34.0421,-118.2469,0
04/03/2020 12:00:00 AM,Central,THEFT FROM MOTOR VEHICLE - GRAND ($950.01 AND OVER),34.0338,-118.2585,0
05/16/2020 12:00:00 AM,77th Street,VANDALISM - MISDEAMEANOR ($399 OR UNDER),33.9636,-118.3068,0
06/25/2020 12:00:00 AM,Rampart,VEHICLE - STOLEN,34.0703,-118.268,0
02/16/2020 12:00:00 AM,Newton,CHILD ANNOYING (17YRS & UNDER),34.0111,-118.274,0
09/27/2020 12:00:00 AM,Northeast,THEFT PLAIN - ATTEMPT,34.0925,-118.2622,0
10/06/2020 12:00:00 AM,Hollenbeck,VEHICLE - STOLEN,34.0889,-118.2,0
10/08/2020 12:00:00 AM,West LA,"ASSAULT WITH DEADLY WEAPON, AGGRAVATED ASSAULT",34.0401,-118.3841,0
06/20/2020 12:00:00 AM,Rampart,BATTERY - SIMPLE ASSAULT,34.044,-118.28,0
05/22/2020 12:00:00 AM,West LA,CRIMINAL THREATS - NO WEAPON DISPLAYED,34.0345,-118.3811,0
01/26/2020 12:00:00 AM,Central,BATTERY - SIMPLE ASSAULT,34.0459,-118.2579,0
05/20/2020 12:00:00 AM,Rampart,INTIMATE PARTNER - SIMPLE ASSAULT,34.0549,-118.2778,0
01/19/2020 12:00:00 AM,Southwest,THEFT FROM MOTOR VEHICLE - PETTY ($950 & UNDER),34.0099,-118.3089,0
01/19/2020 12:00:00 AM,Southwest,BURGLARY FROM VEHICLE,34.0255,-118.2892,0
03/08/2020 12:00:00 AM,Central,"THEFT, PERSON",34.0473,-118.2601,0
03/01/2020 12:00:00 AM,West Valley,THEFT FROM MOTOR VEHICLE - PETTY ($950 & UNDER),34.2085,-118.4771,0
05/17/2020 12:00:00 AM,Hollywood,ROBBERY,34.0944,-118.3266,0
03/17/2020 12:00:00 AM,West Valley,BATTERY - SIMPLE ASSAULT,34.1722,-118.5189,0
01/06/2020 12:00:00 AM,Northeast,THEFT PLAIN - PETTY ($950 & UNDER),34.0976,-118.2316,0
05/24/2020 12:00:00 AM,Southwest,DISTURBING THE PEACE,34.0146,-118.313,0
03/12/2020 12:00:00 AM,West LA,VANDALISM - MISDEAMEANOR ($399 OR UNDER),34.0467,-118.4572,0
03/20/2020 12:00:00 AM,Van Nuys,"VANDALISM - FELONY ($400 & OVER, ALL CHURCH VANDALISMS)",34.1721,-118.4662,0
01/21/2020 12:00:00 AM,West Valley,THEFT PLAIN - PETTY ($950 & UNDER),34.1863,-118.5578,0
02/25/2020 12:00:00 AM,77th Street,SHOPLIFTING-GRAND THEFT ($950.01 & OVER),33.9611,-118.2827,0
12/01/2020 12:00:00 AM,Hollywood,BURGLARY,34.098,-118.3295,0
07/15/2020 12:00:00 AM,Rampart,THEFT PLAIN - PETTY ($950 & UNDER),34.0768,-118.2778,0
08/18/2020 12:00:00 AM,West Valley,"VANDALISM - FELONY ($400 & OVER, ALL CHURCH VANDALISMS)",34.1903,-118.48,0
05/07/2020 12:00:00 AM,Van Nuys,BURGLARY FROM VEHICLE,34.1939,-118.4662,0
04/09/2020 12:00:00 AM,Hollywood,"VANDALISM - FELONY ($400 & OVER, ALL CHURCH VANDALISMS)",34.0981,-118.3071,0
11/26/2020 12:00:00 AM,Northeast,BIKE - STOLEN,34.0908,-118.2984,0
01/24/2020 12:00:00 AM,Newton,"ASSAULT WITH DEADLY WEAPON, AGGRAVATED ASSAULT",33.9912,-118.2456,0
02/22/2020 12:00:00 AM,Rampart,VANDALISM - MISDEAMEANOR ($399 OR UNDER),34.0818,-118.2929,0
04/17/2020 12:00:00 AM,77th Street,CRIMINAL THREATS - NO WEAPON DISPLAYED,33.9737,-118.2871,0
01/11/2020 12:00:00 AM,West LA,THEFT OF IDENTITY,34.038,-118.4436,0
01/16/2020 12:00:00 AM,Hollywood,VEHICLE - STOLEN,34.0889,-118.3277,0
07/11/2020 12:00:00 AM,Hollywood,"BURGLARY FROM VEHICLE, ATTEMPTED",34.1082,-118.3371,0
01/31/2020 12:00:00 AM,77th Street,BATTERY - SIMPLE ASSAULT,33.961,-118.294,0
04/30/2020 12:00:00 AM,Hollywood,THEFT OF IDENTITY,34.1016,-118.3374,0
11/06/2020 12:00:00 AM,Southwest,"VANDALISM - FELONY ($400 & OVER, ALL CHURCH VANDALISMS)",34.0142,-118.2915,0
01/10/2020 12:00:00 AM,West Valley,"VANDALISM - FELONY ($400 & OVER, ALL CHURCH VANDALISMS)",34.1723,-118.5098,0
12/09/2020 12:00:00 AM,Hollenbeck,"BURGLARY, ATTEMPTED",34.0248,-118.1956,0
03/07/2020 12:00:00 AM,Newton,BATTERY - SIMPLE ASSAULT,33.9974,-118.274,0
09/19/2020 12:00:00 AM,77th Street,VEHICLE - STOLEN,33.9872,-118.3346,0
11/08/2020 12:00:00 AM,Harbor,VIOLATION OF RESTRAINING ORDER,33.7731,-118.2749,0
05/24/2020 12:00:00 AM,Harbor,VIOLATION OF RESTRAINING ORDER,33.7105,-118.286,0
11/07/2020 12:00:00 AM,Central,OTHER ASSAULT,34.0564,-118.2374,0
03/10/2020 12:00:00 AM,Harbor,TRESPASSING,33.7928,-118.2904,0
02/28/2020 12:00:00 AM,Rampart,"VANDALISM - FELONY ($400 & OVER, ALL CHURCH VANDALISMS)",34.0668,-118.261,0
09/06/2020 12:00:00 AM,77th Street,BATTERY - SIMPLE ASSAULT,33.9736,-118.329,0
02/23/2020 12:00:00 AM,Hollenbeck,"ASSAULT WITH DEADLY WEAPON, AGGRAVATED ASSAULT",34.0276,-118.207,0
05/18/2020 12:00:00 AM,Hollywood,ROBBERY,34.1089,-118.312,0
02/03/2020 12:00:00 AM,Central,ROBBERY,34.0403,-118.2421,0
12/01/2020 12:00:00 AM,West LA,"EMBEZZLEMENT, GRAND THEFT ($950.01 & OVER)",34.0495,-118.3805,0
09/05/2020 12:00:00 AM,West LA,ATTEMPTED ROBBERY,34.0283,-118.4523,0
05/10/2020 12:00:00 AM,Hollenbeck,VEHICLE - STOLEN,34.0188,-118.1963,0
10/09/2020 12:00:00 AM,77th Street,BATTERY - SIMPLE ASSAULT,33.9798,-118.2827,0
12/16/2020 12:00:00 AM,Southwest,VANDALISM - MISDEAMEANOR ($399 OR UNDER),34.0046,-118.291,0
01/21/2020 12:00:00 AM,Hollenbeck,VEHICLE - STOLEN,34.0491,-118.2016,0
11/18/2020 12:00:00 AM,Harbor,VEHICLE - STOLEN,33.7668,-118.2608,0
09/07/2020 12:00:00 AM,77th Street,VEHICLE - STOLEN,33.9824,-118.2827,0
02/24/2020 12:00:00 AM,Harbor,SHOPLIFTING - PETTY THEFT ($950 & UNDER),33.7739,-118.2678,0
12/01/2020 12:00:00 AM,West Valley,VEHICLE - STOLEN,34.1775,-118.5337,0
01/16/2020 12:00:00 AM,Southwest,VANDALISM - MISDEAMEANOR ($399 OR UNDER),34.0102,-118.3404,0
01/12/2020 12:00:00 AM,Wilshire,VEHICLE - STOLEN,34.0375,-118.3742,0
02/02/2020 12:00:00 AM,77th Street,INTIMATE PARTNER - SIMPLE ASSAULT,33.9983,-118.2827,0
08/21/2020 12:00:00 AM,Wilshire,BURGLARY FROM VEHICLE,34.0836,-118.3731,0
11/08/2020 12:00:00 AM,West Valley,CRIMINAL THREATS - NO WEAPON DISPLAYED,34.1954,-118.5577,0
10/14/2020 12:00:00 AM,Hollenbeck,VEHICLE - STOLEN,34.0334,-118.1999,0
01/27/2020 12:00:00 AM,Rampart,BIKE - STOLEN,34.063,-118.2753,0
11/23/2020 12:00:00 AM,Northeast,THEFT OF IDENTITY,34.1095,-118.2958,0
12/04/2020 12:00:00 AM,Wilshire,"VANDALISM - FELONY ($400 & OVER, ALL CHURCH VANDALISMS)",34.0343,-118.362,0
07/18/2020 12:00:00 AM,Harbor,VEHICLE - ATTEMPT STOLEN,33.7798,-118.2664,0
03/25/2020 12:00:00 AM,Hollywood,CRIMINAL THREATS - NO WEAPON DISPLAYED,34.1036,-118.3049,0
03/07/2020 12:00:00 AM,Northeast,BATTERY ON A FIREFIGHTER,34.0956,-118.2918,0
09/18/2020 12:00:00 AM,Van Nuys,THEFT FROM MOTOR VEHICLE - PETTY ($950 & UNDER),34.1739,-118.4301,0
08/11/2020 12:00:00 AM,77th Street,"ASSAULT WITH DEADLY WEAPON, AGGRAVATED ASSAULT",33.9921,-118.3108,0
01/23/2020 12:00:00 AM,Harbor,"THEFT-GRAND ($950.01 & OVER)EXCPT,GUNS,FOWL,LIVESTK,PROD",33.727,-118.2884,0
08/09/2020 12:00:00 AM,Wilshire,THEFT FROM MOTOR VEHICLE - GRAND ($950.01 AND OVER),34.0524,-118.3343,0
02/07/2020 12:00:00 AM,Rampart,THEFT OF IDENTITY,34.0605,-118.2814,0
12/27/2020 12:00:00 AM,Rampart,SHOPLIFTING-GRAND THEFT ($950.01 & OVER),34.0393,-118.2828,0
07/13/2020 12:00:00 AM,Southwest,"VANDALISM - FELONY ($400 & OVER, ALL CHURCH VANDALISMS)",34.0208,-118.3089,0
02/10/2020 12:00:00 AM,West Valley,THEFT FROM MOTOR VEHICLE - PETTY ($950 & UNDER),34.2048,-118.54,0
01/06/2020 12:00:00 AM,Wilshire,BURGLARY FROM VEHICLE,34.073,-118.3236,0
09/05/2020 12:00:00 AM,77th Street,ROBBERY,33.9539,-118.309,0
07/29/2020 12:00:00 AM,Central,BATTERY - SIMPLE ASSAULT,34.0498,-118.24,0
04/19/2020 12:00:00 AM,77th Street,VANDALISM - MISDEAMEANOR ($399 OR UNDER),33.9746,-118.2892,0
04/29/2020 12:00:00 AM,Van Nuys,BATTERY - SIMPLE ASSAULT,34.1939,-118.4705,0
03/02/2020 12:00:00 AM,77th Street,VANDALISM - MISDEAMEANOR ($399 OR UNDER),33.9688,-118.2827,0
03/16/2020 12:00:00 AM,Southwest,INTIMATE PARTNER - SIMPLE ASSAULT,34.0109,-118.3123,0
10/05/2020 12:00:00 AM,Wilshire,THEFT FROM MOTOR VEHICLE - PETTY ($950 & UNDER),34.0606,-118.3469,0
04/10/2020 12:00:00 AM,Harbor,BURGLARY FROM VEHICLE,33.7647,-118.3045,0
08/14/2020 12:00:00 AM,West Valley,BURGLARY FROM VEHICLE,34.1723,-118.5145,0
03/17/2020 12:00:00 AM,Central,ROBBERY,34.046,-118.2509,0
05/06/2020 12:00:00 AM,Southwest,BATTERY - SIMPLE ASSAULT,34.0171,-118.3531,0
02/19/2020 12:00:00 AM,Central,OTHER MISCELLANEOUS CRIME,34.0563,-118.2374,0
02/01/2020 12:00:00 AM,Rampart,BATTERY - SIMPLE ASSAULT,34.0658,-118.275,0
07/17/2020 12:00:00 AM,77th Street,INTIMATE PARTNER - SIMPLE ASSAULT,33.9875,-118.287,0
09/23/2020 12:00:00 AM,77th Street,"LETTERS, LEWD  -  TELEPHONE CALLS, LEWD",33.9897,-118.292,0
02/16/2020 12:00:00 AM,Northeast,THEFT PLAIN - PETTY ($950 & UNDER),34.1294,-118.2108,0
12/15/2020 12:00:00 AM,West Valley,SHOPLIFTING - PETTY THEFT ($950 & UNDER),34.1609,-118.5105,0
09/04/2020 12:00:00 AM,Wilshire,THEFT PLAIN - PETTY ($950 & UNDER),34.0453,-118.3581,0
03/16/2020 12:00:00 AM,Hollywood,BATTERY - SIMPLE ASSAULT,34.098,-118.3441,0
11/16/2020 12:00:00 AM,Van Nuys,BATTERY - SIMPLE ASSAULT,34.1721,-118.4661,0
07/01/2020 12:00:00 AM,Central,BURGLARY,34.0476,-118.2546,0
07/02/2020 12:00:00 AM,Hollenbeck,VANDALISM - MISDEAMEANOR ($399 OR UNDER),34.0465,-118.2173,0
12/26/2020 12:00:00 AM,Hollywood,BRANDISH WEAPON,34.0948,-118.3109,0
04/24/2020 12:00:00 AM,Harbor,THEFT FROM MOTOR VEHICLE - GRAND ($950.01 AND OVER),33.8657,-118.2858,0
10/20/2020 12:00:00 AM,Wilshire,CRIMINAL THREATS - NO WEAPON DISPLAYED,34.0384,-118.3561,0
07/21/2020 12:00:00 AM,Central,"VANDALISM - FELONY ($400 & OVER, ALL CHURCH VANDALISMS)",34.0474,-118.2496,0
05/02/2020 12:00:00 AM,Northeast,INTIMATE PARTNER - SIMPLE ASSAULT,34.0784,-118.2577,0
08/11/2020 12:00:00 AM,Central,"ASSAULT WITH DEADLY WEAPON, AGGRAVATED ASSAULT",34.0416,-118.244,0
01/11/2020 12:00:00 AM,77th Street,ATTEMPTED ROBBERY,33.9909,-118.3308,0
02/23/2020 12:00:00 AM,Rampart,"VANDALISM - FELONY ($400 & OVER, ALL CHURCH VANDALISMS)",34.058,-118.2715,0
12/18/2020 12:00:00 AM,Van Nuys,BURGLARY FROM VEHICLE,34.1929,-118.44,0
01/29/2020 12:00:00 AM,77th Street,"ASSAULT WITH DEADLY WEAPON, AGGRAVATED ASSAULT",33.9737,-118.2842,0
08/05/2020 12:00:00 AM,77th Street,VANDALISM - MISDEAMEANOR ($399 OR UNDER),33.9854,-118.3265,0
03/02/2020 12:00:00 AM,West Valley,BURGLARY FROM VEHICLE,34.1891,-118.5546,0
02/03/2020 12:00:00 AM,Van Nuys,"VANDALISM - FELONY ($400 & OVER, ALL CHURCH VANDALISMS)",34.1436,-118.4212,0
12/21/2020 12:00:00 AM,West LA,BATTERY WITH SEXUAL CONTACT,34.0626,-118.4491,0
07/16/2020 12:00:00 AM,Southwest,BURGLARY FROM VEHICLE,34.005,-118.3508,0
09/27/2020 12:00:00 AM,Northeast,BURGLARY,34.0993,-118.2837,0
02/21/2020 12:00:00 AM,Van Nuys,"VANDALISM - FELONY ($400 & OVER, ALL CHURCH VANDALISMS)",34.1731,-118.464,0
08/25/2020 12:00:00 AM,West LA,VANDALISM - MISDEAMEANOR ($399 OR UNDER),34.0617,-118.4446,0
04/21/2020 12:00:00 AM,Rampart,ROBBERY,34.0559,-118.2756,0
10/05/2020 12:00:00 AM,77th Street,INTIMATE PARTNER - SIMPLE ASSAULT,33.9717,-118.2846,0
09/08/2020 12:00:00 AM,Central,"LETTERS, LEWD  -  TELEPHONE CALLS, LEWD",34.046,-118.263,0
10/25/2020 12:00:00 AM,Rampart,"ASSAULT WITH DEADLY WEAPON, AGGRAVATED ASSAULT",34.0763,-118.2995,0
07/31/2020 12:00:00 AM,Southwest,VIOLATION OF RESTRAINING ORDER,34.0248,-118.3691,0
02/25/2020 12:00:00 AM,Hollywood,THEFT FROM MOTOR VEHICLE - GRAND ($950.01 AND OVER),34.1261,-118.3442,0
09/08/2020 12:00:00 AM,Harbor,BURGLARY FROM VEHICLE,33.7762,-118.2779,0
02/05/2020 12:00:00 AM,Southwest,THEFT PLAIN - PETTY ($950 & UNDER),34.011,-118.3351,0
07/12/2020 12:00:00 AM,Central,BIKE - STOLEN,34.042,-118.2326,0
08/11/2020 12:00:00 AM,77th Street,THEFT PLAIN - PETTY ($950 & UNDER),33.9747,-118.2743,0
03/09/2020 12:00:00 AM,Hollywood,BURGLARY,34.0998,-118.3211,0
11/28/2020 12:00:00 AM,Harbor,BURGLARY,33.7904,-118.278,0
09/28/2020 12:00:00 AM,77th Street,"ASSAULT WITH DEADLY WEAPON, AGGRAVATED ASSAULT",33.9829,-118.3338,0
11/11/2020 12:00:00 AM,Central,BURGLARY FROM VEHICLE,34.0444,-118.2628,0
11/03/2020 12:00:00 AM,77th Street,VEHICLE - STOLEN,33.9632,-118.2838,0
11/09/2020 12:00:00 AM,Wilshire,THEFT PLAIN - PETTY ($950 & UNDER),34.0782,-118.3695,0
03/05/2020 12:00:00 AM,Van Nuys,BURGLARY FROM VEHICLE,34.154,-118.4618,0
03/02/2020 12:00:00 AM,West Valley,BIKE - STOLEN,34.1807,-118.536,0
05/24/2020 12:00:00 AM,Northeast,BURGLARY,34.1241,-118.2622,0
12/26/2020 12:00:00 AM,77th Street,VANDALISM - MISDEAMEANOR ($399 OR UNDER),33.9736,-118.289,0
08/24/2020 12:00:00 AM,Hollenbeck,VEHICLE - STOLEN,34.0787,-118.2199,0
07/27/2020 12:00:00 AM,Hollywood,"VANDALISM - FELONY ($400 & OVER, ALL CHURCH VANDALISMS)",34.0999,-118.3643,0
01/13/2020 12:00:00 AM,Van Nuys,"THEFT-GRAND ($950.01 & OVER)EXCPT,GUNS,FOWL,LIVESTK,PROD",34.1827,-118.4531,0
02/03/2020 12:00:00 AM,Southwest,OTHER MISCELLANEOUS CRIME,34.0073,-118.3089,0
01/22/2020 12:00:00 AM,Northeast,VEHICLE - STOLEN,34.1059,-118.1958,0
05/30/2020 12:00:00 AM,Wilshire,BURGLARY,34.0782,-118.3695,0
05/05/2020 12:00:00 AM,Harbor,BRANDISH WEAPON,33.7815,-118.265,0
06/28/2020 12:00:00 AM,Central,BURGLARY FROM VEHICLE,34.0447,-118.2349,0
04/01/2020 12:00:00 AM,Van Nuys,"ASSAULT WITH DEADLY WEAPON, AGGRAVATED ASSAULT",34.1812,-118.4312,0
04/16/2020 12:00:00 AM,Newton,ROBBERY,33.986,-118.2783,0
09/12/2020 12:00:00 AM,Rampart,THEFT PLAIN - PETTY ($950 & UNDER),34.0741,-118.259,0
06/12/2020 12:00:00 AM,77th Street,INTIMATE PARTNER - SIMPLE ASSAULT,33.9792,-118.2893,0
08/21/2020 12:00:00 AM,77th Street,THEFT FROM MOTOR VEHICLE - PETTY ($950 & UNDER),33.9611,-118.2827,0
01/23/2020 12:00:00 AM,Wilshire,THEFT FROM MOTOR VEHICLE - PETTY ($950 & UNDER),34.0476,-118.3239,0
08/27/2020 12:00:00 AM,Hollywood,THEFT PLAIN - PETTY ($950 & UNDER),34.1016,-118.3252,0
09/05/2020 12:00:00 AM,Hollywood,"THEFT-GRAND ($950.01 & OVER)EXCPT,GUNS,FOWL,LIVESTK,PROD",34.0885,-118.304,0
10/21/2020 12:00:00 AM,Northeast,BATTERY - SIMPLE ASSAULT,34.12,-118.2288,0
07/09/2020 12:00:00 AM,Southwest,"BURGLARY FROM VEHICLE, ATTEMPTED",34.0195,-118.28,0
05/29/2020 12:00:00 AM,Van Nuys,"VANDALISM - FELONY ($400 & OVER, ALL CHURCH VANDALISMS)",34.1976,-118.4574,0
03/15/2020 12:00:00 AM,77th Street,BATTERY - SIMPLE ASSAULT,33.9499,-118.309,0
06/26/2020 12:00:00 AM,Van Nuys,SHOPLIFTING - PETTY THEFT ($950 & UNDER),34.1721,-118.4557,0
07/09/2020 12:00:00 AM,West Valley,OTHER ASSAULT,34.2048,-118.5339,0
07/26/2020 12:00:00 AM,77th Street,"VANDALISM - FELONY ($400 & OVER, ALL CHURCH VANDALISMS)",33.9941,-118.3089,0
08/31/2020 12:00:00 AM,Southwest,BATTERY - SIMPLE ASSAULT,34.0341,-118.2816,0
05/02/2020 12:00:00 AM,Hollenbeck,THEFT FROM MOTOR VEHICLE - PETTY ($950 & UNDER),34.0431,-118.2185,0
06/26/2020 12:00:00 AM,West Valley,BURGLARY FROM VEHICLE,34.2138,-118.5492,0
10/30/2020 12:00:00 AM,Hollywood,INTIMATE PARTNER - SIMPLE ASSAULT,34.0908,-118.3025,0
07/21/2020 12:00:00 AM,Wilshire,THEFT FROM MOTOR VEHICLE - PETTY ($950 & UNDER),34.0474,-118.3269,0
02/28/2020 12:00:00 AM,West Valley,OTHER MISCELLANEOUS CRIME,34.2214,-118.4749,0
01/23/2020 12:00:00 AM,Wilshire,THEFT OF IDENTITY,34.0571,-118.3384,0
11/01/2020 12:00:00 AM,77th Street,VEHICLE - STOLEN,33.9932,-118.3117,0
02/25/2020 12:00:00 AM,Newton,VEHICLE - STOLEN,33.9774,-118.2761,0
01/14/2020 12:00:00 AM,77th Street,"ASSAULT WITH DEADLY WEAPON, AGGRAVATED ASSAULT",33.9806,-118.2871,0
10/12/2020 12:00:00 AM,Southwest,BIKE - STOLEN,34.0243,-118.2806,0
10/19/2020 12:00:00 AM,Van Nuys,ARSON,34.1903,-118.4509,0
12/09/2020 12:00:00 AM,Central,VEHICLE - STOLEN,34.0485,-118.2448,0
07/03/2020 12:00:00 AM,West LA,BURGLARY,34.042,-118.4531,0
05/01/2020 12:00:00 AM,West LA,THEFT PLAIN - PETTY ($950 & UNDER),34.061,-118.3824,0
08/08/2020 12:00:00 AM,Hollywood,BURGLARY,34.1035,-118.3334,0
08/11/2020 12:00:00 AM,West LA,BURGLARY FROM VEHICLE,34.043,-118.5398,0
03/02/2020 12:00:00 AM,Newton,VIOLATION OF COURT ORDER,34.0175,-118.2574,0
12/19/2020 12:00:00 AM,Hollenbeck,VEHICLE - STOLEN,34.0436,-118.2051,0
09/29/2020 12:00:00 AM,Hollenbeck,THEFT FROM MOTOR VEHICLE - PETTY ($950 & UNDER),34.0373,-118.2233,0
03/02/2020 12:00:00 AM,Wilshire,CRIMINAL THREATS - NO WEAPON DISPLAYED,34.0853,-118.3441,0
03/25/2020 12:00:00 AM,77th Street,"VANDALISM - FELONY ($400 & OVER, ALL CHURCH VANDALISMS)",33.9727,-118.2893,0
02/27/2020 12:00:00 AM,West LA,"BUNCO, GRAND THEFT",34.0473,-118.4768,0
04/14/2020 12:00:00 AM,Harbor,THEFT PLAIN - PETTY ($950 & UNDER),33.7882,-118.3076,0
11/01/2020 12:00:00 AM,West LA,THEFT OF IDENTITY,34.0399,-118.4385,0
11/29/2020 12:00:00 AM,Van Nuys,BURGLARY,34.1675,-118.437,0
02/26/2020 12:00:00 AM,Northeast,"ASSAULT WITH DEADLY WEAPON, AGGRAVATED ASSAULT",34.1096,-118.2383,0
07/20/2020 12:00:00 AM,Hollywood,VANDALISM - MISDEAMEANOR ($399 OR UNDER),34.0907,-118.3261,0
03/12/2020 12:00:00 AM,Central,BURGLARY FROM VEHICLE,34.0665,-118.2328,0
01/19/2020 12:00:00 AM,Southwest,THEFT OF IDENTITY,34.021,-118.3029,0
11/22/2020 12:00:00 AM,West LA,THEFT FROM MOTOR VEHICLE - PETTY ($950 & UNDER),34.0348,-118.4339,0
01/27/2020 12:00:00 AM,Rampart,VANDALISM - MISDEAMEANOR ($399 OR UNDER),34.0612,-118.2785,0
12/20/2020 12:00:00 AM,West LA,BURGLARY FROM VEHICLE,34.052,-118.4667,0
01/23/2020 12:00:00 AM,West Valley,BURGLARY,34.1571,-118.4756,0
06/23/2020 12:00:00 AM,Rampart,BURGLARY FROM VEHICLE,34.0633,-118.2751,0
01/30/2020 12:00:00 AM,Wilshire,"VANDALISM - FELONY ($400 & OVER, ALL CHURCH VANDALISMS)",34.0455,-118.3177,0
04/16/2020 12:00:00 AM,Rampart,VEHICLE - STOLEN,34.0406,-118.2798,0
06/05/2020 12:00:00 AM,77th Street,ATTEMPTED ROBBERY,33.9897,-118.2915,0
02/22/2020 12:00:00 AM,Northeast,THEFT FROM MOTOR VEHICLE - PETTY ($950 & UNDER),34.0807,-118.2425,0
09/16/2020 12:00:00 AM,West LA,BURGLARY,34.0864,-118.4745,0
02/23/2020 12:00:00 AM,Hollenbeck,VANDALISM - MISDEAMEANOR ($399 OR UNDER),34.0498,-118.1964,0
10/10/2020 12:00:00 AM,Northeast,THEFT FROM MOTOR VEHICLE - PETTY ($950 & UNDER),34.1136,-118.2775,0
10/09/2020 12:00:00 AM,Central,THEFT PLAIN - PETTY ($950 & UNDER),34.0542,-118.2566,0
03/16/2020 12:00:00 AM,Hollywood,"VANDALISM - FELONY ($400 & OVER, ALL CHURCH VANDALISMS)",34.0926,-118.3428,0
02/29/2020 12:00:00 AM,77th Street,"VANDALISM - FELONY ($400 & OVER, ALL CHURCH VANDALISMS)",33.9833,-118.2827,0
01/26/2020 12:00:00 AM,Van Nuys,INTIMATE PARTNER - SIMPLE ASSAULT,34.1603,-118.4399,0
08/22/2020 12:00:00 AM,West Valley,VEHICLE - ATTEMPT STOLEN,34.2138,-118.5361,0
03/05/2020 12:00:00 AM,Hollenbeck,"VANDALISM - FELONY ($400 & OVER, ALL CHURCH VANDALISMS)",34.038,-118.1993,0
08/01/2020 12:00:00 AM,Southwest,INTIMATE PARTNER - SIMPLE ASSAULT,34.0156,-118.3463,0
01/20/2020 12:00:00 AM,Hollywood,VEHICLE - STOLEN,34.0962,-118.3471,0
06/02/2020 12:00:00 AM,Northeast,VANDALISM - MISDEAMEANOR ($399 OR UNDER),34.0808,-118.2655,0
10/11/2020 12:00:00 AM,Wilshire,BATTERY - SIMPLE ASSAULT,34.0486,-118.3385,0
04/30/2020 12:00:00 AM,Hollenbeck,VEHICLE - STOLEN,34.0184,-118.2131,0
11/27/2020 12:00:00 AM,Southwest,BATTERY - SIMPLE ASSAULT,34.0309,-118.2991,0
02/13/2020 12:00:00 AM,Van Nuys,"EMBEZZLEMENT, GRAND THEFT ($950.01 & OVER)",34.1564,-118.463,0
10/15/2020 12:00:00 AM,West Valley,INTIMATE PARTNER - SIMPLE ASSAULT,34.2011,-118.5317,0
06/07/2020 12:00:00 AM,West LA,VEHICLE - STOLEN,34.0544,-118.4181,0
07/19/2020 12:00:00 AM,Central,ATTEMPTED ROBBERY,34.0322,-118.2651,0
05/14/2020 12:00:00 AM,Southwest,BATTERY POLICE (SIMPLE),34.0148,-118.3417,0
06/05/2020 12:00:00 AM,Central,BURGLARY,34.0395,-118.2405,0
01/02/2020 12:00:00 AM,Hollywood,BATTERY - SIMPLE ASSAULT,34.1006,-118.3417,0
07/15/2020 12:00:00 AM,Central,BATTERY - SIMPLE ASSAULT,34.0446,-118.245,0
12/17/2020 12:00:00 AM,Southwest,ROBBERY,34.0294,-118.3417,0
02/21/2020 12:00:00 AM,West LA,"VANDALISM - FELONY ($400 & OVER, ALL CHURCH VANDALISMS)",34.061,-118.3824,0
03/22/2020 12:00:00 AM,Hollywood,BURGLARY FROM VEHICLE,34.1016,-118.3433,0
01/14/2020 12:00:00 AM,Northeast,VIOLATION OF COURT ORDER,34.1164,-118.2332,0
04/04/2020 12:00:00 AM,Newton,"ASSAULT WITH DEADLY WEAPON, AGGRAVATED ASSAULT",34.0039,-118.2565,0
01/18/2020 12:00:00 AM,Newton,BURGLARY,34.0312,-118.2478,0
11/02/2020 12:00:00 AM,Hollywood,TRESPASSING,34.0853,-118.3321,0
07/07/2020 12:00:00 AM,Harbor,VIOLATION OF RESTRAINING ORDER,33.8201,-118.3015,0
01/06/2020 12:00:00 AM,77th Street,ROBBERY,33.9822,-118.2915,0
11/14/2020 12:00:00 AM,West Valley,THEFT FROM MOTOR VEHICLE - GRAND ($950.01 AND OVER),34.1654,-118.5203,0
09/19/2020 12:00:00 AM,West LA,VIOLATION OF RESTRAINING ORDER,34.0478,-118.4184,0
06/30/2020 12:00:00 AM,Northeast,VANDALISM - MISDEAMEANOR ($399 OR UNDER),34.1285,-118.1912,0
01/25/2020 12:00:00 AM,Hollywood,"THEFT, PERSON",34.0896,-118.3114,0
05/29/2020 12:00:00 AM,Northeast,"ASSAULT WITH DEADLY WEAPON, AGGRAVATED ASSAULT",34.0959,-118.2288,0
09/21/2020 12:00:00 AM,Van Nuys,DISTURBING THE PEACE,34.1484,-118.463,0
08/12/2020 12:00:00 AM,Southwest,"VANDALISM - FELONY ($400 & OVER, ALL CHURCH VANDALISMS)",34.003,-118.3225,0
06/10/2020 12:00:00 AM,West LA,TRESPASSING,34.0738,-118.4768,0
11/25/2020 12:00:00 AM,Central,OTHER ASSAULT,34.0483,-118.2631,0
04/18/2020 12:00:00 AM,Van Nuys,BURGLARY FROM VEHICLE,34.1504,-118.4312,0
12/08/2020 12:00:00 AM,Wilshire,INTIMATE PARTNER - AGGRAVATED ASSAULT,34.0409,-118.3213,0
03/30/2020 12:00:00 AM,Rampart,THEFT FROM MOTOR VEHICLE - PETTY ($950 & UNDER),34.0467,-118.2814,0
09/17/2020 12:00:00 AM,Central,THEFT PLAIN - PETTY ($950 & UNDER),34.0462,-118.2585,0
07/09/2020 12:00:00 AM,Harbor,INTIMATE PARTNER - SIMPLE ASSAULT,33.8153,-118.3045,0
06/21/2020 12:00:00 AM,Harbor,"ASSAULT WITH DEADLY WEAPON, AGGRAVATED ASSAULT",33.779,-118.2809,0
06/12/2020 12:00:00 AM,West Valley,INTIMATE PARTNER - SIMPLE ASSAULT,34.1749,-118.5323,0
08/04/2020 12:00:00 AM,Central,THEFT FROM MOTOR VEHICLE - GRAND ($950.01 AND OVER),34.0397,-118.2637,0
12/05/2020 12:00:00 AM,77th Street,VANDALISM - MISDEAMEANOR ($399 OR UNDER),33.96,-118.2986,0
10/05/2020 12:00:00 AM,Central,"THEFT, PERSON",34.0451,-118.2645,0
09/10/2020 12:00:00 AM,Hollywood,EXTORTION,34.1016,-118.3252,0
11/11/2020 12:00:00 AM,Rampart,THEFT FROM MOTOR VEHICLE - GRAND ($950.01 AND OVER),34.0678,-118.259,0
02/03/2020 12:00:00 AM,Wilshire,SHOPLIFTING - PETTY THEFT ($950 & UNDER),34.0761,-118.3731,0
11/09/2020 12:00:00 AM,Rampart,"VANDALISM - FELONY ($400 & OVER, ALL CHURCH VANDALISMS)",34.0909,-118.297,0
10/23/2020 12:00:00 AM,Hollywood,"THEFT-GRAND ($950.01 & OVER)EXCPT,GUNS,FOWL,LIVESTK,PROD",34.1015,-118.3425,0
01/15/2020 12:00:00 AM,77th Street,BURGLARY FROM VEHICLE,33.9779,-118.2937,0
09/17/2020 12:00:00 AM,Central,"THEFT-GRAND ($950.01 & OVER)EXCPT,GUNS,FOWL,LIVESTK,PROD",34.0471,-118.2474,0
07/31/2020 12:00:00 AM,Southwest,BATTERY WITH SEXUAL CONTACT,34.019,-118.3002,0
09/29/2020 12:00:00 AM,Central,CRIMINAL THREATS - NO WEAPON DISPLAYED,34.0522,-118.2434,0
01/22/2020 12:00:00 AM,Newton,THEFT FROM MOTOR VEHICLE - PETTY ($950 & UNDER),34.0249,-118.2592,0
01/25/2020 12:00:00 AM,Northeast,BURGLARY FROM VEHICLE,34.1063,-118.1995,0
06/17/2020 12:00:00 AM,77th Street,"ASSAULT WITH DEADLY WEAPON, AGGRAVATED ASSAULT",33.9909,-118.298,0
08/31/2020 12:00:00 AM,Wilshire,VEHICLE - STOLEN,34.0386,-118.3661,0
11/04/2020 12:00:00 AM,Hollenbeck,"VANDALISM - FELONY ($400 & OVER, ALL CHURCH VANDALISMS)",34.0376,-118.2166,0
05/21/2020 12:00:00 AM,West LA,THEFT PLAIN - PETTY ($950 & UNDER),34.0508,-118.4592,0
08/15/2020 12:00:00 AM,Central,"ASSAULT WITH DEADLY WEAPON, AGGRAVATED ASSAULT",34.0495,-118.2546,0
08/05/2020 12:00:00 AM,Hollywood,VEHICLE - STOLEN,34.1146,-118.3607,0
06/07/2020 12:00:00 AM,Rampart,BATTERY - SIMPLE ASSAULT,34.0562,-118.2673,0
02/12/2020 12:00:00 AM,West LA,THEFT PLAIN - PETTY ($950 & UNDER),34.0504,-118.4333,0
08/05/2020 12:00:00 AM,Rampart,THEFT FROM MOTOR VEHICLE - PETTY ($950 & UNDER),34.0524,-118.2842,0
07/27/2020 12:00:00 AM,Harbor,VEHICLE - STOLEN,33.7388,-118.2928,0
04/25/2020 12:00:00 AM,77th Street,"ASSAULT WITH DEADLY WEAPON, AGGRAVATED ASSAULT",33.989,-118.3352,0
01/20/2020 12:00:00 AM,Hollenbeck,"VANDALISM - FELONY ($400 & OVER, ALL CHURCH VANDALISMS)",34.0976,-118.1785,0
01/03/2020 12:00:00 AM,Wilshire,THEFT OF IDENTITY,34.0468,-118.3305,0
12/25/2020 12:00:00 AM,Central,THEFT PLAIN - PETTY ($950 & UNDER),34.0421,-118.2469,0
04/15/2020 12:00:00 AM,West Valley,THEFT FROM MOTOR VEHICLE - PETTY ($950 & UNDER),34.1938,-118.5623,0
07/10/2020 12:00:00 AM,Harbor,VIOLATION OF RESTRAINING ORDER,33.7819,-118.2526,0
07/11/2020 12:00:00 AM,Van Nuys,SHOPLIFTING - PETTY THEFT ($950 & UNDER),34.2131,-118.4584,0
03/08/2020 12:00:00 AM,Hollywood,"ASSAULT WITH DEADLY WEAPON, AGGRAVATED ASSAULT",34.0918,-118.3092,0
08/24/2020 12:00:00 AM,Northeast,BATTERY - SIMPLE ASSAULT,34.0934,-118.2961,0
04/13/2020 12:00:00 AM,Rampart,INTIMATE PARTNER - SIMPLE ASSAULT,34.0713,-118.2586,0
03/17/2020 12:00:00 AM,Newton,"VANDALISM - FELONY ($400 & OVER, ALL CHURCH VANDALISMS)",34.03,-118.2501,0
03/11/2020 12:00:00 AM,Rampart,BATTERY - SIMPLE ASSAULT,34.0726,-118.2749,0
07/28/2020 12:00:00 AM,Van Nuys,BATTERY - SIMPLE ASSAULT,34.2085,-118.4698,0
04/17/2020 12:00:00 AM,77th Street,HUMAN TRAFFICKING - COMMERCIAL SEX ACTS,33.9876,-118.3089,0
04/14/2020 12:00:00 AM,Northeast,THEFT FROM MOTOR VEHICLE - GRAND ($950.01 AND OVER),34.1019,-118.2264,0
01/31/2020 12:00:00 AM,Harbor,CHILD ABUSE (PHYSICAL) - SIMPLE ASSAULT,33.7442,-118.2835,0
12/01/2020 12:00:00 AM,Northeast,THEFT PLAIN - PETTY ($950 & UNDER),34.0979,-118.2566,0
02/06/2020 12:00:00 AM,Newton,BURGLARY,33.9898,-118.2783,0
04/30/2020 12:00:00 AM,77th Street,THEFT FROM MOTOR VEHICLE - PETTY ($950 & UNDER),33.964,-118.2739,0
09/24/2020 12:00:00 AM,Rampart,VEHICLE - STOLEN,34.0648,-118.2583,0
09/24/2020 12:00:00 AM,West Valley,VEHICLE - STOLEN,34.188,-118.5491,0
09/15/2020 12:00:00 AM,Southwest,"ASSAULT WITH DEADLY WEAPON, AGGRAVATED ASSAULT",34.0182,-118.3452,0
12/15/2020 12:00:00 AM,Wilshire,CRIMINAL THREATS - NO WEAPON DISPLAYED,34.0853,-118.3475,0
10/21/2020 12:00:00 AM,Van Nuys,THEFT FROM MOTOR VEHICLE - PETTY ($950 & UNDER),34.1917,-118.4324,0
03/18/2020 12:00:00 AM,77th Street,THEFT FROM MOTOR VEHICLE - GRAND ($950.01 AND OVER),33.9689,-118.2783,0
11/23/2020 12:00:00 AM,Northeast,BURGLARY FROM VEHICLE,34.0908,-118.2974,0
02/04/2020 12:00:00 AM,West LA,"THEFT-GRAND ($950.01 & OVER)EXCPT,GUNS,FOWL,LIVESTK,PROD",34.0886,-118.4764,0
05/08/2020 12:00:00 AM,West LA,BIKE - STOLEN,34.0518,-118.4634,0
09/06/2020 12:00:00 AM,77th Street,ROBBERY,33.9933,-118.3089,0
02/15/2020 12:00:00 AM,Harbor,INTIMATE PARTNER - SIMPLE ASSAULT,33.7809,-118.2649,0
04/09/2020 12:00:00 AM,Newton,INTIMATE PARTNER - SIMPLE ASSAULT,34.0027,-118.2453,0
03/11/2020 12:00:00 AM,Hollywood,"VANDALISM - FELONY ($400 & OVER, ALL CHURCH VANDALISMS)",34.1052,-118.3375,0
03/30/2020 12:00:00 AM,West Valley,VIOLATION OF COURT ORDER,34.1746,-118.5198,0
07/10/2020 12:00:00 AM,Central,THEFT PLAIN - PETTY ($950 & UNDER),34.0572,-118.2481,0
05/16/2020 12:00:00 AM,Central,ARSON,34.0467,-118.2427,0
02/09/2020 12:00:00 AM,Wilshire,BURGLARY FROM VEHICLE,34.0761,-118.3731,0
06/30/2020 12:00:00 AM,Southwest,THEFT FROM MOTOR VEHICLE - GRAND ($950.01 AND OVER),34.0339,-118.337,0
06/01/2020 12:00:00 AM,Wilshire,BURGLARY,34.0558,-118.3706,0
08/01/2020 12:00:00 AM,Northeast,BATTERY - SIMPLE ASSAULT,34.1178,-118.2147,0
10/01/2020 12:00:00 AM,Wilshire,INTIMATE PARTNER - SIMPLE ASSAULT,34.0414,-118.3506,0
06/02/2020 12:00:00 AM,Harbor,VEHICLE - STOLEN,33.7868,-118.2613,0
01/11/2020 12:00:00 AM,West Valley,VANDALISM - MISDEAMEANOR ($399 OR UNDER),34.2101,-118.5545,0
08/10/2020 12:00:00 AM,Hollywood,BATTERY - SIMPLE ASSAULT,34.103,-118.3225,0
10/05/2020 12:00:00 AM,Southwest,BURGLARY FROM VEHICLE,34.0131,-118.3536,0
07/13/2020 12:00:00 AM,West Valley,BURGLARY FROM VEHICLE,34.1774,-118.5387,0
06/21/2020 12:00:00 AM,Hollywood,THEFT PLAIN - PETTY ($950 & UNDER),34.1015,-118.3425,0
01/19/2020 12:00:00 AM,Hollywood,"VANDALISM - FELONY ($400 & OVER, ALL CHURCH VANDALISMS)",34.0994,-118.3093,0
02/29/2020 12:00:00 AM,Northeast,TRESPASSING,34.1119,-118.2529,0
08/23/2020 12:00:00 AM,Wilshire,"ASSAULT WITH DEADLY WEAPON, AGGRAVATED ASSAULT",34.0466,-118.3463,0
01/02/2020 12:00:00 AM,Newton,VANDALISM - MISDEAMEANOR ($399 OR UNDER),34.0056,-118.2451,0
03/26/2020 12:00:00 AM,Central,BATTERY - SIMPLE ASSAULT,34.0553,-118.2391,0
05/22/2020 12:00:00 AM,Northeast,"THEFT-GRAND ($950.01 & OVER)EXCPT,GUNS,FOWL,LIVESTK,PROD",34.0885,-118.2156,0
07/25/2020 12:00:00 AM,Hollywood,BATTERY - SIMPLE ASSAULT,34.0853,-118.331,0
10/01/2020 12:00:00 AM,Northeast,BATTERY - SIMPLE ASSAULT,34.1184,-118.2321,0
04/10/2020 12:00:00 AM,Hollywood,VIOLATION OF RESTRAINING ORDER,34.0999,-118.3629,0
06/30/2020 12:00:00 AM,77th Street,CRIMINAL THREATS - NO WEAPON DISPLAYED,33.9669,-118.2757,0
11/21/2020 12:00:00 AM,77th Street,SHOPLIFTING - PETTY THEFT ($950 & UNDER),33.9886,-118.3307,0
03/20/2020 12:00:00 AM,Harbor,INTIMATE PARTNER - SIMPLE ASSAULT,33.7884,-118.2479,0
01/26/2020 12:00:00 AM,Wilshire,ROBBERY,34.0462,-118.3441,0
08/15/2020 12:00:00 AM,Northeast,"ASSAULT WITH DEADLY WEAPON, AGGRAVATED ASSAULT",34.0797,-118.2601,0
08/28/2020 12:00:00 AM,Southwest,THEFT FROM MOTOR VEHICLE - GRAND ($950.01 AND OVER),34.034,-118.3133,0
12/10/2020 12:00:00 AM,Hollywood,"THEFT-GRAND ($950.01 & OVER)EXCPT,GUNS,FOWL,LIVESTK,PROD",34.1016,-118.3252,0
06/20/2020 12:00:00 AM,West Valley,BURGLARY,34.1791,-118.536,0
09/01/2020 12:00:00 AM,Southwest,OTHER ASSAULT,34.0349,-118.2959,0
05/11/2020 12:00:00 AM,Central,"ASSAULT WITH DEADLY WEAPON, AGGRAVATED ASSAULT",34.0454,-118.2422,0
07/23/2020 12:00:00 AM,West Valley,"ASSAULT WITH DEADLY WEAPON, AGGRAVATED ASSAULT",34.2084,-118.5058,0
12/01/2020 12:00:00 AM,West LA,VEHICLE - STOLEN,34.0649,-118.4372,0
06/11/2020 12:00:00 AM,Hollywood,ROBBERY,34.098,-118.3223,0
09/04/2020 12:00:00 AM,West LA,"VANDALISM - FELONY ($400 & OVER, ALL CHURCH VANDALISMS)",34.0463,-118.4311,0
03/11/2020 12:00:00 AM,Northeast,BURGLARY,34.1068,-118.2723,0
02/21/2020 12:00:00 AM,Southwest,"THEFT-GRAND ($950.01 & OVER)EXCPT,GUNS,FOWL,LIVESTK,PROD",34.032,-118.3322,0
11/20/2020 12:00:00 AM,Southwest,CRIMINAL THREATS - NO WEAPON DISPLAYED,34.0327,-118.3136,0
10/28/2020 12:00:00 AM,Southwest,THEFT FROM MOTOR VEHICLE - PETTY ($950 & UNDER),34.0071,-118.3078,0
11/08/2020 12:00:00 AM,Harbor,VEHICLE - STOLEN,33.7782,-118.2676,0
03/07/2020 12:00:00 AM,Newton,BATTERY - SIMPLE ASSAULT,34.0349,-118.2436,0
11/03/2020 12:00:00 AM,Van Nuys,VANDALISM - MISDEAMEANOR ($399 OR UNDER),34.1939,-118.4732,0
11/13/2020 12:00:00 AM,Central,VEHICLE - STOLEN,34.0615,-118.247,0
09/03/2020 12:00:00 AM,West LA,BURGLARY,34.0381,-118.3782,0
11/26/2020 12:00:00 AM,Hollywood,BATTERY - SIMPLE ASSAULT,34.0987,-118.3337,0
10/26/2020 12:00:00 AM,Hollywood,"THEFT-GRAND ($950.01 & OVER)EXCPT,GUNS,FOWL,LIVESTK,PROD",34.098,-118.3652,0
05/16/2020 12:00:00 AM,77th Street,BRANDISH WEAPON,33.9679,-118.2783,0
08/16/2020 12:00:00 AM,Hollywood,THEFT OF IDENTITY,34.1016,-118.3252,0
04/21/2020 12:00:00 AM,Newton,OTHER ASSAULT,33.9983,-118.2783,0
01/28/2020 12:00:00 AM,77th Street,INTIMATE PARTNER - SIMPLE ASSAULT,33.947,-118.309,0
06/13/2020 12:00:00 AM,West LA,BURGLARY,34.0625,-118.447,0
12/05/2020 12:00:00 AM,77th Street,BATTERY - SIMPLE ASSAULT,33.9624,-118.2761,0
01/15/2020 12:00:00 AM,West Valley,"BUNCO, GRAND THEFT",34.2011,-118.5295,0
11/08/2020 12:00:00 AM,West Valley,VEHICLE - ATTEMPT STOLEN,34.1867,-118.4774,0
06/15/2020 12:00:00 AM,West LA,THEFT FROM MOTOR VEHICLE - PETTY ($950 & UNDER),34.0546,-118.4246,0
03/14/2020 12:00:00 AM,Van Nuys,BATTERY POLICE (SIMPLE),34.1389,-118.4611,0
07/20/2020 12:00:00 AM,Northeast,BATTERY - SIMPLE ASSAULT,34.085,-118.2633,0
02/07/2020 12:00:00 AM,Northeast,VEHICLE - STOLEN,34.0982,-118.2918,0
07/21/2020 12:00:00 AM,Central,BURGLARY FROM VEHICLE,34.0426,-118.2513,0
03/25/2020 12:00:00 AM,Newton,VEHICLE - STOLEN,34.0254,-118.2629,0
07/08/2020 12:00:00 AM,West Valley,TRESPASSING,34.1789,-118.5273,0
07/24/2020 12:00:00 AM,Hollywood,THEFT PLAIN - PETTY ($950 & UNDER),34.0998,-118.3267,0
08/20/2020 12:00:00 AM,West LA,THEFT PLAIN - PETTY ($950 & UNDER),34.0377,-118.4408,0
10/30/2020 12:00:00 AM,Hollenbeck,"BUNCO, GRAND THEFT",34.0502,-118.2222,0
10/02/2020 12:00:00 AM,Wilshire,VANDALISM - MISDEAMEANOR ($399 OR UNDER),34.0753,-118.3795,0
03/22/2020 12:00:00 AM,Hollywood,THEFT PLAIN - PETTY ($950 & UNDER),34.1053,-118.3224,0
02/12/2020 12:00:00 AM,Harbor,BURGLARY FROM VEHICLE,33.7821,-118.2504,0
08/11/2020 12:00:00 AM,Hollenbeck,BATTERY - SIMPLE ASSAULT,34.0583,-118.2113,0
12/18/2020 12:00:00 AM,Wilshire,ROBBERY,34.0633,-118.3473,0
08/17/2020 12:00:00 AM,Hollywood,"BURGLARY, ATTEMPTED",34.0962,-118.3266,0
01/31/2020 12:00:00 AM,Van Nuys,SHOPLIFTING - PETTY THEFT ($950 & UNDER),34.1576,-118.438,0
09/09/2020 12:00:00 AM,West Valley,BURGLARY FROM VEHICLE,34.1749,-118.5308,0
07/21/2020 12:00:00 AM,Van Nuys,THEFT PLAIN - PETTY ($950 & UNDER),34.1515,-118.4601,0
07/26/2020 12:00:00 AM,Harbor,BATTERY WITH SEXUAL CONTACT,33.7824,-118.2719,0
02/16/2020 12:00:00 AM,Hollenbeck,ROBBERY,34.024,-118.2199,0
03/24/2020 12:00:00 AM,Hollywood,"VANDALISM - FELONY ($400 & OVER, ALL CHURCH VANDALISMS)",34.0962,-118.3405,0
11/18/2020 12:00:00 AM,Hollywood,BATTERY - SIMPLE ASSAULT,34.1036,-118.3049,0
09/07/2020 12:00:00 AM,Rampart,CRIMINAL THREATS - NO WEAPON DISPLAYED,34.0766,-118.2615,0
04/19/2020 12:00:00 AM,West LA,"ASSAULT WITH DEADLY WEAPON, AGGRAVATED ASSAULT",34.0416,-118.3836,0
10/27/2020 12:00:00 AM,77th Street,"ASSAULT WITH DEADLY WEAPON, AGGRAVATED ASSAULT",33.96,-118.309,0
02/16/2020 12:00:00 AM,Hollenbeck,THEFT PLAIN - PETTY ($950 & UNDER),34.0437,-118.2098,0
01/07/2020 12:00:00 AM,Southwest,BATTERY - SIMPLE ASSAULT,34.0282,-118.3133,0
08/09/2020 12:00:00 AM,West Valley,INTIMATE PARTNER - SIMPLE ASSAULT,34.2139,-118.5077,0
10/23/2020 12:00:00 AM,Hollywood,"VANDALISM - FELONY ($400 & OVER, ALL CHURCH VANDALISMS)",34.1015,-118.3425,0
04/06/2020 12:00:00 AM,West LA,BURGLARY,34.0315,-118.4527,0
08/29/2020 12:00:00 AM,Hollenbeck,"ASSAULT WITH DEADLY WEAPON, AGGRAVATED ASSAULT",34.0762,-118.2119,0
08/09/2020 12:00:00 AM,West Valley,THEFT OF IDENTITY,34.1868,-118.5246,0
06/24/2020 12:00:00 AM,Hollenbeck,BATTERY - SIMPLE ASSAULT,34.0219,-118.213,0
05/21/2020 12:00:00 AM,West LA,"THEFT, PERSON",34.0515,-118.3842,0
10/21/2020 12:00:00 AM,Van Nuys,"VANDALISM - FELONY ($400 & OVER, ALL CHURCH VANDALISMS)",34.1603,-118.4618,0
01/28/2020 12:00:00 AM,Newton,ROBBERY,33.9998,-118.2774,0
01/15/2020 12:00:00 AM,Rampart,"ASSAULT WITH DEADLY WEAPON, AGGRAVATED ASSAULT",34.0565,-118.2768,0
06/14/2020 12:00:00 AM,77th Street,VANDALISM - MISDEAMEANOR ($399 OR UNDER),33.9693,-118.285,0
01/06/2020 12:00:00 AM,Central,"ASSAULT WITH DEADLY WEAPON, AGGRAVATED ASSAULT",34.047,-118.2526,0
04/17/2020 12:00:00 AM,Harbor,DOCUMENT FORGERY / STOLEN FELONY,33.8213,-118.3064,0
09/23/2020 12:00:00 AM,Central,"VANDALISM - FELONY ($400 & OVER, ALL CHURCH VANDALISMS)",34.0525,-118.2432,0
04/03/2020 12:00:00 AM,Harbor,"VANDALISM - FELONY ($400 & OVER, ALL CHURCH VANDALISMS)",33.8213,-118.3064,0
12/22/2020 12:00:00 AM,West Valley,"RAPE, FORCIBLE",34.1462,-118.5641,0
07/08/2020 12:00:00 AM,Southwest,"ASSAULT WITH DEADLY WEAPON, AGGRAVATED ASSAULT",34.0256,-118.3208,0
08/24/2020 12:00:00 AM,Central,INTIMATE PARTNER - SIMPLE ASSAULT,34.0438,-118.2416,0
02/01/2020 12:00:00 AM,Rampart,BATTERY - SIMPLE ASSAULT,34.0555,-118.2655,0
11/10/2020 12:00:00 AM,West LA,"BUNCO, PETTY THEFT",34.045,-118.5289,0
10/05/2020 12:00:00 AM,Harbor,"VANDALISM - FELONY ($400 & OVER, ALL CHURCH VANDALISMS)",33.8607,-118.2992,0
12/09/2020 12:00:00 AM,West LA,THEFT OF IDENTITY,34.0704,-118.4605,0
03/31/2020 12:00:00 AM,Southwest,"VANDALISM - FELONY ($400 & OVER, ALL CHURCH VANDALISMS)",34.0256,-118.3351,0
08/08/2020 12:00:00 AM,77th Street,VEHICLE - STOLEN,33.9951,-118.3046,0
11/24/2020 12:00:00 AM,Rampart,THEFT PLAIN - PETTY ($950 & UNDER),34.0587,-118.2678,0
01/04/2020 12:00:00 AM,Newton,"VANDALISM - FELONY ($400 & OVER, ALL CHURCH VANDALISMS)",34.0151,-118.2471,0
10/24/2020 12:00:00 AM,Hollywood,VANDALISM - MISDEAMEANOR ($399 OR UNDER),34.098,-118.3201,0
11/16/2020 12:00:00 AM,Central,BURGLARY FROM VEHICLE,34.0459,-118.2579,0
09/03/2020 12:00:00 AM,Wilshire,BATTERY - SIMPLE ASSAULT,34.0573,-118.3459,0
08/01/2020 12:00:00 AM,Rampart,"LETTERS, LEWD  -  TELEPHONE CALLS, LEWD",34.0445,-118.2842,0
10/04/2020 12:00:00 AM,Hollenbeck,SEXUAL PENETRATION W/FOREIGN OBJECT,34.0435,-118.2131,0
12/08/2020 12:00:00 AM,77th Street,BURGLARY FROM VEHICLE,33.9688,-118.2891,0
02/09/2020 12:00:00 AM,Hollenbeck,INTIMATE PARTNER - SIMPLE ASSAULT,34.0506,-118.2135,0
10/18/2020 12:00:00 AM,Rampart,"BUNCO, GRAND THEFT",34.0649,-118.2838,0
09/05/2020 12:00:00 AM,Rampart,CRIMINAL THREATS - NO WEAPON DISPLAYED,34.0667,-118.2703,0
11/13/2020 12:00:00 AM,Central,BATTERY - SIMPLE ASSAULT,34.0542,-118.2415,0
08/15/2020 12:00:00 AM,Harbor,INTIMATE PARTNER - SIMPLE ASSAULT,33.7909,-118.2481,0
06/10/2020 12:00:00 AM,Rampart,BRANDISH WEAPON,34.0576,-118.2644,0
05/03/2020 12:00:00 AM,Hollenbeck,INTIMATE PARTNER - AGGRAVATED ASSAULT,34.0757,-118.2177,0
09/07/2020 12:00:00 AM,Central,INTIMATE PARTNER - SIMPLE ASSAULT,34.0437,-118.2582,0
02/27/2020 12:00:00 AM,Wilshire,THEFT PLAIN - PETTY ($950 & UNDER),34.0496,-118.3425,0
07/27/2020 12:00:00 AM,Hollenbeck,CRIMINAL THREATS - NO WEAPON DISPLAYED,34.072,-118.2039,0
03/14/2020 12:00:00 AM,Hollenbeck,"THEFT-GRAND ($950.01 & OVER)EXCPT,GUNS,FOWL,LIVESTK,PROD",34.0715,-118.1748,0
04/24/2020 12:00:00 AM,Hollywood,RESISTING ARREST,34.1016,-118.3325,0
09/05/2020 12:00:00 AM,Rampart,"ASSAULT WITH DEADLY WEAPON, AGGRAVATED ASSAULT",34.0836,-118.2949,0
10/05/2020 12:00:00 AM,Hollywood,BURGLARY FROM VEHICLE,34.0998,-118.3468,0
04/13/2020 12:00:00 AM,77th Street,"SEX,UNLAWFUL(INC MUTUAL CONSENT, PENETRATION W/ FRGN OBJ",33.9829,-118.3309,0
10/15/2020 12:00:00 AM,77th Street,"ASSAULT WITH DEADLY WEAPON, AGGRAVATED ASSAULT",33.9679,-118.2739,0
02/02/2020 12:00:00 AM,Southwest,THEFT FROM MOTOR VEHICLE - PETTY ($950 & UNDER),34.0309,-118.297,0
02/13/2020 12:00:00 AM,Southwest,"VEHICLE, STOLEN - OTHER (MOTORIZED SCOOTERS, BIKES, ETC)",34.0261,-118.3662,0
06/16/2020 12:00:00 AM,Rampart,VEHICLE - STOLEN,34.0791,-118.2718,0
03/28/2020 12:00:00 AM,Hollywood,"THEFT-GRAND ($950.01 & OVER)EXCPT,GUNS,FOWL,LIVESTK,PROD",34.1053,-118.3169,0
11/20/2020 12:00:00 AM,West LA,TRESPASSING,34.0295,-118.3967,0
09/19/2020 12:00:00 AM,77th Street,"VANDALISM - FELONY ($400 & OVER, ALL CHURCH VANDALISMS)",33.9937,-118.3306,0
03/06/2020 12:00:00 AM,Central,BATTERY - SIMPLE ASSAULT,34.0516,-118.2561,0
12/25/2020 12:00:00 AM,77th Street,INTIMATE PARTNER - SIMPLE ASSAULT,33.9712,-118.2739,0
02/01/2020 12:00:00 AM,Hollywood,"SEX,UNLAWFUL(INC MUTUAL CONSENT, PENETRATION W/ FRGN OBJ",34.0918,-118.3109,0
07/15/2020 12:00:00 AM,Southwest,"VANDALISM - FELONY ($400 & OVER, ALL CHURCH VANDALISMS)",34.014,-118.3241,0
03/11/2020 12:00:00 AM,West Valley,BATTERY - SIMPLE ASSAULT,34.1552,-118.4749,0
03/31/2020 12:00:00 AM,Hollywood,THEFT OF IDENTITY,34.1053,-118.3192,0
03/02/2020 12:00:00 AM,Harbor,INTIMATE PARTNER - SIMPLE ASSAULT,33.7365,-118.2923,0
03/28/2020 12:00:00 AM,West LA,"VANDALISM - FELONY ($400 & OVER, ALL CHURCH VANDALISMS)",34.0319,-118.4563,0
04/26/2020 12:00:00 AM,77th Street,VEHICLE - STOLEN,33.9455,-118.309,0
02/09/2020 12:00:00 AM,Van Nuys,THEFT PLAIN - PETTY ($950 & UNDER),34.2012,-118.4444,0
06/20/2020 12:00:00 AM,Hollenbeck,BURGLARY FROM VEHICLE,34.089,-118.1771,0
07/25/2020 12:00:00 AM,Southwest,VEHICLE - STOLEN,34.0286,-118.3002,0
02/19/2020 12:00:00 AM,Newton,VANDALISM - MISDEAMEANOR ($399 OR UNDER),34.0111,-118.2784,0
03/17/2020 12:00:00 AM,Newton,BATTERY - SIMPLE ASSAULT,34.0136,-118.2565,0
09/24/2020 12:00:00 AM,Southwest,VEHICLE - STOLEN,34.0073,-118.3002,0
06/29/2020 12:00:00 AM,Wilshire,THEFT FROM MOTOR VEHICLE - GRAND ($950.01 AND OVER),34.0494,-118.3589,0
04/28/2020 12:00:00 AM,Hollywood,THEFT FROM MOTOR VEHICLE - PETTY ($950 & UNDER),34.0962,-118.3405,0
10/26/2020 12:00:00 AM,77th Street,"ASSAULT WITH DEADLY WEAPON, AGGRAVATED ASSAULT",33.9909,-118.2959,0
04/20/2020 12:00:00 AM,Newton,SHOPLIFTING - PETTY THEFT ($950 & UNDER),34.0111,-118.2784,0
10/16/2020 12:00:00 AM,Hollywood,BURGLARY,34.1046,-118.3489,0
05/06/2020 12:00:00 AM,Central,"ASSAULT WITH DEADLY WEAPON, AGGRAVATED ASSAULT",34.0527,-118.2398,0
07/14/2020 12:00:00 AM,Hollenbeck,"THEFT-GRAND ($950.01 & OVER)EXCPT,GUNS,FOWL,LIVESTK,PROD",34.0388,-118.1987,0
04/05/2020 12:00:00 AM,Wilshire,BURGLARY FROM VEHICLE,34.0838,-118.3638,0
07/15/2020 12:00:00 AM,West LA,TRESPASSING,34.0909,-118.4517,0
08/28/2020 12:00:00 AM,Hollywood,"VANDALISM - FELONY ($400 & OVER, ALL CHURCH VANDALISMS)",34.0944,-118.3234,0
07/20/2020 12:00:00 AM,Harbor,VIOLATION OF RESTRAINING ORDER,33.785,-118.2779,0
07/21/2020 12:00:00 AM,77th Street,ROBBERY,33.9932,-118.292,0
03/25/2020 12:00:00 AM,West Valley,"BURGLARY, ATTEMPTED",34.1866,-118.5448,0
05/08/2020 12:00:00 AM,77th Street,"ASSAULT WITH DEADLY WEAPON, AGGRAVATED ASSAULT",33.9802,-118.3246,0
08/06/2020 12:00:00 AM,West Valley,BATTERY - SIMPLE ASSAULT,34.1667,-118.5244,0
02/18/2020 12:00:00 AM,West LA,BURGLARY,34.0327,-118.3822,0
06/21/2020 12:00:00 AM,Northeast,BURGLARY,34.108,-118.1961,0
07/04/2020 12:00:00 AM,West Valley,DISCHARGE FIREARMS/SHOTS FIRED,34.147,-118.5271,0
09/23/2020 12:00:00 AM,Harbor,THEFT OF IDENTITY,33.7903,-118.2446,0
11/14/2020 12:00:00 AM,West Valley,BRANDISH WEAPON,34.2084,-118.5012,0
05/25/2020 12:00:00 AM,Northeast,THEFT FROM MOTOR VEHICLE - GRAND ($950.01 AND OVER),34.0816,-118.2573,0
12/11/2020 12:00:00 AM,Southwest,VEHICLE - STOLEN,34.0219,-118.3075,0
05/24/2020 12:00:00 AM,Hollywood,BATTERY - SIMPLE ASSAULT,34.1016,-118.3452,0
01/20/2020 12:00:00 AM,Southwest,THEFT PLAIN - PETTY ($950 & UNDER),34.0268,-118.2896,0
02/28/2020 12:00:00 AM,Southwest,"VANDALISM - FELONY ($400 & OVER, ALL CHURCH VANDALISMS)",34.0065,-118.2872,0
05/01/2020 12:00:00 AM,Northeast,"ASSAULT WITH DEADLY WEAPON, AGGRAVATED ASSAULT",34.114,-118.1949,0
07/17/2020 12:00:00 AM,West Valley,CRIMINAL THREATS - NO WEAPON DISPLAYED,34.2192,-118.552,0
08/01/2020 12:00:00 AM,Central,"VANDALISM - FELONY ($400 & OVER, ALL CHURCH VANDALISMS)",34.0408,-118.2512,0
02/08/2020 12:00:00 AM,77th Street,"CREDIT CARDS, FRAUD USE ($950 & UNDER",33.9713,-118.2739,0
11/09/2020 12:00:00 AM,Southwest,BATTERY - SIMPLE ASSAULT,34.0273,-118.3078,0
02/23/2020 12:00:00 AM,Newton,"LETTERS, LEWD  -  TELEPHONE CALLS, LEWD",34.0048,-118.2543,0
05/22/2020 12:00:00 AM,Rampart,BURGLARY FROM VEHICLE,34.0677,-118.2844,0
09/04/2020 12:00:00 AM,Rampart,THEFT FROM MOTOR VEHICLE - PETTY ($950 & UNDER),34.0634,-118.2643,0
11/07/2020 12:00:00 AM,Hollywood,"ASSAULT WITH DEADLY WEAPON, AGGRAVATED ASSAULT",34.1038,-118.3151,0
01/26/2020 12:00:00 AM,Northeast,ROBBERY,34.0902,-118.2597,0
10/18/2020 12:00:00 AM,Van Nuys,BATTERY - SIMPLE ASSAULT,34.1846,-118.4531,0
08/03/2020 12:00:00 AM,Central,INTIMATE PARTNER - SIMPLE ASSAULT,34.0474,-118.2496,0
01/26/2020 12:00:00 AM,West Valley,ROBBERY,34.1722,-118.5011,0
12/19/2020 12:00:00 AM,Southwest,THEFT PLAIN - PETTY ($950 & UNDER),34.0172,-118.3089,0
07/31/2020 12:00:00 AM,Wilshire,BURGLARY FROM VEHICLE,34.0572,-118.3482,0
12/11/2020 12:00:00 AM,Harbor,CHILD ABUSE (PHYSICAL) - AGGRAVATED ASSAULT,33.7836,-118.3001,0
11/29/2020 12:00:00 AM,77th Street,ROBBERY,33.9858,-118.2915,0
11/16/2020 12:00:00 AM,West Valley,BRANDISH WEAPON,34.2148,-118.5404,0
05/04/2020 12:00:00 AM,Van Nuys,VEHICLE - STOLEN,34.1721,-118.4537,0
11/22/2020 12:00:00 AM,77th Street,ATTEMPTED ROBBERY,33.9825,-118.2871,0
05/29/2020 12:00:00 AM,Central,BURGLARY,34.0495,-118.2494,0
11/08/2020 12:00:00 AM,Central,THEFT PLAIN - PETTY ($950 & UNDER),34.0444,-118.2541,0
01/17/2020 12:00:00 AM,West LA,THEFT OF IDENTITY,34.057,-118.3966,0
07/07/2020 12:00:00 AM,Wilshire,"ASSAULT WITH DEADLY WEAPON, AGGRAVATED ASSAULT",34.0413,-118.3495,0
10/28/2020 12:00:00 AM,Hollenbeck,CRIMINAL HOMICIDE,34.0886,-118.1724,0
04/20/2020 12:00:00 AM,West LA,THEFT PLAIN - PETTY ($950 & UNDER),34.045,-118.4557,0
10/17/2020 12:00:00 AM,Harbor,BURGLARY,33.7729,-118.2593,0
03/23/2020 12:00:00 AM,Newton,BURGLARY,34.015,-118.2643,0
10/29/2020 12:00:00 AM,77th Street,BATTERY - SIMPLE ASSAULT,33.9605,-118.309,0
02/22/2020 12:00:00 AM,West Valley,ATTEMPTED ROBBERY,34.2012,-118.5342,0
04/29/2020 12:00:00 AM,Harbor,"VANDALISM - FELONY ($400 & OVER, ALL CHURCH VANDALISMS)",33.7908,-118.2708,0
04/29/2020 12:00:00 AM,77th Street,BURGLARY FROM VEHICLE,33.9863,-118.2881,0
02/29/2020 12:00:00 AM,Wilshire,INTIMATE PARTNER - SIMPLE ASSAULT,34.0449,-118.3411,0
11/27/2020 12:00:00 AM,Rampart,OTHER ASSAULT,34.0486,-118.2819,0
11/12/2020 12:00:00 AM,Harbor,"VANDALISM - FELONY ($400 & OVER, ALL CHURCH VANDALISMS)",33.7739,-118.2678,0
11/05/2020 12:00:00 AM,Wilshire,BURGLARY,34.061,-118.3619,0
07/02/2020 12:00:00 AM,Southwest,BRANDISH WEAPON,34.0275,-118.3659,0
11/08/2020 12:00:00 AM,West LA,BIKE - STOLEN,34.0645,-118.4509,0
02/09/2020 12:00:00 AM,Van Nuys,CRIMINAL THREATS - NO WEAPON DISPLAYED,34.1722,-118.4334,0
02/28/2020 12:00:00 AM,Wilshire,VEHICLE - STOLEN,34.0782,-118.3695,0
05/30/2020 12:00:00 AM,Hollywood,VEHICLE - STOLEN,34.1018,-118.3056,0
07/04/2020 12:00:00 AM,Northeast,"VANDALISM - FELONY ($400 & OVER, ALL CHURCH VANDALISMS)",34.1144,-118.2561,0
08/23/2020 12:00:00 AM,77th Street,VEHICLE - STOLEN,33.9574,-118.3025,0
07/31/2020 12:00:00 AM,Rampart,VEHICLE - STOLEN,34.0643,-118.2824,0
08/14/2020 12:00:00 AM,Southwest,DISCHARGE FIREARMS/SHOTS FIRED,34.036,-118.3155,0
12/09/2020 12:00:00 AM,Northeast,VEHICLE - STOLEN,34.0804,-118.2658,0
11/29/2020 12:00:00 AM,Rampart,THEFT FROM MOTOR VEHICLE - GRAND ($950.01 AND OVER),34.079,-118.2966,0
07/12/2020 12:00:00 AM,Wilshire,BURGLARY,34.0726,-118.3463,0
10/21/2020 12:00:00 AM,77th Street,OTHER ASSAULT,33.9933,-118.2831,0
11/06/2020 12:00:00 AM,Northeast,ROBBERY,34.083,-118.2601,0
01/01/2020 12:00:00 AM,Southwest,VANDALISM - MISDEAMEANOR ($399 OR UNDER),33.9964,-118.3247,0
04/20/2020 12:00:00 AM,Hollywood,TRESPASSING,34.1016,-118.331,0
01/01/2020 12:00:00 AM,77th Street,VIOLATION OF RESTRAINING ORDER,33.9583,-118.3003,0
03/07/2020 12:00:00 AM,Hollywood,"VANDALISM - FELONY ($400 & OVER, ALL CHURCH VANDALISMS)",34.0981,-118.3113,0
10/28/2020 12:00:00 AM,Hollywood,"BUNCO, PETTY THEFT",34.1032,-118.3374,0
10/20/2020 12:00:00 AM,Hollywood,"BUNCO, GRAND THEFT",34.0926,-118.3201,0
09/27/2020 12:00:00 AM,Wilshire,BURGLARY FROM VEHICLE,34.0573,-118.3491,0
02/14/2020 12:00:00 AM,West Valley,BURGLARY,34.2083,-118.4734,0
11/02/2020 12:00:00 AM,Wilshire,BURGLARY FROM VEHICLE,34.0353,-118.3669,0
10/08/2020 12:00:00 AM,West Valley,THEFT FROM MOTOR VEHICLE - GRAND ($950.01 AND OVER),34.2102,-118.5361,0
01/25/2020 12:00:00 AM,West Valley,"ASSAULT WITH DEADLY WEAPON, AGGRAVATED ASSAULT",34.1892,-118.4837,0
07/07/2020 12:00:00 AM,Harbor,BATTERY - SIMPLE ASSAULT,33.7657,-118.3004,0
09/04/2020 12:00:00 AM,Northeast,"ASSAULT WITH DEADLY WEAPON, AGGRAVATED ASSAULT",34.0921,-118.2105,0
07/11/2020 12:00:00 AM,77th Street,BURGLARY,33.959,-118.3007,0
06/06/2020 12:00:00 AM,Van Nuys,INTIMATE PARTNER - SIMPLE ASSAULT,34.2048,-118.4531,0
09/15/2020 12:00:00 AM,Hollenbeck,ROBBERY,34.0373,-118.2044,0
12/27/2020 12:00:00 AM,Hollywood,CRIMINAL THREATS - NO WEAPON DISPLAYED,34.0987,-118.3337,0
03/15/2020 12:00:00 AM,Northeast,INTIMATE PARTNER - SIMPLE ASSAULT,34.1025,-118.2723,0
12/27/2020 12:00:00 AM,77th Street,THEFT FROM MOTOR VEHICLE - PETTY ($950 & UNDER),33.9647,-118.2586,0
01/19/2020 12:00:00 AM,West LA,THEFT OF IDENTITY,34.0479,-118.3804,0
04/29/2020 12:00:00 AM,77th Street,BURGLARY,33.9638,-118.2629,0
06/13/2020 12:00:00 AM,West LA,BATTERY - SIMPLE ASSAULT,34.0473,-118.4768,0
09/27/2020 12:00:00 AM,Hollywood,SHOPLIFTING-GRAND THEFT ($950.01 & OVER),34.1038,-118.3151,0
06/20/2020 12:00:00 AM,Northeast,"VANDALISM - FELONY ($400 & OVER, ALL CHURCH VANDALISMS)",34.1139,-118.2769,0
10/03/2020 12:00:00 AM,Wilshire,INTIMATE PARTNER - SIMPLE ASSAULT,34.0436,-118.3189,0
10/19/2020 12:00:00 AM,Hollywood,ROBBERY,34.098,-118.3353,0
02/19/2020 12:00:00 AM,Central,INTIMATE PARTNER - SIMPLE ASSAULT,34.044,-118.2467,0
01/15/2020 12:00:00 AM,Hollywood,INTIMATE PARTNER - SIMPLE ASSAULT,34.103,-118.3225,0
06/30/2020 12:00:00 AM,West Valley,VEHICLE - STOLEN,34.1667,-118.5244,0
03/04/2020 12:00:00 AM,Southwest,VEHICLE - STOLEN,34.0055,-118.2969,0
02/11/2020 12:00:00 AM,Harbor,THEFT FROM MOTOR VEHICLE - GRAND ($950.01 AND OVER),33.7368,-118.3119,0
07/25/2020 12:00:00 AM,77th Street,VANDALISM - MISDEAMEANOR ($399 OR UNDER),33.9747,-118.2838,0
12/04/2020 12:00:00 AM,Hollenbeck,"LETTERS, LEWD  -  TELEPHONE CALLS, LEWD",34.0245,-118.2024,0
11/15/2020 12:00:00 AM,West Valley,THEFT PLAIN - PETTY ($950 & UNDER),34.2113,-118.5245,0
09/10/2020 12:00:00 AM,Hollywood,BATTERY - SIMPLE ASSAULT,34.098,-118.3266,0
06/27/2020 12:00:00 AM,Harbor,BURGLARY,33.7079,-118.2885,0
10/27/2020 12:00:00 AM,Southwest,THEFT PLAIN - PETTY ($950 & UNDER),34.0275,-118.2875,0
08/16/2020 12:00:00 AM,West Valley,THEFT PLAIN - PETTY ($950 & UNDER),34.2084,-118.5082,0
07/25/2020 12:00:00 AM,Hollenbeck,THEFT OF IDENTITY,34.0951,-118.1871,0
08/20/2020 12:00:00 AM,Hollywood,ROBBERY,34.1309,-118.3452,0
12/09/2020 12:00:00 AM,Southwest,BURGLARY,34.035,-118.2811,0
09/30/2020 12:00:00 AM,West LA,"LETTERS, LEWD  -  TELEPHONE CALLS, LEWD",34.033,-118.4504,0
03/30/2020 12:00:00 AM,Northeast,VEHICLE - STOLEN,34.1093,-118.1879,0
12/08/2020 12:00:00 AM,West Valley,"ASSAULT WITH DEADLY WEAPON, AGGRAVATED ASSAULT",34.1564,-118.4837,0
03/20/2020 12:00:00 AM,West LA,BURGLARY,34.0496,-118.4367,0
10/03/2020 12:00:00 AM,West LA,BURGLARY,34.1155,-118.3994,0
10/13/2020 12:00:00 AM,Northeast,VEHICLE - STOLEN,34.1078,-118.2024,0
03/10/2020 12:00:00 AM,77th Street,ROBBERY,33.9688,-118.2695,0
05/10/2020 12:00:00 AM,Wilshire,VANDALISM - MISDEAMEANOR ($399 OR UNDER),34.052,-118.3741,0
11/24/2020 12:00:00 AM,West Valley,BATTERY - SIMPLE ASSAULT,34.176,-118.5168,0
08/12/2020 12:00:00 AM,Wilshire,"VANDALISM - FELONY ($400 & OVER, ALL CHURCH VANDALISMS)",34.0667,-118.344,0
04/26/2020 12:00:00 AM,Van Nuys,THEFT FROM MOTOR VEHICLE - PETTY ($950 & UNDER),34.1667,-118.4662,0
03/04/2020 12:00:00 AM,Hollywood,INDECENT EXPOSURE,34.098,-118.3295,0
03/31/2020 12:00:00 AM,Van Nuys,BURGLARY FROM VEHICLE,34.1649,-118.4443,0
09/19/2020 12:00:00 AM,Wilshire,SHOPLIFTING - PETTY THEFT ($950 & UNDER),34.0734,-118.3765,0
09/05/2020 12:00:00 AM,West LA,VEHICLE - STOLEN,34.0583,-118.3799,0
03/26/2020 12:00:00 AM,Harbor,VEHICLE - STOLEN,33.7948,-118.3043,0
12/15/2020 12:00:00 AM,Van Nuys,ROBBERY,34.1867,-118.4449,0
04/29/2020 12:00:00 AM,West LA,VEHICLE - STOLEN,34.0645,-118.45,0
07/28/2020 12:00:00 AM,77th Street,CRIMINAL HOMICIDE,33.977,-118.3003,0
01/18/2020 12:00:00 AM,Southwest,CRIMINAL THREATS - NO WEAPON DISPLAYED,34.0235,-118.2858,0
04/15/2020 12:00:00 AM,West LA,"VANDALISM - FELONY ($400 & OVER, ALL CHURCH VANDALISMS)",34.0541,-118.4407,0
04/11/2020 12:00:00 AM,77th Street,INTIMATE PARTNER - AGGRAVATED ASSAULT,33.9615,-118.2739,0
01/10/2020 12:00:00 AM,Harbor,TRESPASSING,33.7288,-118.2813,0
09/04/2020 12:00:00 AM,Harbor,THEFT PLAIN - PETTY ($950 & UNDER),33.7252,-118.2929,0
07/19/2020 12:00:00 AM,West Valley,VEHICLE - STOLEN,34.201,-118.5546,0
02/02/2020 12:00:00 AM,West LA,PEEPING TOM,34.0341,-118.4525,0
11/16/2020 12:00:00 AM,Southwest,BURGLARY FROM VEHICLE,34.0306,-118.3207,0
08/28/2020 12:00:00 AM,Van Nuys,VEHICLE - STOLEN,34.1951,-118.4487,0
08/15/2020 12:00:00 AM,77th Street,"ASSAULT WITH DEADLY WEAPON, AGGRAVATED ASSAULT",33.9688,-118.2833,0
01/25/2020 12:00:00 AM,Newton,THEFT PLAIN - PETTY ($950 & UNDER),34.0136,-118.2565,0
10/02/2020 12:00:00 AM,Wilshire,BATTERY - SIMPLE ASSAULT,34.0623,-118.3494,0
10/26/2020 12:00:00 AM,Rampart,TRESPASSING,34.0602,-118.2628,0
12/17/2020 12:00:00 AM,Central,BURGLARY FROM VEHICLE,34.0387,-118.2678,0
02/22/2020 12:00:00 AM,West LA,THEFT FROM MOTOR VEHICLE - PETTY ($950 & UNDER),34.0553,-118.3894,0
12/01/2020 12:00:00 AM,West LA,THEFT FROM MOTOR VEHICLE - PETTY ($950 & UNDER),34.0313,-118.4007,0
10/09/2020 12:00:00 AM,Harbor,BURGLARY,33.8002,-118.2622,0
02/02/2020 12:00:00 AM,77th Street,BATTERY - SIMPLE ASSAULT,33.9806,-118.2838,0
02/16/2020 12:00:00 AM,Newton,VANDALISM - MISDEAMEANOR ($399 OR UNDER),34.035,-118.2478,0
10/14/2020 12:00:00 AM,Hollywood,"ASSAULT WITH DEADLY WEAPON, AGGRAVATED ASSAULT",34.0835,-118.331,0
02/25/2020 12:00:00 AM,Hollywood,ARSON,34.104,-118.318,0
01/10/2020 12:00:00 AM,77th Street,BATTERY POLICE (SIMPLE),33.9708,-118.2783,0
09/23/2020 12:00:00 AM,Northeast,THEFT FROM MOTOR VEHICLE - PETTY ($950 & UNDER),34.0797,-118.2601,0
08/15/2020 12:00:00 AM,Rampart,VANDALISM - MISDEAMEANOR ($399 OR UNDER),34.0529,-118.2776,0
09/30/2020 12:00:00 AM,West LA,THEFT FROM MOTOR VEHICLE - PETTY ($950 & UNDER),34.0545,-118.4635,0
12/18/2020 12:00:00 AM,Harbor,INTIMATE PARTNER - AGGRAVATED ASSAULT,33.7361,-118.295,0
08/17/2020 12:00:00 AM,West LA,THEFT OF IDENTITY,34.0391,-118.4506,0
01/24/2020 12:00:00 AM,Southwest,"SHOTS FIRED AT MOVING VEHICLE, TRAIN OR AIRCRAFT",34.0328,-118.323,0
02/15/2020 12:00:00 AM,West LA,BURGLARY,34.0704,-118.455,0
11/21/2020 12:00:00 AM,Hollenbeck,"VANDALISM - FELONY ($400 & OVER, ALL CHURCH VANDALISMS)",34.0676,-118.2202,0
07/12/2020 12:00:00 AM,Southwest,BATTERY - SIMPLE ASSAULT,34.0203,-118.3467,0
06/28/2020 12:00:00 AM,Northeast,THEFT PLAIN - PETTY ($950 & UNDER),34.1122,-118.2857,0
03/07/2020 12:00:00 AM,77th Street,CRIMINAL HOMICIDE,33.9951,-118.3171,0
11/04/2020 12:00:00 AM,Van Nuys,VEHICLE - STOLEN,34.1951,-118.4487,0
07/01/2020 12:00:00 AM,Harbor,VEHICLE - STOLEN,33.746,-118.2906,0
06/08/2020 12:00:00 AM,Southwest,ROBBERY,34.0278,-118.3378,0
02/07/2020 12:00:00 AM,Van Nuys,BURGLARY FROM VEHICLE,34.1576,-118.438,0
12/26/2020 12:00:00 AM,Hollywood,"VANDALISM - FELONY ($400 & OVER, ALL CHURCH VANDALISMS)",34.0998,-118.3211,0
07/13/2020 12:00:00 AM,Rampart,BURGLARY FROM VEHICLE,34.0884,-118.2841,0
06/16/2020 12:00:00 AM,Hollywood,THEFT OF IDENTITY,34.1003,-118.3166,0
01/01/2020 12:00:00 AM,Southwest,BURGLARY FROM VEHICLE,34.0309,-118.2981,0
12/16/2020 12:00:00 AM,Rampart,VEHICLE - STOLEN,34.0574,-118.2733,0
09/08/2020 12:00:00 AM,Rampart,"ASSAULT WITH DEADLY WEAPON, AGGRAVATED ASSAULT",34.0594,-118.2821,0
04/21/2020 12:00:00 AM,Wilshire,BRANDISH WEAPON,34.0783,-118.3397,0
04/13/2020 12:00:00 AM,77th Street,"RAPE, FORCIBLE",33.9867,-118.3002,0
09/29/2020 12:00:00 AM,West Valley,BURGLARY FROM VEHICLE,34.2039,-118.4749,0
06/21/2020 12:00:00 AM,Southwest,THEFT OF IDENTITY,34.0261,-118.326,0
07/14/2020 12:00:00 AM,Hollenbeck,BURGLARY,34.0386,-118.2201,0
06/09/2020 12:00:00 AM,77th Street,ROBBERY,33.9688,-118.2871,0
08/02/2020 12:00:00 AM,Van Nuys,VEHICLE - STOLEN,34.1649,-118.416,0
10/28/2020 12:00:00 AM,Central,ASSAULT WITH DEADLY WEAPON ON POLICE OFFICER,34.0423,-118.2595,0
10/03/2020 12:00:00 AM,Van Nuys,THEFT PLAIN - PETTY ($950 & UNDER),34.1535,-118.464,0
06/26/2020 12:00:00 AM,Hollenbeck,BATTERY - SIMPLE ASSAULT,34.0376,-118.2166,0
10/29/2020 12:00:00 AM,Central,THEFT FROM MOTOR VEHICLE - PETTY ($950 & UNDER),34.0381,-118.2566,0
06/16/2020 12:00:00 AM,Southwest,BATTERY - SIMPLE ASSAULT,34.0327,-118.3002,0
05/10/2020 12:00:00 AM,77th Street,BURGLARY,33.9717,-118.2871,0
09/26/2020 12:00:00 AM,West Valley,VEHICLE - STOLEN,34.1975,-118.4859,0
03/23/2020 12:00:00 AM,Van Nuys,VEHICLE - STOLEN,34.194,-118.4312,0
09/13/2020 12:00:00 AM,Northeast,BURGLARY,34.1218,-118.2251,0
11/23/2020 12:00:00 AM,77th Street,SHOTS FIRED AT INHABITED DWELLING,33.9627,-118.3047,0
01/06/2020 12:00:00 AM,Southwest,BATTERY - SIMPLE ASSAULT,34.0219,-118.3045,0
05/25/2020 12:00:00 AM,Wilshire,THEFT FROM MOTOR VEHICLE - PETTY ($950 & UNDER),34.0584,-118.366,0
08/07/2020 12:00:00 AM,West Valley,THEFT PLAIN - PETTY ($950 & UNDER),34.1994,-118.4837,0
12/20/2020 12:00:00 AM,Rampart,CRIMINAL HOMICIDE,34.0424,-118.281,0
03/21/2020 12:00:00 AM,West LA,DOCUMENT FORGERY / STOLEN FELONY,34.0447,-118.454,0
07/28/2020 12:00:00 AM,Rampart,BATTERY - SIMPLE ASSAULT,34.0671,-118.2806,0
01/15/2020 12:00:00 AM,Northeast,BURGLARY FROM VEHICLE,34.1078,-118.2545,0
09/10/2020 12:00:00 AM,Wilshire,THEFT FROM MOTOR VEHICLE - GRAND ($950.01 AND OVER),34.0514,-118.3479,0
03/17/2020 12:00:00 AM,Central,THEFT FROM MOTOR VEHICLE - GRAND ($950.01 AND OVER),34.0452,-118.2569,0
04/16/2020 12:00:00 AM,77th Street,ROBBERY,33.9897,-118.2827,0
09/12/2020 12:00:00 AM,Central,SHOPLIFTING - PETTY THEFT ($950 & UNDER),34.043,-118.2606,0
01/28/2020 12:00:00 AM,Northeast,VEHICLE - STOLEN,34.0768,-118.2333,0
02/11/2020 12:00:00 AM,Newton,THEFT FROM MOTOR VEHICLE - PETTY ($950 & UNDER),34.0186,-118.2519,0
09/20/2020 12:00:00 AM,Northeast,VIOLATION OF COURT ORDER,34.1213,-118.274,0
08/06/2020 12:00:00 AM,77th Street,SHOPLIFTING - PETTY THEFT ($950 & UNDER),33.989,-118.329,0
04/17/2020 12:00:00 AM,Central,"ASSAULT WITH DEADLY WEAPON, AGGRAVATED ASSAULT",34.0467,-118.2556,0
11/06/2020 12:00:00 AM,77th Street,BATTERY - SIMPLE ASSAULT,33.9883,-118.2915,0
04/22/2020 12:00:00 AM,Newton,VEHICLE - STOLEN,34.0242,-118.2623,0
01/21/2020 12:00:00 AM,77th Street,BATTERY - SIMPLE ASSAULT,33.9897,-118.2937,0
07/04/2020 12:00:00 AM,Southwest,FAILURE TO YIELD,34.0229,-118.3224,0
12/08/2020 12:00:00 AM,Central,CRIMINAL THREATS - NO WEAPON DISPLAYED,34.0448,-118.2504,0
02/20/2020 12:00:00 AM,Southwest,THEFT FROM MOTOR VEHICLE - GRAND ($950.01 AND OVER),34.0326,-118.3296,0
04/28/2020 12:00:00 AM,Rampart,BURGLARY FROM VEHICLE,34.0835,-118.2799,0
10/03/2020 12:00:00 AM,Harbor,THEFT PLAIN - PETTY ($950 & UNDER),33.7344,-118.3078,0
04/16/2020 12:00:00 AM,Central,VEHICLE - STOLEN,34.0335,-118.2619,0
05/11/2020 12:00:00 AM,Northeast,BIKE - STOLEN,34.1036,-118.2945,0
10/20/2020 12:00:00 AM,West LA,BURGLARY FROM VEHICLE,34.0474,-118.445,0
11/03/2020 12:00:00 AM,77th Street,BATTERY - SIMPLE ASSAULT,33.9721,-118.2652,0
09/04/2020 12:00:00 AM,Southwest,VIOLATION OF COURT ORDER,34.0149,-118.3436,0
11/10/2020 12:00:00 AM,Wilshire,THEFT OF IDENTITY,34.0591,-118.3381,0
08/17/2020 12:00:00 AM,Hollenbeck,VEHICLE - STOLEN,34.0447,-118.2197,0
10/03/2020 12:00:00 AM,Wilshire,BIKE - STOLEN,34.0689,-118.3303,0
10/12/2020 12:00:00 AM,77th Street,VEHICLE - STOLEN,33.9819,-118.3068,0
03/29/2020 12:00:00 AM,Newton,BATTERY - SIMPLE ASSAULT,34.0177,-118.2525,0
04/13/2020 12:00:00 AM,Central,BATTERY - SIMPLE ASSAULT,34.0563,-118.2374,0
11/11/2020 12:00:00 AM,Van Nuys,INTIMATE PARTNER - SIMPLE ASSAULT,34.1744,-118.45,0
01/13/2020 12:00:00 AM,West LA,SHOPLIFTING - PETTY THEFT ($950 & UNDER),34.0332,-118.4499,0
01/14/2020 12:00:00 AM,Hollenbeck,INTIMATE PARTNER - SIMPLE ASSAULT,34.0788,-118.2197,0
06/09/2020 12:00:00 AM,Wilshire,CRIMINAL THREATS - NO WEAPON DISPLAYED,34.0623,-118.3462,0
05/14/2020 12:00:00 AM,77th Street,"RAPE, FORCIBLE",33.9673,-118.309,0
11/01/2020 12:00:00 AM,77th Street,"ASSAULT WITH DEADLY WEAPON, AGGRAVATED ASSAULT",33.9823,-118.2981,0
01/16/2020 12:00:00 AM,Rampart,BURGLARY FROM VEHICLE,34.0456,-118.2789,0
04/12/2020 12:00:00 AM,Southwest,INTIMATE PARTNER - SIMPLE ASSAULT,34.0177,-118.3488,0
09/19/2020 12:00:00 AM,Harbor,THEFT PLAIN - PETTY ($950 & UNDER),33.7501,-118.3092,0
04/05/2020 12:00:00 AM,Hollywood,BRANDISH WEAPON,34.098,-118.331,0
09/21/2020 12:00:00 AM,Wilshire,BURGLARY FROM VEHICLE,34.0801,-118.3615,0
06/01/2020 12:00:00 AM,West Valley,BURGLARY,34.1675,-118.5226,0
11/14/2020 12:00:00 AM,West Valley,BRANDISH WEAPON,34.2084,-118.5012,0
10/31/2020 12:00:00 AM,Central,BURGLARY FROM VEHICLE,34.0426,-118.2528,0
11/29/2020 12:00:00 AM,Northeast,THEFT FROM MOTOR VEHICLE - GRAND ($950.01 AND OVER),34.116,-118.2646,0
07/05/2020 12:00:00 AM,Central,CRIMINAL THREATS - NO WEAPON DISPLAYED,34.0465,-118.2488,0
10/05/2020 12:00:00 AM,Central,"THEFT-GRAND ($950.01 & OVER)EXCPT,GUNS,FOWL,LIVESTK,PROD",34.0459,-118.2526,0
05/26/2020 12:00:00 AM,Rampart,INTIMATE PARTNER - SIMPLE ASSAULT,34.0531,-118.2738,0
08/24/2020 12:00:00 AM,Wilshire,"BURGLARY, ATTEMPTED",34.0514,-118.3206,0
07/28/2020 12:00:00 AM,Southwest,"ASSAULT WITH DEADLY WEAPON, AGGRAVATED ASSAULT",34.0073,-118.3108,0
07/20/2020 12:00:00 AM,Wilshire,BATTERY POLICE (SIMPLE),34.0465,-118.3419,0
03/03/2020 12:00:00 AM,West Valley,BURGLARY FROM VEHICLE,34.1606,-118.5076,0
02/11/2020 12:00:00 AM,Newton,"ASSAULT WITH DEADLY WEAPON, AGGRAVATED ASSAULT",33.9905,-118.2621,0
07/19/2020 12:00:00 AM,Van Nuys,INTIMATE PARTNER - SIMPLE ASSAULT,34.1867,-118.4509,0
09/26/2020 12:00:00 AM,Rampart,THEFT FROM MOTOR VEHICLE - PETTY ($950 & UNDER),34.0591,-118.2739,0
07/25/2020 12:00:00 AM,Rampart,VANDALISM - MISDEAMEANOR ($399 OR UNDER),34.0596,-118.27,0
05/06/2020 12:00:00 AM,Harbor,THEFT FROM MOTOR VEHICLE - PETTY ($950 & UNDER),33.7823,-118.2476,0
11/08/2020 12:00:00 AM,Van Nuys,BURGLARY FROM VEHICLE,34.147,-118.4249,0
09/28/2020 12:00:00 AM,Central,BATTERY WITH SEXUAL CONTACT,34.0652,-118.2451,0
06/30/2020 12:00:00 AM,Van Nuys,VEHICLE - STOLEN,34.2048,-118.4487,0
07/14/2020 12:00:00 AM,Wilshire,THEFT OF IDENTITY,34.0704,-118.3552,0
05/31/2020 12:00:00 AM,Northeast,BATTERY - SIMPLE ASSAULT,34.1151,-118.2553,0
08/31/2020 12:00:00 AM,Northeast,SHOPLIFTING - PETTY THEFT ($950 & UNDER),34.1367,-118.2713,0
11/26/2020 12:00:00 AM,Wilshire,BURGLARY FROM VEHICLE,34.0527,-118.3241,0
01/19/2020 12:00:00 AM,Rampart,BATTERY - SIMPLE ASSAULT,34.0917,-118.2796,0
03/20/2020 12:00:00 AM,Van Nuys,THEFT OF IDENTITY,34.1721,-118.4662,0
02/11/2020 12:00:00 AM,Southwest,THEFT PLAIN - PETTY ($950 & UNDER),34.0282,-118.372,0
08/06/2020 12:00:00 AM,Rampart,VEHICLE - STOLEN,34.0508,-118.2819,0
01/31/2020 12:00:00 AM,Wilshire,BURGLARY,34.0398,-118.3697,0
07/04/2020 12:00:00 AM,Van Nuys,INTIMATE PARTNER - SIMPLE ASSAULT,34.1504,-118.4383,0
10/05/2020 12:00:00 AM,West Valley,BIKE - STOLEN,34.1841,-118.5485,0
05/15/2020 12:00:00 AM,West Valley,THEFT OF IDENTITY,34.2073,-118.548,0
04/23/2020 12:00:00 AM,77th Street,INTIMATE PARTNER - AGGRAVATED ASSAULT,33.959,-118.3068,0
06/08/2020 12:00:00 AM,Central,BURGLARY,34.0426,-118.2528,0
02/14/2020 12:00:00 AM,77th Street,ORAL COPULATION,33.9761,-118.2827,0
06/26/2020 12:00:00 AM,Southwest,VEHICLE - STOLEN,34.0276,-118.298,0
12/01/2020 12:00:00 AM,Harbor,BURGLARY,33.8315,-118.3069,0
09/01/2020 12:00:00 AM,West LA,OTHER ASSAULT,34.0346,-118.3857,0
08/18/2020 12:00:00 AM,Central,BATTERY - SIMPLE ASSAULT,34.0406,-118.268,0
06/13/2020 12:00:00 AM,Van Nuys,BATTERY - SIMPLE ASSAULT,34.1831,-118.4312,0
04/17/2020 12:00:00 AM,Van Nuys,"VANDALISM - FELONY ($400 & OVER, ALL CHURCH VANDALISMS)",34.1767,-118.464,0
09/01/2020 12:00:00 AM,77th Street,CHILD ABUSE (PHYSICAL) - SIMPLE ASSAULT,33.9684,-118.2827,0
11/19/2020 12:00:00 AM,Wilshire,ROBBERY,34.0427,-118.3423,0
06/02/2020 12:00:00 AM,Hollenbeck,BURGLARY FROM VEHICLE,34.0386,-118.2201,0
03/16/2020 12:00:00 AM,West Valley,TRESPASSING,34.1674,-118.5186,0
10/18/2020 12:00:00 AM,Van Nuys,"VANDALISM - FELONY ($400 & OVER, ALL CHURCH VANDALISMS)",34.1757,-118.4662,0
10/10/2020 12:00:00 AM,West LA,BATTERY - SIMPLE ASSAULT,34.06,-118.42,0
02/25/2020 12:00:00 AM,Hollenbeck,"VANDALISM - FELONY ($400 & OVER, ALL CHURCH VANDALISMS)",34.0921,-118.1668,0
05/28/2020 12:00:00 AM,Harbor,CRIMINAL THREATS - NO WEAPON DISPLAYED,33.7868,-118.2658,0
01/29/2020 12:00:00 AM,Hollywood,CHILD ABUSE (PHYSICAL) - SIMPLE ASSAULT,34.0986,-118.388,0
09/06/2020 12:00:00 AM,Central,"VANDALISM - FELONY ($400 & OVER, ALL CHURCH VANDALISMS)",34.0624,-118.2383,0
11/10/2020 12:00:00 AM,Central,THEFT PLAIN - PETTY ($950 & UNDER),34.048,-118.256,0
02/14/2020 12:00:00 AM,Rampart,ROBBERY,34.0596,-118.2701,0
01/29/2020 12:00:00 AM,Hollenbeck,VEHICLE - STOLEN,34.0676,-118.2116,0
11/02/2020 12:00:00 AM,Harbor,BURGLARY,33.8727,-118.2819,0
11/05/2020 12:00:00 AM,Central,THEFT PLAIN - PETTY ($950 & UNDER),34.0406,-118.2578,0
07/05/2020 12:00:00 AM,Central,BURGLARY FROM VEHICLE,34.0447,-118.2452,0
09/28/2020 12:00:00 AM,Harbor,"THEFT, PERSON",33.7079,-118.2885,0
10/07/2020 12:00:00 AM,Rampart,BATTERY - SIMPLE ASSAULT,34.0601,-118.2761,0
05/21/2020 12:00:00 AM,Harbor,BATTERY - SIMPLE ASSAULT,33.7306,-118.284,0
09/07/2020 12:00:00 AM,Central,THEFT PLAIN - PETTY ($950 & UNDER),34.0458,-118.2614,0
10/30/2020 12:00:00 AM,Central,BATTERY - SIMPLE ASSAULT,34.0388,-118.2574,0
01/22/2020 12:00:00 AM,Rampart,THEFT PLAIN - ATTEMPT,34.0555,-118.2647,0
04/24/2020 12:00:00 AM,Newton,VEHICLE - STOLEN,34.0174,-118.2621,0
01/29/2020 12:00:00 AM,77th Street,INTIMATE PARTNER - SIMPLE ASSAULT,33.9792,-118.2893,0
08/24/2020 12:00:00 AM,Harbor,VEHICLE - STOLEN,33.7096,-118.2928,0
03/21/2020 12:00:00 AM,Harbor,BATTERY - SIMPLE ASSAULT,33.7888,-118.2631,0
07/04/2020 12:00:00 AM,Hollywood,BATTERY - SIMPLE ASSAULT,34.098,-118.3228,0
09/21/2020 12:00:00 AM,Southwest,VEHICLE - STOLEN,34.0215,-118.3525,0
06/15/2020 12:00:00 AM,Northeast,BURGLARY FROM VEHICLE,34.0755,-118.2321,0
07/03/2020 12:00:00 AM,Hollywood,THEFT FROM MOTOR VEHICLE - GRAND ($950.01 AND OVER),34.0998,-118.3211,0
03/15/2020 12:00:00 AM,Southwest,"ASSAULT WITH DEADLY WEAPON, AGGRAVATED ASSAULT",34.0093,-118.3057,0
07/30/2020 12:00:00 AM,Central,BURGLARY FROM VEHICLE,34.0459,-118.2579,0
05/24/2020 12:00:00 AM,Southwest,ROBBERY,34.0145,-118.3045,0
06/27/2020 12:00:00 AM,Central,BATTERY - SIMPLE ASSAULT,34.0479,-118.2612,0
03/07/2020 12:00:00 AM,77th Street,THEFT PLAIN - PETTY ($950 & UNDER),33.9863,-118.2881,0
03/18/2020 12:00:00 AM,Newton,BURGLARY,34.0218,-118.2707,0
08/06/2020 12:00:00 AM,Rampart,BATTERY - SIMPLE ASSAULT,34.0402,-118.2836,0
01/01/2020 12:00:00 AM,Hollenbeck,VANDALISM - MISDEAMEANOR ($399 OR UNDER),34.073,-118.1711,0
09/10/2020 12:00:00 AM,Southwest,CRIMINAL THREATS - NO WEAPON DISPLAYED,34.01,-118.3241,0
11/30/2020 12:00:00 AM,Van Nuys,BURGLARY,34.1939,-118.4243,0
02/14/2020 12:00:00 AM,Central,INTIMATE PARTNER - SIMPLE ASSAULT,34.0572,-118.2481,0
04/29/2020 12:00:00 AM,Harbor,THEFT OF IDENTITY,33.756,-118.3045,0
04/20/2020 12:00:00 AM,Hollywood,"VANDALISM - FELONY ($400 & OVER, ALL CHURCH VANDALISMS)",34.1013,-118.3621,0
06/20/2020 12:00:00 AM,Northeast,BURGLARY FROM VEHICLE,34.1116,-118.1818,0
11/14/2020 12:00:00 AM,Rampart,"VANDALISM - FELONY ($400 & OVER, ALL CHURCH VANDALISMS)",34.0563,-118.281,0
02/01/2020 12:00:00 AM,Southwest,BURGLARY,34.0327,-118.309,0
07/28/2020 12:00:00 AM,Harbor,BATTERY - SIMPLE ASSAULT,33.7321,-118.295,0
08/19/2020 12:00:00 AM,Hollenbeck,"ASSAULT WITH DEADLY WEAPON, AGGRAVATED ASSAULT",34.0748,-118.1802,0
05/01/2020 12:00:00 AM,Wilshire,"THEFT-GRAND ($950.01 & OVER)EXCPT,GUNS,FOWL,LIVESTK,PROD",34.0711,-118.344,0
05/11/2020 12:00:00 AM,Northeast,FAILURE TO YIELD,34.143,-118.1855,0
07/02/2020 12:00:00 AM,Rampart,VEHICLE - STOLEN,34.0872,-118.2892,0
11/21/2020 12:00:00 AM,West Valley,THEFT PLAIN - PETTY ($950 & UNDER),34.1939,-118.5084,0
03/01/2020 12:00:00 AM,West LA,BURGLARY,34.0495,-118.4609,0
10/04/2020 12:00:00 AM,Hollenbeck,VIOLATION OF COURT ORDER,34.0474,-118.1957,0
11/05/2020 12:00:00 AM,Wilshire,BURGLARY,34.0853,-118.3362,0
01/22/2020 12:00:00 AM,Van Nuys,BURGLARY,34.1684,-118.4586,0
10/23/2020 12:00:00 AM,Wilshire,BATTERY - SIMPLE ASSAULT,34.0522,-118.3334,0
11/05/2020 12:00:00 AM,Rampart,"VANDALISM - FELONY ($400 & OVER, ALL CHURCH VANDALISMS)",34.0593,-118.275,0
06/23/2020 12:00:00 AM,Central,ROBBERY,34.0429,-118.2462,0
01/27/2020 12:00:00 AM,77th Street,CRIMINAL THREATS - NO WEAPON DISPLAYED,33.9891,-118.3285,0
08/15/2020 12:00:00 AM,Hollywood,"VANDALISM - FELONY ($400 & OVER, ALL CHURCH VANDALISMS)",34.1007,-118.3494,0
05/07/2020 12:00:00 AM,Hollywood,THEFT FROM MOTOR VEHICLE - PETTY ($950 & UNDER),34.1084,-118.3213,0
04/13/2020 12:00:00 AM,Central,ATTEMPTED ROBBERY,34.0419,-118.2485,0
12/08/2020 12:00:00 AM,Hollywood,TRESPASSING,34.0986,-118.388,0
12/22/2020 12:00:00 AM,Southwest,VEHICLE - STOLEN,34.0068,-118.3499,0
05/18/2020 12:00:00 AM,Northeast,VEHICLE - STOLEN,34.0935,-118.2893,0
04/01/2020 12:00:00 AM,Central,BATTERY - SIMPLE ASSAULT,34.0423,-118.2452,0
07/07/2020 12:00:00 AM,Rampart,BRANDISH WEAPON,34.08,-118.2881,0
11/21/2020 12:00:00 AM,Wilshire,"THEFT-GRAND ($950.01 & OVER)EXCPT,GUNS,FOWL,LIVESTK,PROD",34.0457,-118.3255,0
03/22/2020 12:00:00 AM,Northeast,INTIMATE PARTNER - SIMPLE ASSAULT,34.09,-118.2591,0
12/17/2020 12:00:00 AM,West LA,THEFT OF IDENTITY,34.0445,-118.4491,0
01/14/2020 12:00:00 AM,Van Nuys,"VANDALISM - FELONY ($400 & OVER, ALL CHURCH VANDALISMS)",34.1722,-118.4225,0
10/26/2020 12:00:00 AM,Wilshire,"VANDALISM - FELONY ($400 & OVER, ALL CHURCH VANDALISMS)",34.0835,-118.3428,0
10/02/2020 12:00:00 AM,West Valley,"VANDALISM - FELONY ($400 & OVER, ALL CHURCH VANDALISMS)",34.1769,-118.5384,0
07/06/2020 12:00:00 AM,Central,PICKPOCKET,34.0342,-118.2636,0
08/06/2020 12:00:00 AM,Wilshire,"THEFT-GRAND ($950.01 & OVER)EXCPT,GUNS,FOWL,LIVESTK,PROD",34.0556,-118.3367,0
03/02/2020 12:00:00 AM,77th Street,"ASSAULT WITH DEADLY WEAPON, AGGRAVATED ASSAULT",33.9892,-118.3062,0
10/18/2020 12:00:00 AM,Harbor,"VANDALISM - FELONY ($400 & OVER, ALL CHURCH VANDALISMS)",33.727,-118.3081,0
12/05/2020 12:00:00 AM,West LA,"VANDALISM - FELONY ($400 & OVER, ALL CHURCH VANDALISMS)",34.0579,-118.4683,0
06/21/2020 12:00:00 AM,77th Street,INTIMATE PARTNER - SIMPLE ASSAULT,33.9703,-118.2783,0
08/07/2020 12:00:00 AM,77th Street,INTIMATE PARTNER - SIMPLE ASSAULT,33.9628,-118.2717,0
05/30/2020 12:00:00 AM,Wilshire,BURGLARY,34.0719,-118.3635,0
05/18/2020 12:00:00 AM,Central,THEFT FROM MOTOR VEHICLE - PETTY ($950 & UNDER),34.0535,-118.256,0
04/16/2020 12:00:00 AM,Southwest,"VEHICLE, STOLEN - OTHER (MOTORIZED SCOOTERS, BIKES, ETC)",34.0073,-118.298,0
06/21/2020 12:00:00 AM,Southwest,BATTERY - SIMPLE ASSAULT,34.0173,-118.2973,0
07/06/2020 12:00:00 AM,West LA,INTIMATE PARTNER - SIMPLE ASSAULT,34.0445,-118.4491,0
09/14/2020 12:00:00 AM,Southwest,THEFT OF IDENTITY,34.0269,-118.2921,0
08/23/2020 12:00:00 AM,Southwest,"VANDALISM - FELONY ($400 & OVER, ALL CHURCH VANDALISMS)",34.0071,-118.326,0
10/13/2020 12:00:00 AM,Hollenbeck,"ASSAULT WITH DEADLY WEAPON, AGGRAVATED ASSAULT",34.0771,-118.1681,0
08/04/2020 12:00:00 AM,Central,BURGLARY,34.0525,-118.2301,0
10/03/2020 12:00:00 AM,Central,BATTERY - SIMPLE ASSAULT,34.0446,-118.2507,0
03/12/2020 12:00:00 AM,Newton,BATTERY - SIMPLE ASSAULT,34.0385,-118.2437,0
07/08/2020 12:00:00 AM,77th Street,THEFT PLAIN - PETTY ($950 & UNDER),34.0004,-118.3089,0
01/26/2020 12:00:00 AM,Southwest,BATTERY - SIMPLE ASSAULT,34.0277,-118.3272,0
10/24/2020 12:00:00 AM,77th Street,ROBBERY,33.9636,-118.3112,0
04/19/2020 12:00:00 AM,Hollenbeck,"THEFT-GRAND ($950.01 & OVER)EXCPT,GUNS,FOWL,LIVESTK,PROD",34.0512,-118.2176,0
05/08/2020 12:00:00 AM,77th Street,"ASSAULT WITH DEADLY WEAPON, AGGRAVATED ASSAULT",33.9647,-118.2651,0
11/08/2020 12:00:00 AM,West Valley,INTIMATE PARTNER - SIMPLE ASSAULT,34.1902,-118.5335,0
06/05/2020 12:00:00 AM,77th Street,VEHICLE - STOLEN,34.0037,-118.2871,0
10/09/2020 12:00:00 AM,Rampart,INTIMATE PARTNER - SIMPLE ASSAULT,34.0396,-118.2804,0
02/01/2020 12:00:00 AM,Van Nuys,VANDALISM - MISDEAMEANOR ($399 OR UNDER),34.1976,-118.4455,0
04/04/2020 12:00:00 AM,Hollywood,INTIMATE PARTNER - SIMPLE ASSAULT,34.0926,-118.3352,0
06/24/2020 12:00:00 AM,West LA,BURGLARY,34.0578,-118.4232,0
08/02/2020 12:00:00 AM,Central,"ASSAULT WITH DEADLY WEAPON, AGGRAVATED ASSAULT",34.0438,-118.2564,0
09/26/2020 12:00:00 AM,Wilshire,BATTERY - SIMPLE ASSAULT,34.0514,-118.3206,0
09/06/2020 12:00:00 AM,Wilshire,VEHICLE - STOLEN,34.0803,-118.3428,0
01/29/2020 12:00:00 AM,West Valley,CRIMINAL THREATS - NO WEAPON DISPLAYED,34.2047,-118.5531,0
03/19/2020 12:00:00 AM,Southwest,INTIMATE PARTNER - SIMPLE ASSAULT,34.0296,-118.2915,0
11/17/2020 12:00:00 AM,Van Nuys,VEHICLE - ATTEMPT STOLEN,34.1817,-118.4465,0
03/01/2020 12:00:00 AM,West LA,BATTERY WITH SEXUAL CONTACT,34.0609,-118.4358,0
01/24/2020 12:00:00 AM,Wilshire,BURGLARY FROM VEHICLE,34.0736,-118.3419,0
02/24/2020 12:00:00 AM,Southwest,SEXUAL PENETRATION W/FOREIGN OBJECT,34.0099,-118.3089,0
11/10/2020 12:00:00 AM,Rampart,VEHICLE - STOLEN,34.0681,-118.2765,0
11/23/2020 12:00:00 AM,Hollywood,BURGLARY,34.0926,-118.3405,0
04/08/2020 12:00:00 AM,Central,BURGLARY FROM VEHICLE,34.0453,-118.2499,0
05/04/2020 12:00:00 AM,Wilshire,"ASSAULT WITH DEADLY WEAPON, AGGRAVATED ASSAULT",34.0653,-118.365,0
08/23/2020 12:00:00 AM,Hollywood,ROBBERY,34.1016,-118.331,0
11/14/2020 12:00:00 AM,West LA,OTHER ASSAULT,34.0638,-118.4324,0
07/03/2020 12:00:00 AM,Wilshire,THEFT FROM MOTOR VEHICLE - GRAND ($950.01 AND OVER),34.0761,-118.3772,0
11/17/2020 12:00:00 AM,Southwest,INTIMATE PARTNER - AGGRAVATED ASSAULT,34.0246,-118.3047,0
12/05/2020 12:00:00 AM,Rampart,BATTERY - SIMPLE ASSAULT,34.0584,-118.2763,0
12/05/2020 12:00:00 AM,West LA,BATTERY - SIMPLE ASSAULT,34.0474,-118.445,0
03/23/2020 12:00:00 AM,Wilshire,"THEFT-GRAND ($950.01 & OVER)EXCPT,GUNS,FOWL,LIVESTK,PROD",34.0721,-118.3827,0
08/08/2020 12:00:00 AM,77th Street,VEHICLE - STOLEN,33.9618,-118.3112,0
07/03/2020 12:00:00 AM,Northeast,"VANDALISM - FELONY ($400 & OVER, ALL CHURCH VANDALISMS)",34.0929,-118.2609,0
03/05/2020 12:00:00 AM,Hollenbeck,THEFT FROM MOTOR VEHICLE - GRAND ($950.01 AND OVER),34.0341,-118.2212,0
12/20/2020 12:00:00 AM,Wilshire,ROBBERY,34.0753,-118.3838,0
10/22/2020 12:00:00 AM,Northeast,VEHICLE - STOLEN,34.1176,-118.1925,0
01/24/2020 12:00:00 AM,Hollywood,BURGLARY,34.1038,-118.3267,0
08/28/2020 12:00:00 AM,West Valley,INTIMATE PARTNER - SIMPLE ASSAULT,34.2001,-118.4761,0
08/13/2020 12:00:00 AM,Harbor,VEHICLE - ATTEMPT STOLEN,33.7424,-118.2906,0
03/24/2020 12:00:00 AM,Hollenbeck,VEHICLE - STOLEN,34.0854,-118.1829,0
07/04/2020 12:00:00 AM,Hollywood,BURGLARY,34.0895,-118.3136,0
09/28/2020 12:00:00 AM,Hollenbeck,THEFT FROM MOTOR VEHICLE - GRAND ($950.01 AND OVER),34.0945,-118.1593,0
12/30/2020 12:00:00 AM,Van Nuys,THEFT PLAIN - PETTY ($950 & UNDER),34.1531,-118.4487,0
08/27/2020 12:00:00 AM,Rampart,BATTERY - SIMPLE ASSAULT,34.0846,-118.2892,0
01/19/2020 12:00:00 AM,Northeast,DISCHARGE FIREARMS/SHOTS FIRED,34.1129,-118.2304,0
07/15/2020 12:00:00 AM,West Valley,BATTERY - SIMPLE ASSAULT,34.1693,-118.5184,0
01/17/2020 12:00:00 AM,West Valley,"BURGLARY, ATTEMPTED",34.1822,-118.4836,0
07/05/2020 12:00:00 AM,Southwest,INTIMATE PARTNER - SIMPLE ASSAULT,34.0183,-118.3504,0
03/25/2020 12:00:00 AM,Hollenbeck,"THEFT-GRAND ($950.01 & OVER)EXCPT,GUNS,FOWL,LIVESTK,PROD",34.0473,-118.2089,0
09/25/2020 12:00:00 AM,77th Street,BRANDISH WEAPON,33.9694,-118.2924,0
11/26/2020 12:00:00 AM,Van Nuys,BURGLARY FROM VEHICLE,34.1352,-118.468,0
08/21/2020 12:00:00 AM,Central,"ASSAULT WITH DEADLY WEAPON, AGGRAVATED ASSAULT",34.0454,-118.2658,0
01/09/2020 12:00:00 AM,Harbor,ROBBERY,33.7909,-118.2494,0
08/24/2020 12:00:00 AM,Hollenbeck,EXTORTION,34.0821,-118.1811,0
05/25/2020 12:00:00 AM,Central,OTHER MISCELLANEOUS CRIME,34.0448,-118.2504,0
04/02/2020 12:00:00 AM,77th Street,"VANDALISM - FELONY ($400 & OVER, ALL CHURCH VANDALISMS)",33.9863,-118.2881,0
02/28/2020 12:00:00 AM,Central,INDECENT EXPOSURE,34.0473,-118.2531,0
02/17/2020 12:00:00 AM,Hollywood,BURGLARY,34.0998,-118.3479,0
06/29/2020 12:00:00 AM,Central,ROBBERY,34.0467,-118.2485,0
05/15/2020 12:00:00 AM,Southwest,ORAL COPULATION,34.0219,-118.3031,0
12/17/2020 12:00:00 AM,77th Street,SHOTS FIRED AT INHABITED DWELLING,33.9745,-118.3335,0
11/19/2020 12:00:00 AM,Southwest,BURGLARY,34.0109,-118.3261,0
01/21/2020 12:00:00 AM,Newton,"VANDALISM - FELONY ($400 & OVER, ALL CHURCH VANDALISMS)",34.0171,-118.2667,0
10/29/2020 12:00:00 AM,Rampart,"VANDALISM - FELONY ($400 & OVER, ALL CHURCH VANDALISMS)",34.0451,-118.2792,0
09/05/2020 12:00:00 AM,77th Street,THEFT PLAIN - PETTY ($950 & UNDER),33.9785,-118.2937,0
11/04/2020 12:00:00 AM,West Valley,CRIMINAL THREATS - NO WEAPON DISPLAYED,34.2029,-118.5273,0
01/06/2020 12:00:00 AM,Harbor,BURGLARY,33.7917,-118.2776,0
11/11/2020 12:00:00 AM,Southwest,BATTERY WITH SEXUAL CONTACT,34.0188,-118.282,0
03/25/2020 12:00:00 AM,77th Street,"ASSAULT WITH DEADLY WEAPON, AGGRAVATED ASSAULT",33.9654,-118.2739,0
12/23/2020 12:00:00 AM,West LA,INTIMATE PARTNER - SIMPLE ASSAULT,34.0346,-118.441,0
02/16/2020 12:00:00 AM,Hollywood,BATTERY - SIMPLE ASSAULT,34.1016,-118.3267,0
02/22/2020 12:00:00 AM,Rampart,VEHICLE - STOLEN,34.0757,-118.2777,0
02/14/2020 12:00:00 AM,Newton,"THEFT-GRAND ($950.01 & OVER)EXCPT,GUNS,FOWL,LIVESTK,PROD",34.0039,-118.2652,0
04/03/2020 12:00:00 AM,Rampart,"THEFT-GRAND ($950.01 & OVER)EXCPT,GUNS,FOWL,LIVESTK,PROD",34.0582,-118.2669,0
09/04/2020 12:00:00 AM,Southwest,BATTERY - SIMPLE ASSAULT,34.0287,-118.2915,0
10/14/2020 12:00:00 AM,Northeast,BURGLARY,34.1225,-118.1818,0
02/12/2020 12:00:00 AM,Southwest,BURGLARY FROM VEHICLE,34.0256,-118.3612,0
03/02/2020 12:00:00 AM,Southwest,"VANDALISM - FELONY ($400 & OVER, ALL CHURCH VANDALISMS)",34.0312,-118.3262,0
01/23/2020 12:00:00 AM,77th Street,BURGLARY FROM VEHICLE,34.001,-118.3067,0
12/14/2020 12:00:00 AM,West Valley,BURGLARY FROM VEHICLE,34.2048,-118.5335,0
11/28/2020 12:00:00 AM,Van Nuys,THEFT FROM MOTOR VEHICLE - PETTY ($950 & UNDER),34.1803,-118.4163,0
08/07/2020 12:00:00 AM,Hollenbeck,THEFT FROM MOTOR VEHICLE - ATTEMPT,34.0677,-118.2215,0
06/16/2020 12:00:00 AM,Southwest,BURGLARY,34.0309,-118.3002,0
01/16/2020 12:00:00 AM,Southwest,THEFT OF IDENTITY,34.0326,-118.3253,0
09/12/2020 12:00:00 AM,Hollywood,INTIMATE PARTNER - SIMPLE ASSAULT,34.0865,-118.3169,0
11/19/2020 12:00:00 AM,77th Street,BURGLARY FROM VEHICLE,33.9806,-118.3352,0
11/26/2020 12:00:00 AM,Southwest,BURGLARY,34.0103,-118.3193,0
06/26/2020 12:00:00 AM,West Valley,BURGLARY FROM VEHICLE,34.2012,-118.5588,0
11/29/2020 12:00:00 AM,Southwest,INTIMATE PARTNER - SIMPLE ASSAULT,34.0073,-118.3108,0
02/26/2020 12:00:00 AM,Rampart,THEFT PLAIN - PETTY ($950 & UNDER),34.0491,-118.2823,0
08/14/2020 12:00:00 AM,77th Street,BATTERY - SIMPLE ASSAULT,33.9891,-118.2915,0
09/06/2020 12:00:00 AM,West Valley,THEFT OF IDENTITY,34.18,-118.5376,0
02/01/2020 12:00:00 AM,Northeast,BURGLARY FROM VEHICLE,34.0909,-118.2974,0
07/08/2020 12:00:00 AM,Hollywood,BURGLARY FROM VEHICLE,34.1001,-118.3735,0
03/10/2020 12:00:00 AM,Hollywood,THEFT PLAIN - PETTY ($950 & UNDER),34.124,-118.3739,0
10/15/2020 12:00:00 AM,77th Street,ROBBERY,33.9685,-118.2564,0
08/23/2020 12:00:00 AM,Harbor,VIOLATION OF RESTRAINING ORDER,33.744,-118.2821,0
11/12/2020 12:00:00 AM,Rampart,VANDALISM - MISDEAMEANOR ($399 OR UNDER),34.0535,-118.2714,0
10/07/2020 12:00:00 AM,Rampart,BIKE - STOLEN,34.0876,-118.2759,0
12/22/2020 12:00:00 AM,Hollywood,INTIMATE PARTNER - SIMPLE ASSAULT,34.0981,-118.3092,0
08/17/2020 12:00:00 AM,Hollenbeck,THEFT FROM MOTOR VEHICLE - PETTY ($950 & UNDER),34.0177,-118.1933,0
11/09/2020 12:00:00 AM,Southwest,"VANDALISM - FELONY ($400 & OVER, ALL CHURCH VANDALISMS)",34.0158,-118.3524,0
05/11/2020 12:00:00 AM,West Valley,SHOPLIFTING - PETTY THEFT ($950 & UNDER),34.221,-118.4989,0
03/04/2020 12:00:00 AM,Hollenbeck,"BUNCO, PETTY THEFT",34.0515,-118.213,0
03/06/2020 12:00:00 AM,Harbor,VIOLATION OF COURT ORDER,33.7351,-118.2814,0
08/13/2020 12:00:00 AM,Southwest,BATTERY - SIMPLE ASSAULT,34.0132,-118.3457,0
02/04/2020 12:00:00 AM,Wilshire,"DEFRAUDING INNKEEPER/THEFT OF SERVICES, OVER $950.01",34.0782,-118.3573,0
08/20/2020 12:00:00 AM,77th Street,VEHICLE - STOLEN,33.96,-118.3074,0
11/26/2020 12:00:00 AM,West Valley,CRIMINAL THREATS - NO WEAPON DISPLAYED,34.2148,-118.5404,0
02/05/2020 12:00:00 AM,Harbor,VEHICLE - STOLEN,33.7342,-118.2814,0
04/12/2020 12:00:00 AM,Southwest,BURGLARY FROM VEHICLE,34.0291,-118.3089,0
01/10/2020 12:00:00 AM,West Valley,"VANDALISM - FELONY ($400 & OVER, ALL CHURCH VANDALISMS)",34.1939,-118.4924,0
02/25/2020 12:00:00 AM,Wilshire,THEFT FROM MOTOR VEHICLE - PETTY ($950 & UNDER),34.0512,-118.3195,0
06/03/2020 12:00:00 AM,77th Street,VEHICLE - STOLEN,33.9609,-118.3134,0
01/01/2020 12:00:00 AM,Central,BURGLARY FROM VEHICLE,34.0474,-118.2496,0
08/16/2020 12:00:00 AM,Central,OTHER ASSAULT,34.0398,-118.253,0
11/28/2020 12:00:00 AM,77th Street,"ASSAULT WITH DEADLY WEAPON, AGGRAVATED ASSAULT",33.9507,-118.309,0
11/30/2020 12:00:00 AM,Central,BATTERY - SIMPLE ASSAULT,34.0542,-118.2566,0
08/11/2020 12:00:00 AM,West LA,BURGLARY,34.1233,-118.4651,0
12/17/2020 12:00:00 AM,Southwest,INTIMATE PARTNER - AGGRAVATED ASSAULT,34.0328,-118.323,0
08/10/2020 12:00:00 AM,Central,BURGLARY FROM VEHICLE,34.0502,-118.2487,0
08/27/2020 12:00:00 AM,Rampart,BRANDISH WEAPON,34.0842,-118.2743,0
08/10/2020 12:00:00 AM,Hollenbeck,VEHICLE - STOLEN,34.046,-118.2058,0
10/06/2020 12:00:00 AM,77th Street,"VANDALISM - FELONY ($400 & OVER, ALL CHURCH VANDALISMS)",34.0006,-118.2897,0
07/14/2020 12:00:00 AM,West LA,BURGLARY,34.0547,-118.4026,0
05/04/2020 12:00:00 AM,West Valley,TRESPASSING,34.2084,-118.5317,0
05/23/2020 12:00:00 AM,Northeast,BURGLARY FROM VEHICLE,34.1107,-118.27,0
03/18/2020 12:00:00 AM,Southwest,FAILURE TO YIELD,34.0109,-118.2959,0
10/13/2020 12:00:00 AM,Van Nuys,BURGLARY FROM VEHICLE,34.1807,-118.4662,0
07/14/2020 12:00:00 AM,Rampart,INTIMATE PARTNER - SIMPLE ASSAULT,34.0667,-118.2843,0
10/23/2020 12:00:00 AM,West Valley,"THEFT-GRAND ($950.01 & OVER)EXCPT,GUNS,FOWL,LIVESTK,PROD",34.1704,-118.5366,0
04/23/2020 12:00:00 AM,Hollenbeck,BRANDISH WEAPON,34.0578,-118.2102,0
08/24/2020 12:00:00 AM,Harbor,INTIMATE PARTNER - SIMPLE ASSAULT,33.7401,-118.2797,0
11/05/2020 12:00:00 AM,Hollywood,"RAPE, FORCIBLE",34.1001,-118.3092,0
04/10/2020 12:00:00 AM,Southwest,CHILD ABUSE (PHYSICAL) - SIMPLE ASSAULT,34.0099,-118.3089,0
06/01/2020 12:00:00 AM,77th Street,VANDALISM - MISDEAMEANOR ($399 OR UNDER),33.9628,-118.2717,0
09/02/2020 12:00:00 AM,West Valley,BATTERY POLICE (SIMPLE),34.2048,-118.54,0
06/07/2020 12:00:00 AM,Hollywood,VEHICLE - STOLEN,34.1067,-118.3373,0
03/22/2020 12:00:00 AM,West LA,THEFT FROM MOTOR VEHICLE - GRAND ($950.01 AND OVER),34.0439,-118.4619,0
01/12/2020 12:00:00 AM,Rampart,THEFT FROM MOTOR VEHICLE - GRAND ($950.01 AND OVER),34.0713,-118.2597,0
02/27/2020 12:00:00 AM,West LA,BIKE - STOLEN,34.0328,-118.442,0
12/05/2020 12:00:00 AM,77th Street,INTIMATE PARTNER - SIMPLE ASSAULT,33.9721,-118.2608,0
12/17/2020 12:00:00 AM,Hollenbeck,VIOLATION OF RESTRAINING ORDER,34.0793,-118.2101,0
05/03/2020 12:00:00 AM,77th Street,ROBBERY,33.9633,-118.2783,0
11/06/2020 12:00:00 AM,Northeast,"ASSAULT WITH DEADLY WEAPON, AGGRAVATED ASSAULT",34.1063,-118.1995,0
02/22/2020 12:00:00 AM,Southwest,THEFT FROM MOTOR VEHICLE - GRAND ($950.01 AND OVER),34.0256,-118.3612,0
08/09/2020 12:00:00 AM,West Valley,"ASSAULT WITH DEADLY WEAPON, AGGRAVATED ASSAULT",34.2066,-118.4749,0
05/29/2020 12:00:00 AM,Central,VANDALISM - MISDEAMEANOR ($399 OR UNDER),34.0499,-118.2614,0
12/10/2020 12:00:00 AM,Hollywood,THEFT FROM MOTOR VEHICLE - GRAND ($950.01 AND OVER),34.1175,-118.356,0
04/09/2020 12:00:00 AM,Hollywood,VEHICLE - STOLEN,34.0962,-118.3452,0
09/22/2020 12:00:00 AM,77th Street,"VANDALISM - FELONY ($400 & OVER, ALL CHURCH VANDALISMS)",33.9651,-118.2761,0
10/08/2020 12:00:00 AM,West Valley,VIOLATION OF COURT ORDER,34.1745,-118.5407,0
05/20/2020 12:00:00 AM,Wilshire,BURGLARY FROM VEHICLE,34.0649,-118.3451,0
12/11/2020 12:00:00 AM,77th Street,INTIMATE PARTNER - AGGRAVATED ASSAULT,33.9455,-118.3073,0
05/04/2020 12:00:00 AM,Van Nuys,BATTERY - SIMPLE ASSAULT,34.1359,-118.4575,0
12/29/2020 12:00:00 AM,Northeast,THEFT FROM MOTOR VEHICLE - PETTY ($950 & UNDER),34.1421,-118.223,0
07/05/2020 12:00:00 AM,Central,CRIMINAL THREATS - NO WEAPON DISPLAYED,34.0552,-118.2333,0
11/07/2020 12:00:00 AM,Central,BATTERY - SIMPLE ASSAULT,34.0452,-118.2533,0
05/12/2020 12:00:00 AM,Wilshire,BURGLARY,34.0575,-118.363,0
02/29/2020 12:00:00 AM,Southwest,BATTERY - SIMPLE ASSAULT,34.0109,-118.3314,0
11/29/2020 12:00:00 AM,West LA,"VANDALISM - FELONY ($400 & OVER, ALL CHURCH VANDALISMS)",34.0403,-118.456,0
12/23/2020 12:00:00 AM,Northeast,THEFT PLAIN - PETTY ($950 & UNDER),34.1207,-118.2581,0
03/11/2020 12:00:00 AM,Harbor,"VANDALISM - FELONY ($400 & OVER, ALL CHURCH VANDALISMS)",33.7922,-118.2422,0
06/10/2020 12:00:00 AM,Hollenbeck,"ASSAULT WITH DEADLY WEAPON, AGGRAVATED ASSAULT",34.0625,-118.1861,0
06/23/2020 12:00:00 AM,Rampart,BURGLARY,34.0644,-118.263,0
01/21/2020 12:00:00 AM,West LA,VEHICLE - STOLEN,34.052,-118.383,0
08/09/2020 12:00:00 AM,Central,CRIMINAL THREATS - NO WEAPON DISPLAYED,34.0496,-118.2603,0
01/09/2020 12:00:00 AM,Northeast,BURGLARY,34.1012,-118.209,0
04/16/2020 12:00:00 AM,Newton,BRANDISH WEAPON,33.9877,-118.2761,0
08/24/2020 12:00:00 AM,77th Street,VEHICLE - STOLEN,33.9886,-118.3002,0
06/24/2020 12:00:00 AM,West LA,THEFT PLAIN - PETTY ($950 & UNDER),34.05,-118.4202,0
05/16/2020 12:00:00 AM,West Valley,BATTERY - SIMPLE ASSAULT,34.2048,-118.5273,0
05/16/2020 12:00:00 AM,West LA,OTHER ASSAULT,34.0569,-118.4244,0
12/20/2020 12:00:00 AM,77th Street,INTIMATE PARTNER - SIMPLE ASSAULT,34.0027,-118.289,0
04/11/2020 12:00:00 AM,Van Nuys,BURGLARY FROM VEHICLE,34.1953,-118.4575,0
05/17/2020 12:00:00 AM,West LA,BIKE - STOLEN,34.0322,-118.3918,0
12/09/2020 12:00:00 AM,Van Nuys,BURGLARY FROM VEHICLE,34.1673,-118.4659,0
06/13/2020 12:00:00 AM,77th Street,"ASSAULT WITH DEADLY WEAPON, AGGRAVATED ASSAULT",33.9823,-118.2856,0
04/29/2020 12:00:00 AM,Hollywood,BURGLARY FROM VEHICLE,34.0962,-118.3471,0
12/29/2020 12:00:00 AM,Newton,ROBBERY,34.0149,-118.2472,0
12/11/2020 12:00:00 AM,Rampart,INTIMATE PARTNER - SIMPLE ASSAULT,34.0619,-118.2817,0
07/25/2020 12:00:00 AM,Central,BIKE - STOLEN,34.0364,-118.2303,0
05/24/2020 12:00:00 AM,Southwest,BATTERY - SIMPLE ASSAULT,34.0255,-118.318,0
03/20/2020 12:00:00 AM,West LA,"EMBEZZLEMENT, GRAND THEFT ($950.01 & OVER)",34.057,-118.3966,0
02/04/2020 12:00:00 AM,Hollywood,INTIMATE PARTNER - SIMPLE ASSAULT,34.1036,-118.3049,0
12/22/2020 12:00:00 AM,Wilshire,ROBBERY,34.0377,-118.3531,0
01/19/2020 12:00:00 AM,Hollenbeck,VEHICLE - STOLEN,34.0497,-118.2216,0
06/29/2020 12:00:00 AM,Northeast,INTIMATE PARTNER - SIMPLE ASSAULT,34.1367,-118.2713,0
03/22/2020 12:00:00 AM,West LA,VANDALISM - MISDEAMEANOR ($399 OR UNDER),34.0518,-118.3819,0
08/25/2020 12:00:00 AM,Hollywood,ATTEMPTED ROBBERY,34.0944,-118.3266,0
01/17/2020 12:00:00 AM,77th Street,VANDALISM - MISDEAMEANOR ($399 OR UNDER),33.9722,-118.2695,0
10/06/2020 12:00:00 AM,Northeast,THEFT OF IDENTITY,34.0949,-118.2275,0
02/15/2020 12:00:00 AM,Rampart,BURGLARY FROM VEHICLE,34.0488,-118.2817,0
09/15/2020 12:00:00 AM,Central,CRIMINAL THREATS - NO WEAPON DISPLAYED,34.0493,-118.2582,0
10/22/2020 12:00:00 AM,West LA,CRIMINAL THREATS - NO WEAPON DISPLAYED,34.0347,-118.4598,0
02/07/2020 12:00:00 AM,Central,KIDNAPPING,34.0439,-118.2479,0
04/12/2020 12:00:00 AM,Central,"VANDALISM - FELONY ($400 & OVER, ALL CHURCH VANDALISMS)",34.0445,-118.2523,0
05/14/2020 12:00:00 AM,Van Nuys,THEFT FROM MOTOR VEHICLE - PETTY ($950 & UNDER),34.1847,-118.44,0
09/22/2020 12:00:00 AM,Wilshire,THEFT PLAIN - PETTY ($950 & UNDER),34.0675,-118.3536,0
02/22/2020 12:00:00 AM,Hollywood,BATTERY - SIMPLE ASSAULT,34.1044,-118.3224,0
08/19/2020 12:00:00 AM,Harbor,BIKE - STOLEN,33.785,-118.2554,0
05/20/2020 12:00:00 AM,Southwest,"ASSAULT WITH DEADLY WEAPON, AGGRAVATED ASSAULT",34.015,-118.3536,0
06/24/2020 12:00:00 AM,Rampart,BATTERY - SIMPLE ASSAULT,34.0579,-118.2759,0
06/17/2020 12:00:00 AM,Van Nuys,VEHICLE - STOLEN,34.1857,-118.4574,0
10/11/2020 12:00:00 AM,Harbor,ATTEMPTED ROBBERY,33.7764,-118.2739,0
07/23/2020 12:00:00 AM,Central,"VANDALISM - FELONY ($400 & OVER, ALL CHURCH VANDALISMS)",34.0607,-118.2405,0
08/26/2020 12:00:00 AM,West LA,"VANDALISM - FELONY ($400 & OVER, ALL CHURCH VANDALISMS)",34.0399,-118.4385,0
01/23/2020 12:00:00 AM,Hollenbeck,"ASSAULT WITH DEADLY WEAPON, AGGRAVATED ASSAULT",34.0188,-118.2052,0
04/05/2020 12:00:00 AM,Hollywood,BURGLARY,34.1007,-118.3494,0
10/25/2020 12:00:00 AM,Wilshire,THEFT OF IDENTITY,34.0391,-118.3647,0
02/18/2020 12:00:00 AM,West LA,"VANDALISM - FELONY ($400 & OVER, ALL CHURCH VANDALISMS)",34.0572,-118.3793,0
07/22/2020 12:00:00 AM,77th Street,BATTERY - SIMPLE ASSAULT,33.9754,-118.2981,0
03/08/2020 12:00:00 AM,Central,"THEFT, PERSON",34.0722,-118.2295,0
03/09/2020 12:00:00 AM,West LA,BATTERY - SIMPLE ASSAULT,34.0453,-118.466,0
06/01/2020 12:00:00 AM,Rampart,VEHICLE - STOLEN,34.0541,-118.2621,0
06/27/2020 12:00:00 AM,West Valley,BURGLARY,34.1903,-118.4836,0
02/09/2020 12:00:00 AM,Hollenbeck,BURGLARY,34.0184,-118.2131,0
03/31/2020 12:00:00 AM,West LA,BURGLARY,34.0544,-118.3815,0
10/08/2020 12:00:00 AM,Southwest,THEFT FROM MOTOR VEHICLE - PETTY ($950 & UNDER),34.0215,-118.3452,0
11/06/2020 12:00:00 AM,Central,VIOLATION OF RESTRAINING ORDER,34.0382,-118.2377,0
04/14/2020 12:00:00 AM,77th Street,VEHICLE - STOLEN,33.9798,-118.3024,0
09/22/2020 12:00:00 AM,Rampart,VANDALISM - MISDEAMEANOR ($399 OR UNDER),34.0627,-118.2768,0
10/08/2020 12:00:00 AM,77th Street,"VANDALISM - FELONY ($400 & OVER, ALL CHURCH VANDALISMS)",33.9909,-118.298,0
10/05/2020 12:00:00 AM,West LA,THEFT FROM MOTOR VEHICLE - GRAND ($950.01 AND OVER),34.0393,-118.4394,0
09/29/2020 12:00:00 AM,Rampart,INTIMATE PARTNER - SIMPLE ASSAULT,34.0486,-118.2819,0
12/21/2020 12:00:00 AM,Central,BURGLARY FROM VEHICLE,34.0569,-118.2536,0
01/07/2020 12:00:00 AM,Hollenbeck,VANDALISM - MISDEAMEANOR ($399 OR UNDER),34.082,-118.1769,0
07/16/2020 12:00:00 AM,Rampart,VEHICLE - STOLEN,34.0546,-118.2684,0
07/14/2020 12:00:00 AM,Central,THEFT PLAIN - PETTY ($950 & UNDER),34.0472,-118.2339,0
06/18/2020 12:00:00 AM,77th Street,VEHICLE - STOLEN,33.9727,-118.285,0
10/11/2020 12:00:00 AM,77th Street,THEFT FROM MOTOR VEHICLE - PETTY ($950 & UNDER),33.9622,-118.285,0
02/28/2020 12:00:00 AM,Van Nuys,SHOPLIFTING-GRAND THEFT ($950.01 & OVER),34.153,-118.4487,0
10/27/2020 12:00:00 AM,Rampart,BRANDISH WEAPON,34.0589,-118.2636,0
07/04/2020 12:00:00 AM,Southwest,THEFT OF IDENTITY,34.0326,-118.3327,0
11/09/2020 12:00:00 AM,Hollywood,"BUNCO, GRAND THEFT",34.1052,-118.3252,0
04/14/2020 12:00:00 AM,Wilshire,BURGLARY FROM VEHICLE,34.0709,-118.3764,0
11/19/2020 12:00:00 AM,Rampart,SHOPLIFTING - PETTY THEFT ($950 & UNDER),34.0657,-118.268,0
01/19/2020 12:00:00 AM,Wilshire,BATTERY - SIMPLE ASSAULT,34.0871,-118.3441,0
06/22/2020 12:00:00 AM,West Valley,BURGLARY FROM VEHICLE,34.2029,-118.5579,0
04/21/2020 12:00:00 AM,Southwest,THEFT FROM MOTOR VEHICLE - GRAND ($950.01 AND OVER),34.0255,-118.3054,0
03/22/2020 12:00:00 AM,Northeast,BURGLARY,34.1225,-118.2121,0
01/11/2020 12:00:00 AM,77th Street,INTIMATE PARTNER - SIMPLE ASSAULT,33.9807,-118.3265,0
04/07/2020 12:00:00 AM,77th Street,"ASSAULT WITH DEADLY WEAPON, AGGRAVATED ASSAULT",33.9455,-118.3057,0
05/09/2020 12:00:00 AM,Rampart,"ASSAULT WITH DEADLY WEAPON, AGGRAVATED ASSAULT",34.0777,-118.288,0
02/15/2020 12:00:00 AM,Central,BURGLARY FROM VEHICLE,34.0498,-118.24,0
01/15/2020 12:00:00 AM,West Valley,DOCUMENT FORGERY / STOLEN FELONY,34.1613,-118.4917,0
06/01/2020 12:00:00 AM,77th Street,THEFT PLAIN - PETTY ($950 & UNDER),33.991,-118.3126,0
11/15/2020 12:00:00 AM,West LA,SHOPLIFTING-GRAND THEFT ($950.01 & OVER),34.0474,-118.5258,0
09/11/2020 12:00:00 AM,Van Nuys,ROBBERY,34.1867,-118.4509,0
01/30/2020 12:00:00 AM,Hollywood,SHOPLIFTING - PETTY THEFT ($950 & UNDER),34.0981,-118.3092,0
06/27/2020 12:00:00 AM,West Valley,ROBBERY,34.212,-118.5546,0
04/29/2020 12:00:00 AM,Northeast,"VANDALISM - FELONY ($400 & OVER, ALL CHURCH VANDALISMS)",34.1054,-118.2896,0
11/13/2020 12:00:00 AM,West Valley,BURGLARY FROM VEHICLE,34.1667,-118.5244,0
05/20/2020 12:00:00 AM,West Valley,VEHICLE - STOLEN,34.169,-118.5273,0
08/27/2020 12:00:00 AM,Harbor,CRIMINAL THREATS - NO WEAPON DISPLAYED,33.7315,-118.2818,0
05/20/2020 12:00:00 AM,Van Nuys,INTIMATE PARTNER - SIMPLE ASSAULT,34.1576,-118.4062,0
08/27/2020 12:00:00 AM,Hollywood,ROBBERY,34.1018,-118.3093,0
12/13/2020 12:00:00 AM,Northeast,SHOTS FIRED AT INHABITED DWELLING,34.104,-118.1971,0
06/22/2020 12:00:00 AM,Hollenbeck,VIOLATION OF RESTRAINING ORDER,34.0911,-118.1678,0
05/21/2020 12:00:00 AM,Wilshire,INTIMATE PARTNER - SIMPLE ASSAULT,34.0405,-118.3396,0
11/19/2020 12:00:00 AM,77th Street,"ASSAULT WITH DEADLY WEAPON, AGGRAVATED ASSAULT",33.9486,-118.3094,0
03/02/2020 12:00:00 AM,77th Street,THEFT OF IDENTITY,33.9951,-118.3113,0
09/02/2020 12:00:00 AM,Northeast,THEFT OF IDENTITY,34.1051,-118.2107,0
03/20/2020 12:00:00 AM,Wilshire,BURGLARY,34.0762,-118.3419,0
10/29/2020 12:00:00 AM,Harbor,VEHICLE - STOLEN,33.791,-118.3,0
03/24/2020 12:00:00 AM,Central,BURGLARY,34.0467,-118.2556,0
01/21/2020 12:00:00 AM,77th Street,INTIMATE PARTNER - SIMPLE ASSAULT,33.9582,-118.309,0
10/14/2020 12:00:00 AM,77th Street,INTIMATE PARTNER - SIMPLE ASSAULT,33.973,-118.2696,0
01/15/2020 12:00:00 AM,West Valley,PROWLER,34.1617,-118.5011,0
06/12/2020 12:00:00 AM,Rampart,THEFT PLAIN - PETTY ($950 & UNDER),34.0825,-118.2753,0
10/13/2020 12:00:00 AM,Central,CRIMINAL THREATS - NO WEAPON DISPLAYED,34.0487,-118.242,0
09/24/2020 12:00:00 AM,Southwest,"VANDALISM - FELONY ($400 & OVER, ALL CHURCH VANDALISMS)",34.0309,-118.3101,0
01/02/2020 12:00:00 AM,77th Street,VANDALISM - MISDEAMEANOR ($399 OR UNDER),33.9667,-118.2893,0
11/14/2020 12:00:00 AM,Southwest,ROBBERY,34.0073,-118.2922,0
10/26/2020 12:00:00 AM,Hollywood,"VANDALISM - FELONY ($400 & OVER, ALL CHURCH VANDALISMS)",34.1034,-118.3325,0
11/25/2020 12:00:00 AM,Northeast,BURGLARY,34.1227,-118.2232,0
04/29/2020 12:00:00 AM,Southwest,VEHICLE - STOLEN,34.0073,-118.3155,0
10/22/2020 12:00:00 AM,Van Nuys,SHOPLIFTING - PETTY THEFT ($950 & UNDER),34.2048,-118.4531,0
09/07/2020 12:00:00 AM,77th Street,ROBBERY,33.9899,-118.2915,0
10/04/2020 12:00:00 AM,77th Street,"ASSAULT WITH DEADLY WEAPON, AGGRAVATED ASSAULT",33.9624,-118.2739,0
04/20/2020 12:00:00 AM,Central,VANDALISM - MISDEAMEANOR ($399 OR UNDER),34.0445,-118.2523,0
01/19/2020 12:00:00 AM,Hollywood,BURGLARY FROM VEHICLE,34.0944,-118.3405,0
08/02/2020 12:00:00 AM,Wilshire,"VANDALISM - FELONY ($400 & OVER, ALL CHURCH VANDALISMS)",34.0424,-118.3581,0
07/12/2020 12:00:00 AM,Central,BIKE - STOLEN,34.0679,-118.2405,0
04/08/2020 12:00:00 AM,West Valley,VEHICLE - STOLEN,34.2066,-118.4771,0
04/03/2020 12:00:00 AM,Southwest,BATTERY - SIMPLE ASSAULT,34.0247,-118.306,0
01/12/2020 12:00:00 AM,Central,BATTERY - SIMPLE ASSAULT,34.0495,-118.2529,0
09/09/2020 12:00:00 AM,Rampart,OTHER MISCELLANEOUS CRIME,34.0815,-118.2772,0
08/14/2020 12:00:00 AM,77th Street,CHILD ABUSE (PHYSICAL) - AGGRAVATED ASSAULT,33.9559,-118.3068,0
03/05/2020 12:00:00 AM,Southwest,VANDALISM - MISDEAMEANOR ($399 OR UNDER),34.0099,-118.3089,0
06/08/2020 12:00:00 AM,Van Nuys,VANDALISM - MISDEAMEANOR ($399 OR UNDER),34.1938,-118.4702,0
10/22/2020 12:00:00 AM,77th Street,VANDALISM - MISDEAMEANOR ($399 OR UNDER),33.9736,-118.3265,0
04/18/2020 12:00:00 AM,Rampart,BURGLARY,34.0875,-118.2758,0
12/23/2020 12:00:00 AM,West Valley,BRANDISH WEAPON,34.1749,-118.5308,0
11/03/2020 12:00:00 AM,77th Street,"VANDALISM - FELONY ($400 & OVER, ALL CHURCH VANDALISMS)",33.9698,-118.286,0
02/19/2020 12:00:00 AM,Hollywood,BATTERY - SIMPLE ASSAULT,34.1004,-118.3414,0
02/10/2020 12:00:00 AM,Southwest,"ASSAULT WITH DEADLY WEAPON, AGGRAVATED ASSAULT",34.0215,-118.3556,0
03/01/2020 12:00:00 AM,Van Nuys,THEFT FROM MOTOR VEHICLE - PETTY ($950 & UNDER),34.1545,-118.4552,0
06/04/2020 12:00:00 AM,West Valley,BURGLARY FROM VEHICLE,34.1673,-118.4991,0
09/19/2020 12:00:00 AM,West LA,"VANDALISM - FELONY ($400 & OVER, ALL CHURCH VANDALISMS)",34.1271,-118.4653,0
02/17/2020 12:00:00 AM,Newton,VANDALISM - MISDEAMEANOR ($399 OR UNDER),33.9993,-118.2432,0
07/12/2020 12:00:00 AM,77th Street,BURGLARY FROM VEHICLE,33.9559,-118.3007,0
07/20/2020 12:00:00 AM,West LA,BIKE - STOLEN,34.0589,-118.4221,0
12/22/2020 12:00:00 AM,Southwest,"ASSAULT WITH DEADLY WEAPON, AGGRAVATED ASSAULT",34.0089,-118.3341,0
02/14/2020 12:00:00 AM,Newton,VEHICLE - STOLEN,33.9893,-118.2564,0
01/15/2020 12:00:00 AM,West Valley,RESISTING ARREST,34.1868,-118.5229,0
03/06/2020 12:00:00 AM,77th Street,INTIMATE PARTNER - SIMPLE ASSAULT,33.96,-118.3134,0
10/12/2020 12:00:00 AM,Wilshire,THEFT OF IDENTITY,34.0721,-118.38,0
10/01/2020 12:00:00 AM,Harbor,THEFT OF IDENTITY,33.7316,-118.3034,0
06/22/2020 12:00:00 AM,West LA,TRESPASSING,34.0495,-118.4011,0
01/28/2020 12:00:00 AM,West Valley,"VANDALISM - FELONY ($400 & OVER, ALL CHURCH VANDALISMS)",34.1723,-118.5142,0
05/28/2020 12:00:00 AM,Wilshire,INTIMATE PARTNER - SIMPLE ASSAULT,34.0373,-118.3279,0
10/27/2020 12:00:00 AM,Harbor,THEFT FROM MOTOR VEHICLE - PETTY ($950 & UNDER),33.727,-118.3081,0
11/17/2020 12:00:00 AM,Hollenbeck,BRANDISH WEAPON,34.0435,-118.2218,0
07/02/2020 12:00:00 AM,Central,"VANDALISM - FELONY ($400 & OVER, ALL CHURCH VANDALISMS)",34.0589,-118.2323,0
01/08/2020 12:00:00 AM,Newton,VEHICLE - STOLEN,34.0091,-118.2784,0
05/12/2020 12:00:00 AM,Southwest,CRIMINAL THREATS - NO WEAPON DISPLAYED,34.0108,-118.3182,0
02/17/2020 12:00:00 AM,West Valley,THEFT FROM MOTOR VEHICLE - GRAND ($950.01 AND OVER),34.1939,-118.5535,0
04/13/2020 12:00:00 AM,Central,BURGLARY FROM VEHICLE,34.0495,-118.2529,0
07/26/2020 12:00:00 AM,West LA,ARSON,34.0492,-118.4394,0
07/25/2020 12:00:00 AM,Central,BURGLARY,34.0637,-118.244,0
10/14/2020 12:00:00 AM,West LA,VANDALISM - MISDEAMEANOR ($399 OR UNDER),34.0495,-118.3805,0
05/22/2020 12:00:00 AM,Wilshire,BURGLARY FROM VEHICLE,34.0622,-118.3429,0
02/18/2020 12:00:00 AM,West Valley,BATTERY WITH SEXUAL CONTACT,34.1866,-118.5053,0
09/28/2020 12:00:00 AM,Southwest,ROBBERY,34.0216,-118.3692,0
04/21/2020 12:00:00 AM,Hollenbeck,BATTERY - SIMPLE ASSAULT,34.0256,-118.1961,0
10/08/2020 12:00:00 AM,Harbor,VEHICLE - STOLEN,33.7796,-118.2687,0
09/12/2020 12:00:00 AM,Rampart,BATTERY - SIMPLE ASSAULT,34.0434,-118.2787,0
02/24/2020 12:00:00 AM,Harbor,INTIMATE PARTNER - SIMPLE ASSAULT,33.7315,-118.2902,0
08/16/2020 12:00:00 AM,77th Street,INTIMATE PARTNER - SIMPLE ASSAULT,33.9624,-118.2907,0
02/13/2020 12:00:00 AM,Southwest,INTIMATE PARTNER - SIMPLE ASSAULT,34.0074,-118.2872,0
02/02/2020 12:00:00 AM,Central,BATTERY POLICE (SIMPLE),34.0481,-118.2542,0
12/01/2020 12:00:00 AM,West Valley,VANDALISM - MISDEAMEANOR ($399 OR UNDER),34.1726,-118.5535,0
11/06/2020 12:00:00 AM,Central,BATTERY - SIMPLE ASSAULT,34.046,-118.2493,0
05/24/2020 12:00:00 AM,Wilshire,INDECENT EXPOSURE,34.0761,-118.3555,0
02/21/2020 12:00:00 AM,Hollywood,SHOPLIFTING - PETTY THEFT ($950 & UNDER),34.1016,-118.3391,0
06/16/2020 12:00:00 AM,Rampart,VEHICLE - STOLEN,34.0755,-118.2727,0
04/21/2020 12:00:00 AM,Hollywood,"ASSAULT WITH DEADLY WEAPON, AGGRAVATED ASSAULT",34.1017,-118.3224,0
06/24/2020 12:00:00 AM,Hollenbeck,"ASSAULT WITH DEADLY WEAPON, AGGRAVATED ASSAULT",34.0438,-118.2098,0
03/04/2020 12:00:00 AM,Harbor,"BUNCO, GRAND THEFT",33.8472,-118.2904,0
12/09/2020 12:00:00 AM,Rampart,THEFT PLAIN - PETTY ($950 & UNDER),34.0699,-118.2823,0
08/24/2020 12:00:00 AM,77th Street,"ASSAULT WITH DEADLY WEAPON, AGGRAVATED ASSAULT",33.9642,-118.2827,0
07/01/2020 12:00:00 AM,Central,BIKE - STOLEN,34.0397,-118.2637,0
08/12/2020 12:00:00 AM,Rampart,THEFT FROM MOTOR VEHICLE - PETTY ($950 & UNDER),34.0673,-118.2607,0
07/04/2020 12:00:00 AM,Rampart,ROBBERY,34.0567,-118.2815,0
01/15/2020 12:00:00 AM,Hollenbeck,THEFT FROM MOTOR VEHICLE - PETTY ($950 & UNDER),34.0774,-118.1772,0
11/01/2020 12:00:00 AM,West Valley,THEFT FROM MOTOR VEHICLE - PETTY ($950 & UNDER),34.2047,-118.5513,0
09/15/2020 12:00:00 AM,West LA,"THEFT-GRAND ($950.01 & OVER)EXCPT,GUNS,FOWL,LIVESTK,PROD",34.0473,-118.4206,0
11/12/2020 12:00:00 AM,West Valley,THEFT FROM MOTOR VEHICLE - PETTY ($950 & UNDER),34.1692,-118.5272,0
02/22/2020 12:00:00 AM,West Valley,VANDALISM - MISDEAMEANOR ($399 OR UNDER),34.1867,-118.4825,0
08/09/2020 12:00:00 AM,Northeast,VANDALISM - MISDEAMEANOR ($399 OR UNDER),34.0828,-118.2365,0
09/12/2020 12:00:00 AM,Harbor,TRESPASSING,33.8702,-118.2826,0
01/24/2020 12:00:00 AM,Hollywood,ROBBERY,34.0908,-118.3012,0
05/15/2020 12:00:00 AM,West LA,"LETTERS, LEWD  -  TELEPHONE CALLS, LEWD",34.0567,-118.4055,0
03/27/2020 12:00:00 AM,Rampart,ROBBERY,34.0609,-118.278,0
03/09/2020 12:00:00 AM,Hollywood,OTHER MISCELLANEOUS CRIME,34.098,-118.3324,0
03/23/2020 12:00:00 AM,Southwest,"VANDALISM - FELONY ($400 & OVER, ALL CHURCH VANDALISMS)",34.0336,-118.3441,0
02/13/2020 12:00:00 AM,Hollywood,ATTEMPTED ROBBERY,34.1038,-118.3267,0
06/05/2020 12:00:00 AM,Rampart,BATTERY - SIMPLE ASSAULT,34.0597,-118.2795,0
05/22/2020 12:00:00 AM,Harbor,BATTERY - SIMPLE ASSAULT,33.7897,-118.2787,0
08/24/2020 12:00:00 AM,Hollywood,VEHICLE - STOLEN,34.1076,-118.3402,0
01/29/2020 12:00:00 AM,Van Nuys,"THEFT-GRAND ($950.01 & OVER)EXCPT,GUNS,FOWL,LIVESTK,PROD",34.1781,-118.4179,0
01/03/2020 12:00:00 AM,77th Street,VEHICLE - STOLEN,33.9637,-118.2987,0
12/16/2020 12:00:00 AM,West Valley,INTIMATE PARTNER - SIMPLE ASSAULT,34.2048,-118.4837,0
05/11/2020 12:00:00 AM,Southwest,BATTERY - SIMPLE ASSAULT,34.0328,-118.2888,0
12/28/2020 12:00:00 AM,Rampart,ROBBERY,34.0682,-118.2694,0
05/13/2020 12:00:00 AM,Hollenbeck,"THEFT-GRAND ($950.01 & OVER)EXCPT,GUNS,FOWL,LIVESTK,PROD",34.0333,-118.1946,0
08/30/2020 12:00:00 AM,77th Street,THEFT FROM MOTOR VEHICLE - GRAND ($950.01 AND OVER),33.9852,-118.309,0
09/08/2020 12:00:00 AM,Southwest,"VANDALISM - FELONY ($400 & OVER, ALL CHURCH VANDALISMS)",34.0173,-118.3505,0
09/09/2020 12:00:00 AM,Hollywood,THEFT OF IDENTITY,34.1034,-118.3325,0
04/11/2020 12:00:00 AM,Wilshire,CHILD NEGLECT (SEE 300 W.I.C.),34.0414,-118.3549,0
07/29/2020 12:00:00 AM,Harbor,INTIMATE PARTNER - SIMPLE ASSAULT,33.7387,-118.2814,0
01/13/2020 12:00:00 AM,Harbor,THEFT PLAIN - PETTY ($950 & UNDER),33.7161,-118.2929,0
10/22/2020 12:00:00 AM,Central,BURGLARY FROM VEHICLE,34.0414,-118.2332,0
03/11/2020 12:00:00 AM,West Valley,INTIMATE PARTNER - SIMPLE ASSAULT,34.1732,-118.5188,0
05/07/2020 12:00:00 AM,West LA,THEFT FROM MOTOR VEHICLE - PETTY ($950 & UNDER),34.0444,-118.4309,0
10/01/2020 12:00:00 AM,Hollenbeck,BATTERY - SIMPLE ASSAULT,34.0453,-118.2019,0
08/28/2020 12:00:00 AM,Central,BURGLARY FROM VEHICLE,34.0456,-118.2381,0
05/04/2020 12:00:00 AM,Harbor,"VANDALISM - FELONY ($400 & OVER, ALL CHURCH VANDALISMS)",33.8439,-118.304,0
03/16/2020 12:00:00 AM,Hollywood,ATTEMPTED ROBBERY,34.0966,-118.3049,0
10/31/2020 12:00:00 AM,Rampart,"VANDALISM - FELONY ($400 & OVER, ALL CHURCH VANDALISMS)",34.0777,-118.2961,0
02/16/2020 12:00:00 AM,Southwest,SHOPLIFTING-GRAND THEFT ($950.01 & OVER),34.0238,-118.3669,0
09/18/2020 12:00:00 AM,West LA,BURGLARY,34.0594,-118.3804,0
03/08/2020 12:00:00 AM,Rampart,VEHICLE - STOLEN,34.0644,-118.262,0
06/07/2020 12:00:00 AM,Harbor,VIOLATION OF RESTRAINING ORDER,33.7744,-118.2725,0
06/20/2020 12:00:00 AM,Wilshire,CRIMINAL THREATS - NO WEAPON DISPLAYED,34.045,-118.3571,0
12/28/2020 12:00:00 AM,Central,SHOPLIFTING-GRAND THEFT ($950.01 & OVER),34.0469,-118.2535,0
10/27/2020 12:00:00 AM,Rampart,VEHICLE - ATTEMPT STOLEN,34.0763,-118.2969,0
11/15/2020 12:00:00 AM,Wilshire,TRESPASSING,34.0607,-118.3557,0
01/03/2020 12:00:00 AM,Central,VANDALISM - MISDEAMEANOR ($399 OR UNDER),34.0522,-118.2434,0
12/14/2020 12:00:00 AM,Hollenbeck,THEFT FROM MOTOR VEHICLE - PETTY ($950 & UNDER),34.0649,-118.2089,0
01/10/2020 12:00:00 AM,Van Nuys,THEFT FROM MOTOR VEHICLE - PETTY ($950 & UNDER),34.2085,-118.4618,0
08/02/2020 12:00:00 AM,Rampart,THEFT PLAIN - PETTY ($950 & UNDER),34.0549,-118.2833,0
04/12/2020 12:00:00 AM,Rampart,VANDALISM - MISDEAMEANOR ($399 OR UNDER),34.0706,-118.2772,0
06/11/2020 12:00:00 AM,77th Street,"ASSAULT WITH DEADLY WEAPON, AGGRAVATED ASSAULT",33.9859,-118.2871,0
11/22/2020 12:00:00 AM,Harbor,CRIMINAL THREATS - NO WEAPON DISPLAYED,33.7794,-118.2729,0
04/26/2020 12:00:00 AM,West LA,"ASSAULT WITH DEADLY WEAPON, AGGRAVATED ASSAULT",34.0429,-118.4581,0
05/08/2020 12:00:00 AM,Harbor,VIOLATION OF RESTRAINING ORDER,33.828,-118.2995,0
01/09/2020 12:00:00 AM,Newton,THEFT PLAIN - PETTY ($950 & UNDER),33.9925,-118.2608,0
01/03/2020 12:00:00 AM,Central,THEFT FROM MOTOR VEHICLE - PETTY ($950 & UNDER),34.0473,-118.2566,0
01/17/2020 12:00:00 AM,West LA,"VANDALISM - FELONY ($400 & OVER, ALL CHURCH VANDALISMS)",34.0465,-118.4484,0
09/18/2020 12:00:00 AM,Harbor,VIOLATION OF RESTRAINING ORDER,33.7968,-118.3043,0
10/22/2020 12:00:00 AM,Rampart,THEFT OF IDENTITY,34.0583,-118.2616,0
02/19/2020 12:00:00 AM,Hollywood,THEFT FROM MOTOR VEHICLE - PETTY ($950 & UNDER),34.0998,-118.3237,0
02/29/2020 12:00:00 AM,Newton,BATTERY - SIMPLE ASSAULT,34.0349,-118.2436,0
08/05/2020 12:00:00 AM,Rampart,"ASSAULT WITH DEADLY WEAPON, AGGRAVATED ASSAULT",34.0423,-118.2804,0
03/12/2020 12:00:00 AM,West LA,BATTERY - SIMPLE ASSAULT,34.0583,-118.3799,0
01/25/2020 12:00:00 AM,Hollywood,TRESPASSING,34.1049,-118.3402,0
01/18/2020 12:00:00 AM,Central,THEFT FROM MOTOR VEHICLE - PETTY ($950 & UNDER),34.038,-118.243,0
02/28/2020 12:00:00 AM,Wilshire,BURGLARY,34.0513,-118.3301,0
10/08/2020 12:00:00 AM,West LA,"THEFT-GRAND ($950.01 & OVER)EXCPT,GUNS,FOWL,LIVESTK,PROD",34.0316,-118.4457,0
04/08/2020 12:00:00 AM,Central,BATTERY - SIMPLE ASSAULT,34.0435,-118.2427,0
10/03/2020 12:00:00 AM,Central,VEHICLE - STOLEN,34.0374,-118.2636,0
11/14/2020 12:00:00 AM,Hollywood,BRANDISH WEAPON,34.1016,-118.3471,0
01/24/2020 12:00:00 AM,Hollywood,BATTERY - SIMPLE ASSAULT,34.1054,-118.3093,0
02/13/2020 12:00:00 AM,Hollenbeck,"VANDALISM - FELONY ($400 & OVER, ALL CHURCH VANDALISMS)",34.0655,-118.188,0
06/14/2020 12:00:00 AM,77th Street,VEHICLE - STOLEN,33.9932,-118.3193,0
05/07/2020 12:00:00 AM,West LA,THEFT FROM MOTOR VEHICLE - PETTY ($950 & UNDER),34.0763,-118.4674,0
02/10/2020 12:00:00 AM,77th Street,OTHER ASSAULT,33.9745,-118.3309,0
05/28/2020 12:00:00 AM,Central,VANDALISM - MISDEAMEANOR ($399 OR UNDER),34.0423,-118.2452,0
01/14/2020 12:00:00 AM,Wilshire,THEFT FROM MOTOR VEHICLE - PETTY ($950 & UNDER),34.0753,-118.3849,0
06/10/2020 12:00:00 AM,Central,BURGLARY FROM VEHICLE,34.051,-118.2445,0
09/27/2020 12:00:00 AM,Wilshire,VEHICLE - STOLEN,34.0495,-118.3215,0
08/02/2020 12:00:00 AM,77th Street,"ASSAULT WITH DEADLY WEAPON, AGGRAVATED ASSAULT",33.9792,-118.2893,0
04/10/2020 12:00:00 AM,Van Nuys,CHILD ABUSE (PHYSICAL) - SIMPLE ASSAULT,34.1594,-118.4149,0
01/16/2020 12:00:00 AM,Hollywood,BATTERY - SIMPLE ASSAULT,34.098,-118.3645,0
10/13/2020 12:00:00 AM,77th Street,"BUNCO, GRAND THEFT",33.9736,-118.329,0
11/07/2020 12:00:00 AM,Rampart,BURGLARY FROM VEHICLE,34.0777,-118.297,0
02/20/2020 12:00:00 AM,77th Street,ROBBERY,33.96,-118.3068,0
04/12/2020 12:00:00 AM,Wilshire,THEFT FROM MOTOR VEHICLE - PETTY ($950 & UNDER),34.0431,-118.3692,0
03/23/2020 12:00:00 AM,Northeast,BIKE - STOLEN,34.0909,-118.2984,0
05/08/2020 12:00:00 AM,Hollenbeck,"ASSAULT WITH DEADLY WEAPON, AGGRAVATED ASSAULT",34.0423,-118.2155,0
02/08/2020 12:00:00 AM,West Valley,VEHICLE - STOLEN,34.2138,-118.5405,0
12/01/2020 12:00:00 AM,West Valley,BURGLARY FROM VEHICLE,34.2085,-118.4837,0
08/01/2020 12:00:00 AM,77th Street,HUMAN TRAFFICKING - COMMERCIAL SEX ACTS,33.9667,-118.2827,0
04/29/2020 12:00:00 AM,Southwest,BURGLARY FROM VEHICLE,34.015,-118.3536,0
10/08/2020 12:00:00 AM,Southwest,VANDALISM - MISDEAMEANOR ($399 OR UNDER),34.0183,-118.3521,0
04/26/2020 12:00:00 AM,Central,ROBBERY,34.0352,-118.2583,0
09/02/2020 12:00:00 AM,Harbor,THEFT FROM MOTOR VEHICLE - GRAND ($950.01 AND OVER),33.7786,-118.2871,0
03/26/2020 12:00:00 AM,Southwest,THEFT PLAIN - PETTY ($950 & UNDER),34.03,-118.2801,0
06/16/2020 12:00:00 AM,Hollywood,BRANDISH WEAPON,34.1145,-118.3312,0
01/16/2020 12:00:00 AM,Harbor,INTIMATE PARTNER - SIMPLE ASSAULT,33.7243,-118.2963,0
11/12/2020 12:00:00 AM,West Valley,INTIMATE PARTNER - AGGRAVATED ASSAULT,34.1957,-118.5069,0
08/31/2020 12:00:00 AM,Southwest,BATTERY - SIMPLE ASSAULT,34.0193,-118.3749,0
04/26/2020 12:00:00 AM,West Valley,INTIMATE PARTNER - SIMPLE ASSAULT,34.1939,-118.4836,0
06/05/2020 12:00:00 AM,Northeast,VIOLATION OF COURT ORDER,34.091,-118.2139,0
03/04/2020 12:00:00 AM,Hollywood,"THEFT-GRAND ($950.01 & OVER)EXCPT,GUNS,FOWL,LIVESTK,PROD",34.1016,-118.3452,0
07/06/2020 12:00:00 AM,Wilshire,THEFT FROM MOTOR VEHICLE - PETTY ($950 & UNDER),34.0427,-118.3423,0
05/06/2020 12:00:00 AM,Central,INTIMATE PARTNER - SIMPLE ASSAULT,34.0505,-118.2588,0
04/15/2020 12:00:00 AM,77th Street,"ASSAULT WITH DEADLY WEAPON, AGGRAVATED ASSAULT",33.9602,-118.2651,0
09/15/2020 12:00:00 AM,West LA,THEFT OF IDENTITY,34.0515,-118.418,0
08/30/2020 12:00:00 AM,Central,"ASSAULT WITH DEADLY WEAPON, AGGRAVATED ASSAULT",34.0442,-118.2439,0
07/26/2020 12:00:00 AM,Southwest,BURGLARY,34.0109,-118.333,0
04/17/2020 12:00:00 AM,Harbor,"ASSAULT WITH DEADLY WEAPON, AGGRAVATED ASSAULT",33.7334,-118.2902,0
12/06/2020 12:00:00 AM,Rampart,ROBBERY,34.061,-118.2775,0
01/11/2020 12:00:00 AM,Harbor,VEHICLE - STOLEN,33.7315,-118.2946,0
02/11/2020 12:00:00 AM,Central,"VANDALISM - FELONY ($400 & OVER, ALL CHURCH VANDALISMS)",34.0416,-118.244,0
04/11/2020 12:00:00 AM,Hollenbeck,THEFT FROM MOTOR VEHICLE - GRAND ($950.01 AND OVER),34.0891,-118.1624,0
12/19/2020 12:00:00 AM,Central,CRIMINAL HOMICIDE,34.0428,-118.2353,0
01/18/2020 12:00:00 AM,Van Nuys,BURGLARY FROM VEHICLE,34.1758,-118.4312,0
05/12/2020 12:00:00 AM,West LA,OTHER MISCELLANEOUS CRIME,34.0513,-118.4227,0
03/18/2020 12:00:00 AM,West Valley,BATTERY - SIMPLE ASSAULT,34.2011,-118.536,0
10/08/2020 12:00:00 AM,West LA,"BUNCO, GRAND THEFT",34.0562,-118.4114,0
12/03/2020 12:00:00 AM,Northeast,THEFT FROM MOTOR VEHICLE - GRAND ($950.01 AND OVER),34.1018,-118.2962,0
09/12/2020 12:00:00 AM,Northeast,"VANDALISM - FELONY ($400 & OVER, ALL CHURCH VANDALISMS)",34.1199,-118.2431,0
10/16/2020 12:00:00 AM,77th Street,VEHICLE - STOLEN,33.9897,-118.3045,0
10/16/2020 12:00:00 AM,Hollywood,THEFT PLAIN - PETTY ($950 & UNDER),34.0889,-118.3386,0
06/08/2020 12:00:00 AM,77th Street,"ASSAULT WITH DEADLY WEAPON, AGGRAVATED ASSAULT",33.9708,-118.2827,0
11/22/2020 12:00:00 AM,Hollywood,BRANDISH WEAPON,34.1034,-118.3325,0
10/31/2020 12:00:00 AM,West LA,BATTERY - SIMPLE ASSAULT,34.0486,-118.3951,0
03/27/2020 12:00:00 AM,Rampart,BATTERY - SIMPLE ASSAULT,34.0713,-118.2586,0
04/14/2020 12:00:00 AM,Rampart,"ASSAULT WITH DEADLY WEAPON, AGGRAVATED ASSAULT",34.0549,-118.2614,0
09/05/2020 12:00:00 AM,Hollywood,CRIMINAL THREATS - NO WEAPON DISPLAYED,34.098,-118.3479,0
07/08/2020 12:00:00 AM,West LA,INTIMATE PARTNER - SIMPLE ASSAULT,34.0341,-118.4525,0
04/22/2020 12:00:00 AM,Southwest,"LETTERS, LEWD  -  TELEPHONE CALLS, LEWD",34.0274,-118.3594,0
03/17/2020 12:00:00 AM,Van Nuys,ROBBERY,34.1576,-118.4138,0
04/22/2020 12:00:00 AM,Newton,BURGLARY FROM VEHICLE,34.0111,-118.274,0
03/15/2020 12:00:00 AM,Rampart,BATTERY - SIMPLE ASSAULT,34.0909,-118.2917,0
12/04/2020 12:00:00 AM,West Valley,RECKLESS DRIVING,34.1908,-118.5011,0
05/12/2020 12:00:00 AM,Rampart,VIOLATION OF RESTRAINING ORDER,34.0565,-118.2566,0
08/27/2020 12:00:00 AM,77th Street,THEFT OF IDENTITY,33.999,-118.3095,0
04/14/2020 12:00:00 AM,Hollywood,LEWD CONDUCT,34.1015,-118.3415,0
10/31/2020 12:00:00 AM,Van Nuys,THEFT PLAIN - PETTY ($950 & UNDER),34.1794,-118.4394,0
09/15/2020 12:00:00 AM,Central,OTHER ASSAULT,34.035,-118.2615,0
05/07/2020 12:00:00 AM,Van Nuys,"THEFT-GRAND ($950.01 & OVER)EXCPT,GUNS,FOWL,LIVESTK,PROD",34.1369,-118.4322,0
01/21/2020 12:00:00 AM,77th Street,THEFT FROM MOTOR VEHICLE - PETTY ($950 & UNDER),33.9675,-118.2564,0
05/23/2020 12:00:00 AM,Van Nuys,THEFT PLAIN - PETTY ($950 & UNDER),34.1938,-118.4702,0
09/11/2020 12:00:00 AM,Rampart,BATTERY - SIMPLE ASSAULT,34.0396,-118.2804,0
04/09/2020 12:00:00 AM,West LA,"LETTERS, LEWD  -  TELEPHONE CALLS, LEWD",34.0548,-118.3965,0
09/17/2020 12:00:00 AM,West LA,BURGLARY,34.0604,-118.4684,0
07/17/2020 12:00:00 AM,West LA,BURGLARY FROM VEHICLE,34.0563,-118.4372,0
02/05/2020 12:00:00 AM,Southwest,INTIMATE PARTNER - AGGRAVATED ASSAULT,34.0099,-118.3089,0
10/29/2020 12:00:00 AM,Hollywood,"ASSAULT WITH DEADLY WEAPON, AGGRAVATED ASSAULT",34.1136,-118.3695,0
02/19/2020 12:00:00 AM,Newton,"ASSAULT WITH DEADLY WEAPON, AGGRAVATED ASSAULT",34.0337,-118.2533,0
10/30/2020 12:00:00 AM,Hollywood,BATTERY - SIMPLE ASSAULT,34.0907,-118.3363,0
11/11/2020 12:00:00 AM,Van Nuys,FAILURE TO YIELD,34.2011,-118.4575,0
10/02/2020 12:00:00 AM,West LA,BURGLARY,34.0417,-118.4499,0
08/22/2020 12:00:00 AM,Central,BURGLARY FROM VEHICLE,34.0445,-118.2523,0
08/23/2020 12:00:00 AM,Southwest,BATTERY WITH SEXUAL CONTACT,34.0268,-118.2808,0
02/01/2020 12:00:00 AM,Van Nuys,BURGLARY FROM VEHICLE,34.1958,-118.4455,0
01/28/2020 12:00:00 AM,Rampart,SHOPLIFTING - PETTY THEFT ($950 & UNDER),34.0472,-118.2782,0
02/06/2020 12:00:00 AM,Southwest,BIKE - STOLEN,34.0268,-118.2896,0
07/05/2020 12:00:00 AM,Central,BATTERY - SIMPLE ASSAULT,34.0462,-118.2559,0
08/01/2020 12:00:00 AM,Hollenbeck,INTIMATE PARTNER - SIMPLE ASSAULT,34.0593,-118.1959,0
08/20/2020 12:00:00 AM,Hollywood,BIKE - STOLEN,34.098,-118.3643,0
09/19/2020 12:00:00 AM,Rampart,INTIMATE PARTNER - SIMPLE ASSAULT,34.0509,-118.2761,0
07/03/2020 12:00:00 AM,Harbor,ARSON,33.7347,-118.2842,0
05/28/2020 12:00:00 AM,West LA,THEFT PLAIN - ATTEMPT,34.0426,-118.4521,0
09/11/2020 12:00:00 AM,Rampart,BATTERY - SIMPLE ASSAULT,34.0542,-118.2611,0
01/01/2020 12:00:00 AM,Hollywood,"ASSAULT WITH DEADLY WEAPON, AGGRAVATED ASSAULT",34.0907,-118.331,0
01/08/2020 12:00:00 AM,Southwest,CRIMINAL THREATS - NO WEAPON DISPLAYED,34.0274,-118.2891,0
09/16/2020 12:00:00 AM,Hollenbeck,VIOLATION OF COURT ORDER,34.0313,-118.2021,0
07/10/2020 12:00:00 AM,West Valley,"THEFT-GRAND ($950.01 & OVER)EXCPT,GUNS,FOWL,LIVESTK,PROD",34.2139,-118.4815,0
06/26/2020 12:00:00 AM,Southwest,"VANDALISM - FELONY ($400 & OVER, ALL CHURCH VANDALISMS)",34.0137,-118.3435,0
11/22/2020 12:00:00 AM,Central,INTIMATE PARTNER - SIMPLE ASSAULT,34.0462,-118.2585,0
07/14/2020 12:00:00 AM,Northeast,VIOLATION OF RESTRAINING ORDER,34.1135,-118.2765,0
02/13/2020 12:00:00 AM,West LA,"VANDALISM - FELONY ($400 & OVER, ALL CHURCH VANDALISMS)",34.0557,-118.3908,0
02/05/2020 12:00:00 AM,Southwest,"ASSAULT WITH DEADLY WEAPON, AGGRAVATED ASSAULT",34.0145,-118.2937,0
09/22/2020 12:00:00 AM,Rampart,"ASSAULT WITH DEADLY WEAPON, AGGRAVATED ASSAULT",34.0648,-118.2559,0
05/06/2020 12:00:00 AM,Van Nuys,BATTERY - SIMPLE ASSAULT,34.2062,-118.4299,0
04/09/2020 12:00:00 AM,77th Street,BURGLARY FROM VEHICLE,33.9696,-118.2739,0
04/09/2020 12:00:00 AM,Rampart,"VANDALISM - FELONY ($400 & OVER, ALL CHURCH VANDALISMS)",34.0621,-118.2747,0
06/30/2020 12:00:00 AM,Northeast,THEFT OF IDENTITY,34.12,-118.2589,0
08/19/2020 12:00:00 AM,Hollenbeck,BATTERY - SIMPLE ASSAULT,34.0317,-118.2097,0
01/03/2020 12:00:00 AM,West LA,"VANDALISM - FELONY ($400 & OVER, ALL CHURCH VANDALISMS)",34.0425,-118.3818,0
04/15/2020 12:00:00 AM,Hollywood,INTIMATE PARTNER - SIMPLE ASSAULT,34.1001,-118.3093,0
08/21/2020 12:00:00 AM,Wilshire,THEFT FROM MOTOR VEHICLE - PETTY ($950 & UNDER),34.0836,-118.3487,0
11/09/2020 12:00:00 AM,Rampart,BATTERY - SIMPLE ASSAULT,34.0573,-118.2699,0
01/25/2020 12:00:00 AM,Van Nuys,"VANDALISM - FELONY ($400 & OVER, ALL CHURCH VANDALISMS)",34.1857,-118.4509,0
05/12/2020 12:00:00 AM,Hollenbeck,VANDALISM - MISDEAMEANOR ($399 OR UNDER),34.0675,-118.2204,0
07/15/2020 12:00:00 AM,Southwest,VEHICLE - STOLEN,34.0346,-118.3049,0
07/02/2020 12:00:00 AM,Central,THEFT FROM MOTOR VEHICLE - PETTY ($950 & UNDER),34.0483,-118.2631,0
11/06/2020 12:00:00 AM,Northeast,THEFT PLAIN - PETTY ($950 & UNDER),34.1192,-118.2305,0
03/05/2020 12:00:00 AM,77th Street,"ASSAULT WITH DEADLY WEAPON, AGGRAVATED ASSAULT",33.9842,-118.2841,0
07/15/2020 12:00:00 AM,Northeast,OTHER ASSAULT,34.1085,-118.2011,0
07/29/2020 12:00:00 AM,77th Street,DISCHARGE FIREARMS/SHOTS FIRED,33.9636,-118.3112,0
05/21/2020 12:00:00 AM,West Valley,CRIMINAL THREATS - NO WEAPON DISPLAYED,34.1939,-118.4967,0
10/22/2020 12:00:00 AM,Harbor,ARSON,33.7948,-118.2694,0
09/04/2020 12:00:00 AM,Van Nuys,SHOPLIFTING - PETTY THEFT ($950 & UNDER),34.2131,-118.4584,0
11/15/2020 12:00:00 AM,Rampart,INTIMATE PARTNER - SIMPLE ASSAULT,34.0549,-118.2833,0
11/09/2020 12:00:00 AM,Southwest,THEFT PLAIN - PETTY ($950 & UNDER),34.0142,-118.2987,0
09/29/2020 12:00:00 AM,Harbor,"ASSAULT WITH DEADLY WEAPON, AGGRAVATED ASSAULT",33.7725,-118.2658,0
02/06/2020 12:00:00 AM,Newton,RESISTING ARREST,33.9784,-118.263,0
12/26/2020 12:00:00 AM,Hollenbeck,VEHICLE - STOLEN,34.0766,-118.2228,0
08/11/2020 12:00:00 AM,Hollywood,VEHICLE - STOLEN,34.1071,-118.324,0
03/12/2020 12:00:00 AM,Central,THEFT FROM MOTOR VEHICLE - PETTY ($950 & UNDER),34.0488,-118.2553,0
06/03/2020 12:00:00 AM,Central,"ASSAULT WITH DEADLY WEAPON, AGGRAVATED ASSAULT",34.0467,-118.252,0
01/31/2020 12:00:00 AM,Hollywood,BATTERY - SIMPLE ASSAULT,34.1017,-118.3245,0
01/08/2020 12:00:00 AM,Central,SEXUAL PENETRATION W/FOREIGN OBJECT,34.0487,-118.2588,0
07/28/2020 12:00:00 AM,Northeast,BOMB SCARE,34.0786,-118.2615,0
02/03/2020 12:00:00 AM,Southwest,INTIMATE PARTNER - SIMPLE ASSAULT,34.0246,-118.2975,0
08/12/2020 12:00:00 AM,Hollywood,BURGLARY,34.1034,-118.3325,0
03/07/2020 12:00:00 AM,Southwest,INTIMATE PARTNER - AGGRAVATED ASSAULT,34.0291,-118.3535,0
10/31/2020 12:00:00 AM,Van Nuys,VEHICLE - STOLEN,34.156,-118.4553,0
02/13/2020 12:00:00 AM,Wilshire,VEHICLE - STOLEN,34.0677,-118.3548,0
03/30/2020 12:00:00 AM,Harbor,BURGLARY,33.7424,-118.2923,0
06/16/2020 12:00:00 AM,Southwest,BATTERY - SIMPLE ASSAULT,34.0165,-118.2988,0
07/31/2020 12:00:00 AM,Hollywood,BURGLARY FROM VEHICLE,34.0895,-118.3114,0
05/07/2020 12:00:00 AM,Harbor,VEHICLE - STOLEN,33.7825,-118.2389,0
08/15/2020 12:00:00 AM,Central,BATTERY - SIMPLE ASSAULT,34.0581,-118.2464,0
11/16/2020 12:00:00 AM,West Valley,BURGLARY FROM VEHICLE,34.1975,-118.5243,0
03/16/2020 12:00:00 AM,Newton,ROBBERY,34.001,-118.2441,0
03/09/2020 12:00:00 AM,Northeast,BATTERY - SIMPLE ASSAULT,34.1328,-118.1981,0
12/28/2020 12:00:00 AM,77th Street,VANDALISM - MISDEAMEANOR ($399 OR UNDER),33.9746,-118.3243,0
10/29/2020 12:00:00 AM,77th Street,INTIMATE PARTNER - AGGRAVATED ASSAULT,33.9624,-118.2651,0
11/12/2020 12:00:00 AM,Harbor,THEFT FROM MOTOR VEHICLE - GRAND ($950.01 AND OVER),33.7428,-118.2923,0
02/12/2020 12:00:00 AM,Hollenbeck,THEFT PLAIN - PETTY ($950 & UNDER),34.0473,-118.2089,0
01/16/2020 12:00:00 AM,Harbor,"VANDALISM - FELONY ($400 & OVER, ALL CHURCH VANDALISMS)",33.7415,-118.2945,0
01/11/2020 12:00:00 AM,Wilshire,BURGLARY,34.0476,-118.3246,0
09/29/2020 12:00:00 AM,Southwest,CRM AGNST CHLD (13 OR UNDER) (14-15 & SUSP 10 YRS OLDER),34.0336,-118.3441,0
08/17/2020 12:00:00 AM,Northeast,THEFT PLAIN - PETTY ($950 & UNDER),34.0871,-118.2141,0
04/29/2020 12:00:00 AM,Harbor,VEHICLE - STOLEN,33.7926,-118.3043,0
12/22/2020 12:00:00 AM,Wilshire,BRANDISH WEAPON,34.0588,-118.3419,0
04/07/2020 12:00:00 AM,West LA,"THEFT-GRAND ($950.01 & OVER)EXCPT,GUNS,FOWL,LIVESTK,PROD",34.0436,-118.5182,0
01/02/2020 12:00:00 AM,Central,INTIMATE PARTNER - AGGRAVATED ASSAULT,34.0493,-118.2418,0
02/16/2020 12:00:00 AM,Wilshire,ATTEMPTED ROBBERY,34.0425,-118.3362,0
10/16/2020 12:00:00 AM,Van Nuys,ATTEMPTED ROBBERY,34.1517,-118.4534,0
03/03/2020 12:00:00 AM,Wilshire,BATTERY - SIMPLE ASSAULT,34.0385,-118.344,0
12/26/2020 12:00:00 AM,West LA,INTIMATE PARTNER - SIMPLE ASSAULT,34.0421,-118.4383,0
06/10/2020 12:00:00 AM,Wilshire,"THEFT-GRAND ($950.01 & OVER)EXCPT,GUNS,FOWL,LIVESTK,PROD",34.0693,-118.3706,0
03/15/2020 12:00:00 AM,Hollenbeck,INTIMATE PARTNER - AGGRAVATED ASSAULT,34.0766,-118.209,0
04/29/2020 12:00:00 AM,Rampart,THEFT FROM MOTOR VEHICLE - PETTY ($950 & UNDER),34.0699,-118.2823,0
05/11/2020 12:00:00 AM,Rampart,"ASSAULT WITH DEADLY WEAPON, AGGRAVATED ASSAULT",34.0647,-118.2583,0
10/10/2020 12:00:00 AM,Hollenbeck,VEHICLE - STOLEN,34.0258,-118.222,0
02/25/2020 12:00:00 AM,Southwest,ROBBERY,34.0074,-118.2872,0
05/05/2020 12:00:00 AM,Southwest,BRANDISH WEAPON,34.0155,-118.3023,0
10/20/2020 12:00:00 AM,Harbor,ROBBERY,33.8534,-118.2905,0
01/12/2020 12:00:00 AM,Rampart,INTIMATE PARTNER - AGGRAVATED ASSAULT,34.0522,-118.2673,0
03/30/2020 12:00:00 AM,77th Street,THEFT PLAIN - PETTY ($950 & UNDER),33.9833,-118.309,0
10/18/2020 12:00:00 AM,Harbor,THEFT FROM MOTOR VEHICLE - PETTY ($950 & UNDER),33.7379,-118.2814,0
10/04/2020 12:00:00 AM,West LA,VEHICLE - STOLEN,34.051,-118.5375,0
01/14/2020 12:00:00 AM,Wilshire,BATTERY - SIMPLE ASSAULT,34.073,-118.3509,0
05/16/2020 12:00:00 AM,Southwest,VEHICLE - STOLEN,34.0099,-118.3089,0
12/19/2020 12:00:00 AM,Van Nuys,VEHICLE - STOLEN,34.1745,-118.4356,0
07/28/2020 12:00:00 AM,77th Street,BATTERY - SIMPLE ASSAULT,33.96,-118.2918,0
08/07/2020 12:00:00 AM,Hollenbeck,BURGLARY,34.045,-118.2165,0
05/23/2020 12:00:00 AM,77th Street,THEFT FROM MOTOR VEHICLE - PETTY ($950 & UNDER),33.9891,-118.3235,0
09/09/2020 12:00:00 AM,Rampart,THEFT FROM MOTOR VEHICLE - PETTY ($950 & UNDER),34.0433,-118.2829,0
07/23/2020 12:00:00 AM,Central,TRESPASSING,34.042,-118.2599,0
02/22/2020 12:00:00 AM,Van Nuys,"VANDALISM - FELONY ($400 & OVER, ALL CHURCH VANDALISMS)",34.1535,-118.464,0
12/04/2020 12:00:00 AM,West Valley,BATTERY - SIMPLE ASSAULT,34.1903,-118.5142,0
04/29/2020 12:00:00 AM,Hollenbeck,VANDALISM - MISDEAMEANOR ($399 OR UNDER),34.0234,-118.2177,0
07/24/2020 12:00:00 AM,Newton,THEFT PLAIN - PETTY ($950 & UNDER),34.0348,-118.2359,0
09/14/2020 12:00:00 AM,Harbor,BURGLARY,33.7255,-118.288,0
09/13/2020 12:00:00 AM,Rampart,INTIMATE PARTNER - SIMPLE ASSAULT,34.0419,-118.28,0
04/05/2020 12:00:00 AM,Central,BURGLARY FROM VEHICLE,34.0402,-118.2633,0
10/14/2020 12:00:00 AM,Southwest,VEHICLE - STOLEN,34.015,-118.3301,0
01/26/2020 12:00:00 AM,Van Nuys,THEFT FROM MOTOR VEHICLE - PETTY ($950 & UNDER),34.194,-118.4236,0
10/09/2020 12:00:00 AM,Southwest,BATTERY - SIMPLE ASSAULT,34.0121,-118.2986,0
01/19/2020 12:00:00 AM,West Valley,THEFT OF IDENTITY,34.1939,-118.536,0
09/05/2020 12:00:00 AM,Central,BURGLARY,34.0314,-118.2629,0
10/17/2020 12:00:00 AM,77th Street,VEHICLE - STOLEN,33.9624,-118.2915,0
04/08/2020 12:00:00 AM,West Valley,BURGLARY FROM VEHICLE,34.1629,-118.5263,0
07/21/2020 12:00:00 AM,Harbor,CHILD ABUSE (PHYSICAL) - AGGRAVATED ASSAULT,33.7143,-118.2923,0
04/30/2020 12:00:00 AM,Hollywood,BATTERY - SIMPLE ASSAULT,34.1017,-118.318,0
05/16/2020 12:00:00 AM,Rampart,VEHICLE - STOLEN,34.0677,-118.2731,0
06/21/2020 12:00:00 AM,Hollenbeck,INTIMATE PARTNER - AGGRAVATED ASSAULT,34.0563,-118.1995,0
04/23/2020 12:00:00 AM,Harbor,VANDALISM - MISDEAMEANOR ($399 OR UNDER),33.7807,-118.2666,0
07/05/2020 12:00:00 AM,West LA,"THEFT-GRAND ($950.01 & OVER)EXCPT,GUNS,FOWL,LIVESTK,PROD",34.0401,-118.4644,0
01/19/2020 12:00:00 AM,Harbor,BATTERY - SIMPLE ASSAULT,33.7325,-118.3119,0
01/06/2020 12:00:00 AM,Wilshire,SHOPLIFTING - PETTY THEFT ($950 & UNDER),34.0746,-118.3765,0
06/09/2020 12:00:00 AM,Central,"ASSAULT WITH DEADLY WEAPON, AGGRAVATED ASSAULT",34.0517,-118.2474,0
01/20/2020 12:00:00 AM,Central,BURGLARY FROM VEHICLE,34.0433,-118.2504,0
01/14/2020 12:00:00 AM,Southwest,INTIMATE PARTNER - SIMPLE ASSAULT,34.0309,-118.3121,0
02/01/2020 12:00:00 AM,West Valley,THEFT OF IDENTITY,34.183,-118.5187,0
01/10/2020 12:00:00 AM,Harbor,BATTERY - SIMPLE ASSAULT,33.7439,-118.3137,0
05/29/2020 12:00:00 AM,Central,BURGLARY FROM VEHICLE,34.0446,-118.2507,0
03/04/2020 12:00:00 AM,Central,"VANDALISM - FELONY ($400 & OVER, ALL CHURCH VANDALISMS)",34.0423,-118.2666,0
11/21/2020 12:00:00 AM,Hollywood,BATTERY - SIMPLE ASSAULT,34.1034,-118.3325,0
04/30/2020 12:00:00 AM,Southwest,BATTERY - SIMPLE ASSAULT,34.0175,-118.346,0
05/27/2020 12:00:00 AM,Central,THEFT PLAIN - PETTY ($950 & UNDER),34.0409,-118.2609,0
04/13/2020 12:00:00 AM,Southwest,BURGLARY FROM VEHICLE,34.0112,-118.2827,0
06/24/2020 12:00:00 AM,77th Street,VEHICLE - STOLEN,33.9637,-118.2695,0
04/30/2020 12:00:00 AM,Hollenbeck,"BUNCO, PETTY THEFT",34.106,-118.1821,0
10/28/2020 12:00:00 AM,West LA,THEFT OF IDENTITY,34.0614,-118.4381,0
12/06/2020 12:00:00 AM,Rampart,BURGLARY,34.0569,-118.2583,0
09/18/2020 12:00:00 AM,Harbor,CRIMINAL THREATS - NO WEAPON DISPLAYED,33.7197,-118.2917,0
03/04/2020 12:00:00 AM,Wilshire,THEFT PLAIN - PETTY ($950 & UNDER),34.0649,-118.3462,0
07/26/2020 12:00:00 AM,Van Nuys,VIOLATION OF RESTRAINING ORDER,34.1847,-118.4465,0
03/25/2020 12:00:00 AM,Van Nuys,THEFT FROM MOTOR VEHICLE - PETTY ($950 & UNDER),34.1561,-118.4542,0
10/03/2020 12:00:00 AM,Rampart,"VANDALISM - FELONY ($400 & OVER, ALL CHURCH VANDALISMS)",34.0753,-118.2616,0
04/30/2020 12:00:00 AM,West LA,THEFT FROM MOTOR VEHICLE - PETTY ($950 & UNDER),34.0434,-118.4472,0
01/25/2020 12:00:00 AM,Central,ROBBERY,34.0389,-118.2643,0
12/14/2020 12:00:00 AM,Hollenbeck,VEHICLE - STOLEN,34.0645,-118.197,0
06/20/2020 12:00:00 AM,Hollenbeck,BURGLARY,34.069,-118.1927,0
10/02/2020 12:00:00 AM,Southwest,BURGLARY FROM VEHICLE,34.0295,-118.3363,0
06/15/2020 12:00:00 AM,Hollenbeck,"VANDALISM - FELONY ($400 & OVER, ALL CHURCH VANDALISMS)",34.0234,-118.2102,0
07/02/2020 12:00:00 AM,Wilshire,"VANDALISM - FELONY ($400 & OVER, ALL CHURCH VANDALISMS)",34.0761,-118.3594,0
10/06/2020 12:00:00 AM,Hollenbeck,THEFT FROM MOTOR VEHICLE - PETTY ($950 & UNDER),34.066,-118.2116,0
10/27/2020 12:00:00 AM,Central,BURGLARY,34.0469,-118.2569,0
12/16/2020 12:00:00 AM,Hollywood,BURGLARY,34.0999,-118.3038,0
06/22/2020 12:00:00 AM,77th Street,VEHICLE - STOLEN,33.9711,-118.2696,0
07/06/2020 12:00:00 AM,Northeast,CRIMINAL THREATS - NO WEAPON DISPLAYED,34.114,-118.1949,0
01/11/2020 12:00:00 AM,West Valley,VANDALISM - MISDEAMEANOR ($399 OR UNDER),34.2012,-118.4837,0
04/22/2020 12:00:00 AM,Rampart,BURGLARY FROM VEHICLE,34.0629,-118.2741,0
05/29/2020 12:00:00 AM,Northeast,BATTERY - SIMPLE ASSAULT,34.0973,-118.283,0
01/31/2020 12:00:00 AM,Northeast,BATTERY - SIMPLE ASSAULT,34.0832,-118.2572,0
09/01/2020 12:00:00 AM,West Valley,ATTEMPTED ROBBERY,34.1707,-118.5407,0
08/19/2020 12:00:00 AM,Central,BATTERY - SIMPLE ASSAULT,34.046,-118.251,0
08/16/2020 12:00:00 AM,Van Nuys,VEHICLE - STOLEN,34.1976,-118.4574,0
01/25/2020 12:00:00 AM,Harbor,VANDALISM - MISDEAMEANOR ($399 OR UNDER),33.7333,-118.2857,0
07/06/2020 12:00:00 AM,Harbor,VEHICLE - STOLEN,33.7938,-118.3012,0
07/30/2020 12:00:00 AM,77th Street,THEFT FROM MOTOR VEHICLE - PETTY ($950 & UNDER),33.9661,-118.2849,0
04/02/2020 12:00:00 AM,Harbor,"ASSAULT WITH DEADLY WEAPON, AGGRAVATED ASSAULT",33.7978,-118.3043,0
11/15/2020 12:00:00 AM,Hollenbeck,VIOLATION OF RESTRAINING ORDER,34.0453,-118.2219,0
07/15/2020 12:00:00 AM,77th Street,THEFT OF IDENTITY,33.9782,-118.2893,0
10/29/2020 12:00:00 AM,Southwest,ROBBERY,34.029,-118.32,0
02/10/2020 12:00:00 AM,West LA,TRESPASSING,34.0404,-118.5165,0
04/02/2020 12:00:00 AM,Rampart,VEHICLE - STOLEN,34.0541,-118.2621,0
07/13/2020 12:00:00 AM,West LA,BURGLARY,34.0436,-118.468,0
02/05/2020 12:00:00 AM,Central,BATTERY - SIMPLE ASSAULT,34.048,-118.2577,0
08/23/2020 12:00:00 AM,Harbor,BATTERY POLICE (SIMPLE),33.8696,-118.2865,0
10/15/2020 12:00:00 AM,West Valley,THEFT OF IDENTITY,34.1726,-118.5516,0
02/18/2020 12:00:00 AM,West LA,BATTERY - SIMPLE ASSAULT,34.0548,-118.3837,0
04/19/2020 12:00:00 AM,Hollywood,BATTERY - SIMPLE ASSAULT,34.1034,-118.3325,0
09/24/2020 12:00:00 AM,Southwest,CRIMINAL THREATS - NO WEAPON DISPLAYED,34.0072,-118.3201,0
02/10/2020 12:00:00 AM,Central,BURGLARY FROM VEHICLE,34.0391,-118.2384,0
10/02/2020 12:00:00 AM,77th Street,BRANDISH WEAPON,33.9622,-118.2834,0
08/29/2020 12:00:00 AM,Central,"ASSAULT WITH DEADLY WEAPON, AGGRAVATED ASSAULT",34.0444,-118.2443,0
01/14/2020 12:00:00 AM,Northeast,THEFT FROM MOTOR VEHICLE - GRAND ($950.01 AND OVER),34.0982,-118.2918,0
11/04/2020 12:00:00 AM,Rampart,"ASSAULT WITH DEADLY WEAPON, AGGRAVATED ASSAULT",34.0524,-118.2766,0
03/04/2020 12:00:00 AM,Hollywood,BURGLARY,34.1038,-118.3267,0
09/27/2020 12:00:00 AM,Hollywood,BATTERY - SIMPLE ASSAULT,34.098,-118.342,0
07/28/2020 12:00:00 AM,Central,TRESPASSING,34.0646,-118.2474,0
10/06/2020 12:00:00 AM,Central,BATTERY - SIMPLE ASSAULT,34.0662,-118.2476,0
05/05/2020 12:00:00 AM,Hollywood,"THEFT-GRAND ($950.01 & OVER)EXCPT,GUNS,FOWL,LIVESTK,PROD",34.0962,-118.3517,0
07/10/2020 12:00:00 AM,Hollywood,OTHER MISCELLANEOUS CRIME,34.1071,-118.324,0
11/10/2020 12:00:00 AM,Wilshire,TRESPASSING,34.087,-118.3764,0
03/01/2020 12:00:00 AM,Central,THEFT PLAIN - PETTY ($950 & UNDER),34.0457,-118.2364,0
03/08/2020 12:00:00 AM,Hollenbeck,INTIMATE PARTNER - SIMPLE ASSAULT,34.0513,-118.2222,0
02/21/2020 12:00:00 AM,Van Nuys,VEHICLE - STOLEN,34.1504,-118.4296,0
07/15/2020 12:00:00 AM,77th Street,INTIMATE PARTNER - AGGRAVATED ASSAULT,33.9789,-118.2981,0
04/23/2020 12:00:00 AM,Central,"THEFT-GRAND ($950.01 & OVER)EXCPT,GUNS,FOWL,LIVESTK,PROD",34.0438,-118.2547,0
09/16/2020 12:00:00 AM,77th Street,CHILD STEALING,33.9703,-118.2783,0
02/27/2020 12:00:00 AM,Northeast,THEFT PLAIN - PETTY ($950 & UNDER),34.1422,-118.223,0
02/24/2020 12:00:00 AM,Northeast,BATTERY - SIMPLE ASSAULT,34.0808,-118.2655,0
04/15/2020 12:00:00 AM,Harbor,BURGLARY FROM VEHICLE,33.7451,-118.2901,0
08/22/2020 12:00:00 AM,Central,BURGLARY FROM VEHICLE,34.0401,-118.2329,0
09/18/2020 12:00:00 AM,Rampart,CRIMINAL THREATS - NO WEAPON DISPLAYED,34.0873,-118.296,0
05/14/2020 12:00:00 AM,Central,BRANDISH WEAPON,34.0405,-118.2508,0
02/03/2020 12:00:00 AM,Van Nuys,"LETTERS, LEWD  -  TELEPHONE CALLS, LEWD",34.2012,-118.464,0
03/24/2020 12:00:00 AM,77th Street,"ASSAULT WITH DEADLY WEAPON, AGGRAVATED ASSAULT",33.9996,-118.2893,0
04/26/2020 12:00:00 AM,West LA,SHOPLIFTING - PETTY THEFT ($950 & UNDER),34.0544,-118.3816,0
12/08/2020 12:00:00 AM,Central,"VANDALISM - FELONY ($400 & OVER, ALL CHURCH VANDALISMS)",34.0662,-118.2476,0
08/03/2020 12:00:00 AM,Hollywood,BATTERY - SIMPLE ASSAULT,34.0987,-118.3337,0
07/01/2020 12:00:00 AM,West LA,"THEFT-GRAND ($950.01 & OVER)EXCPT,GUNS,FOWL,LIVESTK,PROD",34.0435,-118.4395,0
06/03/2020 12:00:00 AM,77th Street,VEHICLE - ATTEMPT STOLEN,33.9737,-118.2981,0
07/17/2020 12:00:00 AM,West LA,VEHICLE - STOLEN,34.0374,-118.4629,0
10/05/2020 12:00:00 AM,77th Street,RECKLESS DRIVING,33.9756,-118.3338,0
09/11/2020 12:00:00 AM,West Valley,"BUNCO, ATTEMPT",34.2002,-118.5169,0
03/15/2020 12:00:00 AM,Southwest,BRANDISH WEAPON,34.0055,-118.2915,0
11/29/2020 12:00:00 AM,Van Nuys,ROBBERY,34.1576,-118.4405,0
05/21/2020 12:00:00 AM,Hollywood,BATTERY - SIMPLE ASSAULT,34.0981,-118.3093,0
11/02/2020 12:00:00 AM,Hollenbeck,"BUNCO, GRAND THEFT",34.0173,-118.2066,0
09/17/2020 12:00:00 AM,Van Nuys,SHOPLIFTING - PETTY THEFT ($950 & UNDER),34.2131,-118.4584,0
07/13/2020 12:00:00 AM,Wilshire,THEFT PLAIN - PETTY ($950 & UNDER),34.0871,-118.3428,0
02/18/2020 12:00:00 AM,Wilshire,BURGLARY,34.0462,-118.361,0
04/23/2020 12:00:00 AM,Newton,"THEFT, PERSON",34.0407,-118.2468,0
07/12/2020 12:00:00 AM,Hollenbeck,BATTERY - SIMPLE ASSAULT,34.0303,-118.1924,0
05/30/2020 12:00:00 AM,Northeast,"VANDALISM - FELONY ($400 & OVER, ALL CHURCH VANDALISMS)",34.1268,-118.1924,0
01/05/2020 12:00:00 AM,Van Nuys,BURGLARY,34.1827,-118.4575,0
04/14/2020 12:00:00 AM,Hollywood,BIKE - STOLEN,34.0908,-118.3266,0
09/13/2020 12:00:00 AM,Hollenbeck,VEHICLE - STOLEN,34.0627,-118.1873,0
08/15/2020 12:00:00 AM,Hollywood,"ASSAULT WITH DEADLY WEAPON, AGGRAVATED ASSAULT",34.098,-118.3223,0
05/29/2020 12:00:00 AM,Van Nuys,THEFT FROM MOTOR VEHICLE - GRAND ($950.01 AND OVER),34.1976,-118.4356,0
04/19/2020 12:00:00 AM,Van Nuys,OTHER MISCELLANEOUS CRIME,34.1745,-118.4356,0
04/19/2020 12:00:00 AM,Rampart,THEFT PLAIN - PETTY ($950 & UNDER),34.0596,-118.2749,0
04/12/2020 12:00:00 AM,77th Street,INTIMATE PARTNER - SIMPLE ASSAULT,33.9781,-118.3323,0
11/27/2020 12:00:00 AM,Van Nuys,INTIMATE PARTNER - SIMPLE ASSAULT,34.1939,-118.4319,0
07/31/2020 12:00:00 AM,Rampart,"ASSAULT WITH DEADLY WEAPON, AGGRAVATED ASSAULT",34.0572,-118.2576,0
11/20/2020 12:00:00 AM,West Valley,VEHICLE - STOLEN,34.201,-118.547,0
01/29/2020 12:00:00 AM,Rampart,"ASSAULT WITH DEADLY WEAPON, AGGRAVATED ASSAULT",34.0644,-118.2686,0
09/25/2020 12:00:00 AM,Central,"VANDALISM - FELONY ($400 & OVER, ALL CHURCH VANDALISMS)",34.0496,-118.2476,0
01/31/2020 12:00:00 AM,Newton,BRANDISH WEAPON,33.9966,-118.2652,0
10/26/2020 12:00:00 AM,West Valley,THEFT FROM MOTOR VEHICLE - ATTEMPT,34.1769,-118.5384,0
08/09/2020 12:00:00 AM,West Valley,THEFT OF IDENTITY,34.2011,-118.4951,0
10/19/2020 12:00:00 AM,Harbor,VEHICLE - STOLEN,33.7821,-118.2445,0
07/24/2020 12:00:00 AM,Hollenbeck,FAILURE TO YIELD,34.0357,-118.2187,0
04/26/2020 12:00:00 AM,Wilshire,"ASSAULT WITH DEADLY WEAPON, AGGRAVATED ASSAULT",34.0455,-118.3201,0
05/06/2020 12:00:00 AM,Central,"VANDALISM - FELONY ($400 & OVER, ALL CHURCH VANDALISMS)",34.0423,-118.2595,0
01/28/2020 12:00:00 AM,Hollenbeck,BURGLARY,34.018,-118.2028,0
01/19/2020 12:00:00 AM,77th Street,CRIMINAL HOMICIDE,33.9512,-118.31,0
03/24/2020 12:00:00 AM,Newton,THEFT FROM MOTOR VEHICLE - PETTY ($950 & UNDER),34.0232,-118.2578,0
02/06/2020 12:00:00 AM,Hollenbeck,"LETTERS, LEWD  -  TELEPHONE CALLS, LEWD",34.0376,-118.2166,0
03/12/2020 12:00:00 AM,Harbor,THEFT FROM MOTOR VEHICLE - GRAND ($950.01 AND OVER),33.7207,-118.2968,0
06/05/2020 12:00:00 AM,Central,VANDALISM - MISDEAMEANOR ($399 OR UNDER),34.0446,-118.245,0
07/15/2020 12:00:00 AM,Wilshire,BATTERY - SIMPLE ASSAULT,34.0567,-118.3457,0
02/15/2020 12:00:00 AM,West Valley,INTIMATE PARTNER - SIMPLE ASSAULT,34.1902,-118.5469,0
08/07/2020 12:00:00 AM,Hollenbeck,"SEX,UNLAWFUL(INC MUTUAL CONSENT, PENETRATION W/ FRGN OBJ",34.0907,-118.1652,0
02/13/2020 12:00:00 AM,Hollenbeck,INTIMATE PARTNER - SIMPLE ASSAULT,34.0281,-118.2032,0
07/27/2020 12:00:00 AM,West Valley,CRIMINAL HOMICIDE,34.1447,-118.5284,0
12/20/2020 12:00:00 AM,West Valley,OTHER ASSAULT,34.1939,-118.4837,0
02/24/2020 12:00:00 AM,Harbor,SHOTS FIRED AT INHABITED DWELLING,33.7895,-118.3012,0
03/15/2020 12:00:00 AM,Harbor,BURGLARY,33.7974,-118.2372,0
04/22/2020 12:00:00 AM,Hollywood,VANDALISM - MISDEAMEANOR ($399 OR UNDER),34.0981,-118.355,0
03/19/2020 12:00:00 AM,Hollywood,THEFT FROM MOTOR VEHICLE - PETTY ($950 & UNDER),34.0926,-118.3234,0
02/10/2020 12:00:00 AM,Van Nuys,BATTERY - SIMPLE ASSAULT,34.1594,-118.4487,0
03/17/2020 12:00:00 AM,Wilshire,"VANDALISM - FELONY ($400 & OVER, ALL CHURCH VANDALISMS)",34.0835,-118.3441,0
04/24/2020 12:00:00 AM,Rampart,BURGLARY FROM VEHICLE,34.0524,-118.2652,0
08/10/2020 12:00:00 AM,Harbor,BATTERY - SIMPLE ASSAULT,33.7862,-118.2908,0
05/17/2020 12:00:00 AM,West Valley,"LETTERS, LEWD  -  TELEPHONE CALLS, LEWD",34.163,-118.5033,0
01/10/2020 12:00:00 AM,Southwest,BURGLARY FROM VEHICLE,34.0073,-118.3067,0
02/21/2020 12:00:00 AM,Wilshire,BURGLARY,34.0427,-118.3478,0
09/02/2020 12:00:00 AM,Southwest,"VANDALISM - FELONY ($400 & OVER, ALL CHURCH VANDALISMS)",34.0215,-118.3442,0
09/26/2020 12:00:00 AM,West LA,THEFT OF IDENTITY,34.0649,-118.4372,0
10/14/2020 12:00:00 AM,Van Nuys,THEFT OF IDENTITY,34.1907,-118.4574,0
06/21/2020 12:00:00 AM,77th Street,"ASSAULT WITH DEADLY WEAPON, AGGRAVATED ASSAULT",33.9884,-118.3002,0
06/29/2020 12:00:00 AM,Harbor,VANDALISM - MISDEAMEANOR ($399 OR UNDER),33.7236,-118.2858,0
01/07/2020 12:00:00 AM,Harbor,THEFT FROM MOTOR VEHICLE - PETTY ($950 & UNDER),33.783,-118.2572,0
06/19/2020 12:00:00 AM,Wilshire,"VANDALISM - FELONY ($400 & OVER, ALL CHURCH VANDALISMS)",34.0816,-118.368,0
11/29/2020 12:00:00 AM,77th Street,THEFT FROM MOTOR VEHICLE - PETTY ($950 & UNDER),33.9747,-118.286,0
09/27/2020 12:00:00 AM,Hollenbeck,THEFT PLAIN - PETTY ($950 & UNDER),34.084,-118.2135,0
05/06/2020 12:00:00 AM,Hollywood,BATTERY - SIMPLE ASSAULT,34.0864,-118.3091,0
08/06/2020 12:00:00 AM,Central,ATTEMPTED ROBBERY,34.0489,-118.2499,0
07/07/2020 12:00:00 AM,77th Street,BURGLARY FROM VEHICLE,33.9891,-118.2915,0
05/03/2020 12:00:00 AM,Harbor,BATTERY - SIMPLE ASSAULT,33.7823,-118.2476,0
02/15/2020 12:00:00 AM,Van Nuys,THEFT PLAIN - PETTY ($950 & UNDER),34.1903,-118.4574,0
05/28/2020 12:00:00 AM,West LA,VEHICLE - STOLEN,34.0536,-118.4293,0
08/04/2020 12:00:00 AM,Southwest,"VANDALISM - FELONY ($400 & OVER, ALL CHURCH VANDALISMS)",34.0105,-118.3262,0
11/27/2020 12:00:00 AM,West Valley,INTIMATE PARTNER - SIMPLE ASSAULT,34.1724,-118.5379,0
03/19/2020 12:00:00 AM,Van Nuys,ROBBERY,34.1857,-118.4509,0
11/25/2020 12:00:00 AM,Wilshire,ROBBERY,34.0485,-118.3334,0
05/07/2020 12:00:00 AM,West LA,THEFT PLAIN - PETTY ($950 & UNDER),34.0442,-118.3827,0
03/07/2020 12:00:00 AM,Hollywood,"THEFT-GRAND ($950.01 & OVER)EXCPT,GUNS,FOWL,LIVESTK,PROD",34.0907,-118.3384,0
06/05/2020 12:00:00 AM,Rampart,OTHER ASSAULT,34.0848,-118.2804,0
12/29/2020 12:00:00 AM,West Valley,ROBBERY,34.2121,-118.5273,0
02/21/2020 12:00:00 AM,Van Nuys,THEFT FROM MOTOR VEHICLE - GRAND ($950.01 AND OVER),34.2058,-118.4382,0
02/10/2020 12:00:00 AM,Southwest,TRESPASSING,34.0317,-118.2769,0
01/17/2020 12:00:00 AM,Hollywood,THEFT OF IDENTITY,34.0889,-118.3277,0
07/27/2020 12:00:00 AM,Harbor,BATTERY - SIMPLE ASSAULT,33.7826,-118.2684,0
01/09/2020 12:00:00 AM,Hollywood,BURGLARY,34.0962,-118.3483,0
10/01/2020 12:00:00 AM,Hollywood,VEHICLE - STOLEN,34.1038,-118.3035,0
01/09/2020 12:00:00 AM,West Valley,BURGLARY FROM VEHICLE,34.1939,-118.5426,0
04/22/2020 12:00:00 AM,Southwest,SEX OFFENDER REGISTRANT OUT OF COMPLIANCE,34.0255,-118.3508,0
05/21/2020 12:00:00 AM,Hollenbeck,"ASSAULT WITH DEADLY WEAPON, AGGRAVATED ASSAULT",34.0878,-118.1716,0
02/14/2020 12:00:00 AM,Central,THEFT OF IDENTITY,34.0549,-118.2426,0
09/15/2020 12:00:00 AM,Harbor,BURGLARY FROM VEHICLE,33.737,-118.3034,0
08/22/2020 12:00:00 AM,Wilshire,THEFT PLAIN - PETTY ($950 & UNDER),34.0835,-118.3462,0
03/23/2020 12:00:00 AM,Northeast,THEFT OF IDENTITY,34.0787,-118.2668,0
11/25/2020 12:00:00 AM,Central,OTHER MISCELLANEOUS CRIME,34.0501,-118.2593,0
09/29/2020 12:00:00 AM,Harbor,BURGLARY,33.842,-118.3001,0
04/23/2020 12:00:00 AM,Harbor,BURGLARY,33.7306,-118.2924,0
05/01/2020 12:00:00 AM,Hollywood,INTIMATE PARTNER - SIMPLE ASSAULT,34.0849,-118.3114,0
06/07/2020 12:00:00 AM,77th Street,VANDALISM - MISDEAMEANOR ($399 OR UNDER),33.9821,-118.3318,0
08/02/2020 12:00:00 AM,Southwest,VIOLATION OF RESTRAINING ORDER,34.0327,-118.3041,0
08/23/2020 12:00:00 AM,West LA,VIOLATION OF COURT ORDER,34.1191,-118.4638,0
05/25/2020 12:00:00 AM,Southwest,"EMBEZZLEMENT, GRAND THEFT ($950.01 & OVER)",34.0338,-118.337,0
02/01/2020 12:00:00 AM,Southwest,VANDALISM - MISDEAMEANOR ($399 OR UNDER),34.0125,-118.3435,0
06/02/2020 12:00:00 AM,Wilshire,"THEFT-GRAND ($950.01 & OVER)EXCPT,GUNS,FOWL,LIVESTK,PROD",34.0379,-118.323,0
07/10/2020 12:00:00 AM,Hollywood,TRESPASSING,34.1016,-118.3391,0
06/05/2020 12:00:00 AM,Hollywood,THEFT PLAIN - PETTY ($950 & UNDER),34.0889,-118.3223,0
07/14/2020 12:00:00 AM,77th Street,"ASSAULT WITH DEADLY WEAPON, AGGRAVATED ASSAULT",33.9891,-118.2915,0
11/26/2020 12:00:00 AM,Van Nuys,THEFT FROM MOTOR VEHICLE - PETTY ($950 & UNDER),34.1649,-118.4258,0
07/05/2020 12:00:00 AM,Southwest,VEHICLE - STOLEN,34.0219,-118.3138,0
08/24/2020 12:00:00 AM,Hollywood,"ASSAULT WITH DEADLY WEAPON, AGGRAVATED ASSAULT",34.1016,-118.3252,0
05/01/2020 12:00:00 AM,West LA,THEFT PLAIN - PETTY ($950 & UNDER),34.0329,-118.381,0
04/21/2020 12:00:00 AM,Van Nuys,THEFT PLAIN - PETTY ($950 & UNDER),34.1703,-118.4279,0
06/02/2020 12:00:00 AM,Hollywood,OTHER MISCELLANEOUS CRIME,34.103,-118.3225,0
05/05/2020 12:00:00 AM,Central,"ASSAULT WITH DEADLY WEAPON, AGGRAVATED ASSAULT",34.0561,-118.2375,0
06/21/2020 12:00:00 AM,West Valley,VANDALISM - MISDEAMEANOR ($399 OR UNDER),34.2085,-118.4771,0
08/22/2020 12:00:00 AM,Wilshire,VANDALISM - MISDEAMEANOR ($399 OR UNDER),34.0405,-118.336,0
04/30/2020 12:00:00 AM,77th Street,INTIMATE PARTNER - AGGRAVATED ASSAULT,33.9745,-118.3309,0
04/05/2020 12:00:00 AM,Central,"VANDALISM - FELONY ($400 & OVER, ALL CHURCH VANDALISMS)",34.0342,-118.2636,0
10/13/2020 12:00:00 AM,Harbor,THEFT OF IDENTITY,33.7342,-118.2836,0
10/13/2020 12:00:00 AM,Hollenbeck,ROBBERY,34.0575,-118.2093,0
07/08/2020 12:00:00 AM,West Valley,BATTERY - SIMPLE ASSAULT,34.212,-118.5328,0
01/09/2020 12:00:00 AM,West Valley,TRESPASSING,34.1757,-118.4846,0
07/19/2020 12:00:00 AM,Southwest,BATTERY - SIMPLE ASSAULT,34.0326,-118.3296,0
02/29/2020 12:00:00 AM,Van Nuys,BURGLARY FROM VEHICLE,34.2031,-118.4313,0
01/15/2020 12:00:00 AM,Central,INTIMATE PARTNER - SIMPLE ASSAULT,34.0446,-118.245,0
01/10/2020 12:00:00 AM,Van Nuys,"THEFT-GRAND ($950.01 & OVER)EXCPT,GUNS,FOWL,LIVESTK,PROD",34.1886,-118.4268,0
03/17/2020 12:00:00 AM,Central,BURGLARY,34.0495,-118.2529,0
12/04/2020 12:00:00 AM,Southwest,BIKE - STOLEN,34.0309,-118.2888,0
03/12/2020 12:00:00 AM,Northeast,"THEFT-GRAND ($950.01 & OVER)EXCPT,GUNS,FOWL,LIVESTK,PROD",34.1153,-118.221,0
03/19/2020 12:00:00 AM,Hollenbeck,THEFT OF IDENTITY,34.0527,-118.1969,0
08/28/2020 12:00:00 AM,Southwest,"VANDALISM - FELONY ($400 & OVER, ALL CHURCH VANDALISMS)",34.0341,-118.2816,0
01/14/2020 12:00:00 AM,Southwest,ROBBERY,34.006,-118.3315,0
10/17/2020 12:00:00 AM,77th Street,SHOPLIFTING - PETTY THEFT ($950 & UNDER),33.9883,-118.2915,0
02/28/2020 12:00:00 AM,Hollywood,BURGLARY,34.1059,-118.3668,0
08/13/2020 12:00:00 AM,77th Street,BATTERY - SIMPLE ASSAULT,33.9661,-118.2849,0
08/10/2020 12:00:00 AM,West Valley,"LETTERS, LEWD  -  TELEPHONE CALLS, LEWD",34.1722,-118.502,0
03/01/2020 12:00:00 AM,Northeast,BATTERY - SIMPLE ASSAULT,34.1538,-118.3119,0
07/07/2020 12:00:00 AM,Northeast,THEFT FROM MOTOR VEHICLE - PETTY ($950 & UNDER),34.1218,-118.2251,0
05/29/2020 12:00:00 AM,Central,BURGLARY,34.0444,-118.2541,0
12/10/2020 12:00:00 AM,Van Nuys,DOCUMENT FORGERY / STOLEN FELONY,34.1721,-118.4537,0
03/21/2020 12:00:00 AM,Van Nuys,BURGLARY FROM VEHICLE,34.2048,-118.4531,0
10/21/2020 12:00:00 AM,Hollywood,"VANDALISM - FELONY ($400 & OVER, ALL CHURCH VANDALISMS)",34.11,-118.3717,0
11/11/2020 12:00:00 AM,Wilshire,VEHICLE - STOLEN,34.0392,-118.3201,0
06/03/2020 12:00:00 AM,West Valley,BURGLARY FROM VEHICLE,34.1715,-118.5607,0
07/17/2020 12:00:00 AM,West Valley,BURGLARY,34.1615,-118.5142,0
06/24/2020 12:00:00 AM,Central,"SEX,UNLAWFUL(INC MUTUAL CONSENT, PENETRATION W/ FRGN OBJ",34.0437,-118.2582,0
10/27/2020 12:00:00 AM,Central,ARSON,34.0354,-118.2588,0
12/01/2020 12:00:00 AM,West Valley,BATTERY - SIMPLE ASSAULT,34.1861,-118.5431,0
08/14/2020 12:00:00 AM,Rampart,BURGLARY FROM VEHICLE,34.0609,-118.2586,0
03/03/2020 12:00:00 AM,Northeast,VEHICLE - STOLEN,34.0907,-118.2121,0
02/01/2020 12:00:00 AM,Hollywood,VANDALISM - MISDEAMEANOR ($399 OR UNDER),34.1036,-118.3049,0
02/20/2020 12:00:00 AM,West LA,THEFT OF IDENTITY,34.0451,-118.5337,0
10/18/2020 12:00:00 AM,77th Street,BATTERY POLICE (SIMPLE),33.9783,-118.2838,0
03/04/2020 12:00:00 AM,Newton,BATTERY - SIMPLE ASSAULT,34.0011,-118.2696,0
01/04/2020 12:00:00 AM,Harbor,ROBBERY,33.7796,-118.2689,0
01/21/2020 12:00:00 AM,West Valley,ATTEMPTED ROBBERY,34.1769,-118.5384,0
09/18/2020 12:00:00 AM,Hollywood,BURGLARY,34.1034,-118.349,0
09/13/2020 12:00:00 AM,Van Nuys,VEHICLE - STOLEN,34.1576,-118.4062,0
01/21/2020 12:00:00 AM,Hollenbeck,THEFT PLAIN - PETTY ($950 & UNDER),34.0512,-118.2176,0
05/20/2020 12:00:00 AM,77th Street,"ASSAULT WITH DEADLY WEAPON, AGGRAVATED ASSAULT",33.9642,-118.2783,0
06/20/2020 12:00:00 AM,West Valley,DOCUMENT FORGERY / STOLEN FELONY,34.1725,-118.563,0
05/01/2020 12:00:00 AM,Hollywood,BURGLARY,34.0944,-118.3415,0
06/29/2020 12:00:00 AM,Harbor,"THEFT-GRAND ($950.01 & OVER)EXCPT,GUNS,FOWL,LIVESTK,PROD",33.747,-118.3069,0
01/20/2020 12:00:00 AM,Southwest,ORAL COPULATION,34.0328,-118.2864,0
06/15/2020 12:00:00 AM,Northeast,VEHICLE - STOLEN,34.0867,-118.2127,0
01/05/2020 12:00:00 AM,Northeast,BURGLARY FROM VEHICLE,34.1115,-118.2188,0
03/11/2020 12:00:00 AM,Wilshire,VEHICLE - STOLEN,34.0361,-118.3392,0
08/03/2020 12:00:00 AM,Hollywood,"THEFT-GRAND ($950.01 & OVER)EXCPT,GUNS,FOWL,LIVESTK,PROD",34.1016,-118.3489,0
10/30/2020 12:00:00 AM,Southwest,BATTERY - SIMPLE ASSAULT,34.0171,-118.3531,0
01/24/2020 12:00:00 AM,Hollenbeck,INTIMATE PARTNER - SIMPLE ASSAULT,34.0515,-118.2156,0
09/18/2020 12:00:00 AM,Southwest,BURGLARY FROM VEHICLE,34.0263,-118.2808,0
07/14/2020 12:00:00 AM,Southwest,"VANDALISM - FELONY ($400 & OVER, ALL CHURCH VANDALISMS)",33.995,-118.3258,0
08/15/2020 12:00:00 AM,Wilshire,BATTERY - SIMPLE ASSAULT,34.0433,-118.3578,0
08/21/2020 12:00:00 AM,West Valley,THEFT FROM MOTOR VEHICLE - PETTY ($950 & UNDER),34.1993,-118.5335,0
10/28/2020 12:00:00 AM,Central,ASSAULT WITH DEADLY WEAPON ON POLICE OFFICER,34.0421,-118.2614,0
01/07/2020 12:00:00 AM,Wilshire,"VANDALISM - FELONY ($400 & OVER, ALL CHURCH VANDALISMS)",34.0735,-118.3777,0
05/16/2020 12:00:00 AM,Southwest,CRIMINAL THREATS - NO WEAPON DISPLAYED,34.0155,-118.2931,0
11/24/2020 12:00:00 AM,Van Nuys,BATTERY - SIMPLE ASSAULT,34.2048,-118.4531,0
04/17/2020 12:00:00 AM,Rampart,BURGLARY,34.0535,-118.2609,0
01/27/2020 12:00:00 AM,77th Street,"VANDALISM - FELONY ($400 & OVER, ALL CHURCH VANDALISMS)",33.9619,-118.2739,0
11/15/2020 12:00:00 AM,Hollywood,THEFT OF IDENTITY,34.1015,-118.3434,0
09/06/2020 12:00:00 AM,77th Street,VEHICLE - STOLEN,33.9679,-118.2739,0
11/09/2020 12:00:00 AM,Northeast,THEFT FROM MOTOR VEHICLE - ATTEMPT,34.1313,-118.1935,0
07/31/2020 12:00:00 AM,Van Nuys,INTIMATE PARTNER - SIMPLE ASSAULT,34.1739,-118.4367,0
02/28/2020 12:00:00 AM,Hollywood,OTHER ASSAULT,34.0907,-118.3299,0
04/26/2020 12:00:00 AM,Hollywood,VANDALISM - MISDEAMEANOR ($399 OR UNDER),34.0889,-118.3277,0
06/19/2020 12:00:00 AM,Hollenbeck,"ASSAULT WITH DEADLY WEAPON, AGGRAVATED ASSAULT",34.0486,-118.2041,0
04/16/2020 12:00:00 AM,Newton,"VANDALISM - FELONY ($400 & OVER, ALL CHURCH VANDALISMS)",34.0111,-118.2618,0
07/10/2020 12:00:00 AM,Northeast,THEFT PLAIN - PETTY ($950 & UNDER),34.1202,-118.2289,0
04/24/2020 12:00:00 AM,Northeast,INTIMATE PARTNER - SIMPLE ASSAULT,34.1076,-118.1889,0
11/06/2020 12:00:00 AM,Hollenbeck,ROBBERY,34.0867,-118.1768,0
08/15/2020 12:00:00 AM,Hollenbeck,VEHICLE - STOLEN,34.0765,-118.2118,0
02/04/2020 12:00:00 AM,Southwest,KIDNAPPING,34.014,-118.2827,0
06/29/2020 12:00:00 AM,Van Nuys,BATTERY - SIMPLE ASSAULT,34.1518,-118.462,0
04/21/2020 12:00:00 AM,Hollenbeck,"ASSAULT WITH DEADLY WEAPON, AGGRAVATED ASSAULT",34.0406,-118.2117,0
08/08/2020 12:00:00 AM,Harbor,VANDALISM - MISDEAMEANOR ($399 OR UNDER),33.746,-118.2797,0
06/14/2020 12:00:00 AM,Van Nuys,INTIMATE PARTNER - SIMPLE ASSAULT,34.194,-118.4531,0
06/18/2020 12:00:00 AM,77th Street,BURGLARY FROM VEHICLE,33.9711,-118.2696,0
07/15/2020 12:00:00 AM,West LA,INTIMATE PARTNER - SIMPLE ASSAULT,34.0542,-118.3785,0
10/28/2020 12:00:00 AM,Southwest,INTIMATE PARTNER - SIMPLE ASSAULT,34.0158,-118.3524,0
09/09/2020 12:00:00 AM,Harbor,VEHICLE - STOLEN,33.795,-118.2588,0
11/14/2020 12:00:00 AM,Harbor,VIOLATION OF RESTRAINING ORDER,33.741,-118.2838,0
05/14/2020 12:00:00 AM,West LA,BURGLARY FROM VEHICLE,34.0526,-118.4607,0
05/15/2020 12:00:00 AM,Hollywood,THEFT OF IDENTITY,34.0853,-118.3222,0
09/12/2020 12:00:00 AM,Harbor,THEFT FROM MOTOR VEHICLE - PETTY ($950 & UNDER),33.7895,-118.2934,0
04/12/2020 12:00:00 AM,Newton,BURGLARY FROM VEHICLE,33.9832,-118.2652,0
02/11/2020 12:00:00 AM,Harbor,VEHICLE - STOLEN,33.7426,-118.3195,0
02/27/2020 12:00:00 AM,Hollenbeck,THEFT PLAIN - PETTY ($950 & UNDER),34.0468,-118.2078,0
06/30/2020 12:00:00 AM,Central,"ASSAULT WITH DEADLY WEAPON, AGGRAVATED ASSAULT",34.0438,-118.2441,0
11/15/2020 12:00:00 AM,Van Nuys,"VANDALISM - FELONY ($400 & OVER, ALL CHURCH VANDALISMS)",34.1975,-118.4684,0
07/10/2020 12:00:00 AM,Van Nuys,"THEFT-GRAND ($950.01 & OVER)EXCPT,GUNS,FOWL,LIVESTK,PROD",34.1522,-118.4214,0
10/15/2020 12:00:00 AM,77th Street,BATTERY - SIMPLE ASSAULT,33.9846,-118.2915,0
10/13/2020 12:00:00 AM,Northeast,"ASSAULT WITH DEADLY WEAPON, AGGRAVATED ASSAULT",34.0982,-118.2898,0
01/24/2020 12:00:00 AM,Wilshire,"THEFT-GRAND ($950.01 & OVER)EXCPT,GUNS,FOWL,LIVESTK,PROD",34.0708,-118.3563,0
10/13/2020 12:00:00 AM,Hollywood,"ASSAULT WITH DEADLY WEAPON, AGGRAVATED ASSAULT",34.0889,-118.3277,0
03/13/2020 12:00:00 AM,Southwest,VEHICLE - STOLEN,34.0046,-118.2827,0
04/01/2020 12:00:00 AM,Rampart,INTIMATE PARTNER - SIMPLE ASSAULT,34.0692,-118.2792,0
11/02/2020 12:00:00 AM,Hollywood,BURGLARY FROM VEHICLE,34.098,-118.342,0
05/04/2020 12:00:00 AM,Rampart,CRIMINAL THREATS - NO WEAPON DISPLAYED,34.0579,-118.2711,0
07/05/2020 12:00:00 AM,Van Nuys,BURGLARY,34.1548,-118.4487,0
06/14/2020 12:00:00 AM,West LA,SHOPLIFTING - PETTY THEFT ($950 & UNDER),34.0552,-118.3979,0
04/21/2020 12:00:00 AM,West LA,BURGLARY FROM VEHICLE,34.0503,-118.4617,0
09/04/2020 12:00:00 AM,Wilshire,BRANDISH WEAPON,34.0665,-118.3662,0
11/27/2020 12:00:00 AM,77th Street,"THEFT, PERSON",33.9933,-118.3089,0
12/16/2020 12:00:00 AM,Northeast,VEHICLE - STOLEN,34.1219,-118.2288,0
09/17/2020 12:00:00 AM,Rampart,INTIMATE PARTNER - SIMPLE ASSAULT,34.0747,-118.2686,0
04/19/2020 12:00:00 AM,Newton,BURGLARY,34.0248,-118.2715,0
10/28/2020 12:00:00 AM,Central,ASSAULT WITH DEADLY WEAPON ON POLICE OFFICER,34.0421,-118.2614,0
09/02/2020 12:00:00 AM,Southwest,FAILURE TO YIELD,34.0037,-118.2948,0
04/16/2020 12:00:00 AM,Harbor,INTIMATE PARTNER - SIMPLE ASSAULT,33.7242,-118.2869,0
12/02/2020 12:00:00 AM,Harbor,VIOLATION OF RESTRAINING ORDER,33.7333,-118.2906,0
05/20/2020 12:00:00 AM,Rampart,BURGLARY,34.088,-118.296,0
04/27/2020 12:00:00 AM,Van Nuys,BURGLARY,34.1938,-118.4702,0
08/21/2020 12:00:00 AM,West Valley,VEHICLE - STOLEN,34.2138,-118.5273,0
08/31/2020 12:00:00 AM,Southwest,BRANDISH WEAPON,34.0173,-118.2935,0
02/23/2020 12:00:00 AM,Southwest,"EMBEZZLEMENT, GRAND THEFT ($950.01 & OVER)",34.0312,-118.3351,0
07/20/2020 12:00:00 AM,Harbor,BATTERY - SIMPLE ASSAULT,33.7968,-118.3076,0
12/15/2020 12:00:00 AM,Harbor,BATTERY - SIMPLE ASSAULT,33.7424,-118.2879,0
04/16/2020 12:00:00 AM,Hollywood,ROBBERY,34.0981,-118.3615,0
03/01/2020 12:00:00 AM,Northeast,CRIMINAL THREATS - NO WEAPON DISPLAYED,34.103,-118.2462,0
07/07/2020 12:00:00 AM,Rampart,BURGLARY FROM VEHICLE,34.0629,-118.2741,0
06/07/2020 12:00:00 AM,Hollywood,VEHICLE - STOLEN,34.1052,-118.3194,0
01/11/2020 12:00:00 AM,Northeast,BATTERY - SIMPLE ASSAULT,34.0828,-118.2365,0
11/10/2020 12:00:00 AM,Van Nuys,INTIMATE PARTNER - AGGRAVATED ASSAULT,34.203,-118.4458,0
09/10/2020 12:00:00 AM,Southwest,VANDALISM - MISDEAMEANOR ($399 OR UNDER),34.0282,-118.3623,0
04/28/2020 12:00:00 AM,77th Street,BURGLARY FROM VEHICLE,33.9782,-118.3197,0
05/30/2020 12:00:00 AM,Harbor,BRANDISH WEAPON,33.7809,-118.2649,0
09/08/2020 12:00:00 AM,77th Street,CRIMINAL THREATS - NO WEAPON DISPLAYED,33.9806,-118.3301,0
05/29/2020 12:00:00 AM,Central,"VANDALISM - FELONY ($400 & OVER, ALL CHURCH VANDALISMS)",34.046,-118.2509,0
02/20/2020 12:00:00 AM,Wilshire,SHOPLIFTING - PETTY THEFT ($950 & UNDER),34.0761,-118.3563,0
01/23/2020 12:00:00 AM,Hollywood,ROBBERY,34.098,-118.3223,0
11/16/2020 12:00:00 AM,Van Nuys,VEHICLE - STOLEN,34.1632,-118.4301,0
01/10/2020 12:00:00 AM,Van Nuys,"ASSAULT WITH DEADLY WEAPON, AGGRAVATED ASSAULT",34.138,-118.4376,0
04/12/2020 12:00:00 AM,Harbor,BATTERY - SIMPLE ASSAULT,33.7406,-118.2902,0
07/24/2020 12:00:00 AM,Hollywood,THEFT FROM MOTOR VEHICLE - ATTEMPT,34.0962,-118.349,0
09/13/2020 12:00:00 AM,Southwest,ROBBERY,34.017,-118.3477,0
05/20/2020 12:00:00 AM,77th Street,"THEFT-GRAND ($950.01 & OVER)EXCPT,GUNS,FOWL,LIVESTK,PROD",33.9923,-118.287,0
10/25/2020 12:00:00 AM,77th Street,ROBBERY,33.9619,-118.2673,0
12/04/2020 12:00:00 AM,Rampart,"ASSAULT WITH DEADLY WEAPON, AGGRAVATED ASSAULT",34.0584,-118.2708,0
06/15/2020 12:00:00 AM,Rampart,ATTEMPTED ROBBERY,34.0777,-118.2961,0
09/08/2020 12:00:00 AM,West LA,THEFT FROM MOTOR VEHICLE - PETTY ($950 & UNDER),34.0358,-118.3929,0
05/08/2020 12:00:00 AM,West LA,VEHICLE - STOLEN,34.0467,-118.4341,0
07/16/2020 12:00:00 AM,Hollywood,INTIMATE PARTNER - SIMPLE ASSAULT,34.1039,-118.3318,0
09/17/2020 12:00:00 AM,West LA,THEFT PLAIN - PETTY ($950 & UNDER),34.0473,-118.4768,0
07/16/2020 12:00:00 AM,Rampart,VIOLATION OF RESTRAINING ORDER,34.0868,-118.2991,0
01/26/2020 12:00:00 AM,Northeast,INTIMATE PARTNER - SIMPLE ASSAULT,34.1,-118.2257,0
11/26/2020 12:00:00 AM,Hollenbeck,VANDALISM - MISDEAMEANOR ($399 OR UNDER),34.0427,-118.2196,0
08/14/2020 12:00:00 AM,77th Street,VANDALISM - MISDEAMEANOR ($399 OR UNDER),33.9664,-118.3068,0
01/10/2020 12:00:00 AM,West Valley,BATTERY - SIMPLE ASSAULT,34.1652,-118.5272,0
08/17/2020 12:00:00 AM,West LA,BRANDISH WEAPON,34.0499,-118.3762,0
04/29/2020 12:00:00 AM,Hollenbeck,VANDALISM - MISDEAMEANOR ($399 OR UNDER),34.0692,-118.2038,0
08/14/2020 12:00:00 AM,West Valley,THEFT PLAIN - PETTY ($950 & UNDER),34.2012,-118.5622,0
11/24/2020 12:00:00 AM,Harbor,"ASSAULT WITH DEADLY WEAPON, AGGRAVATED ASSAULT",33.7333,-118.284,0
10/28/2020 12:00:00 AM,Hollywood,ROBBERY,34.1036,-118.3049,0
07/22/2020 12:00:00 AM,77th Street,INTIMATE PARTNER - SIMPLE ASSAULT,33.9736,-118.3303,0
03/04/2020 12:00:00 AM,Central,THEFT OF IDENTITY,34.0462,-118.2585,0
09/21/2020 12:00:00 AM,Harbor,VEHICLE - STOLEN,33.7566,-118.2896,0
09/09/2020 12:00:00 AM,West Valley,ROBBERY,34.1802,-118.5408,0
08/27/2020 12:00:00 AM,Hollenbeck,THEFT PLAIN - PETTY ($950 & UNDER),34.0463,-118.204,0
02/02/2020 12:00:00 AM,Rampart,VEHICLE - STOLEN,34.061,-118.2775,0
08/23/2020 12:00:00 AM,77th Street,VANDALISM - MISDEAMEANOR ($399 OR UNDER),33.9661,-118.2849,0
09/20/2020 12:00:00 AM,Hollywood,THEFT PLAIN - PETTY ($950 & UNDER),34.104,-118.3755,0
09/18/2020 12:00:00 AM,Wilshire,BURGLARY,34.0429,-118.3329,0
09/09/2020 12:00:00 AM,Harbor,ILLEGAL DUMPING,33.7787,-118.2584,0
04/22/2020 12:00:00 AM,Harbor,INTIMATE PARTNER - SIMPLE ASSAULT,33.7827,-118.2673,0
10/01/2020 12:00:00 AM,Hollenbeck,CRIMINAL THREATS - NO WEAPON DISPLAYED,34.0185,-118.2137,0
01/04/2020 12:00:00 AM,Southwest,INTIMATE PARTNER - AGGRAVATED ASSAULT,34.0142,-118.3281,0
11/17/2020 12:00:00 AM,Hollywood,ROBBERY,34.1017,-118.3071,0
03/13/2020 12:00:00 AM,Hollywood,"THEFT-GRAND ($950.01 & OVER)EXCPT,GUNS,FOWL,LIVESTK,PROD",34.1016,-118.3417,0
05/02/2020 12:00:00 AM,Rampart,VIOLATION OF COURT ORDER,34.0474,-118.2701,0
09/07/2020 12:00:00 AM,77th Street,"THEFT-GRAND ($950.01 & OVER)EXCPT,GUNS,FOWL,LIVESTK,PROD",33.9632,-118.2827,0
01/31/2020 12:00:00 AM,Southwest,BATTERY - SIMPLE ASSAULT,34.0234,-118.3554,0
05/25/2020 12:00:00 AM,Central,INTIMATE PARTNER - AGGRAVATED ASSAULT,34.0439,-118.2479,0
02/15/2020 12:00:00 AM,Central,VANDALISM - MISDEAMEANOR ($399 OR UNDER),34.0453,-118.2499,0
10/03/2020 12:00:00 AM,Hollenbeck,THEFT FROM MOTOR VEHICLE - GRAND ($950.01 AND OVER),34.0959,-118.1792,0
01/25/2020 12:00:00 AM,West LA,BURGLARY FROM VEHICLE,34.0519,-118.4388,0
06/08/2020 12:00:00 AM,Rampart,THEFT PLAIN - PETTY ($950 & UNDER),34.0909,-118.2893,0
01/19/2020 12:00:00 AM,Central,"THEFT-GRAND ($950.01 & OVER)EXCPT,GUNS,FOWL,LIVESTK,PROD",34.0563,-118.2374,0
03/14/2020 12:00:00 AM,Newton,"RAPE, FORCIBLE",33.9983,-118.2608,0
05/14/2020 12:00:00 AM,West LA,VANDALISM - MISDEAMEANOR ($399 OR UNDER),34.0514,-118.4301,0
04/06/2020 12:00:00 AM,Newton,BURGLARY FROM VEHICLE,34.0209,-118.244,0
07/01/2020 12:00:00 AM,Van Nuys,VEHICLE - STOLEN,34.1939,-118.4487,0
09/30/2020 12:00:00 AM,77th Street,"THEFT-GRAND ($950.01 & OVER)EXCPT,GUNS,FOWL,LIVESTK,PROD",33.9819,-118.2871,0
05/01/2020 12:00:00 AM,Rampart,THEFT OF IDENTITY,34.0594,-118.2599,0
02/26/2020 12:00:00 AM,Central,"VANDALISM - FELONY ($400 & OVER, ALL CHURCH VANDALISMS)",34.0409,-118.2574,0
11/11/2020 12:00:00 AM,Rampart,INTIMATE PARTNER - SIMPLE ASSAULT,34.0707,-118.2693,0
01/26/2020 12:00:00 AM,77th Street,"ASSAULT WITH DEADLY WEAPON, AGGRAVATED ASSAULT",33.9783,-118.2871,0
02/13/2020 12:00:00 AM,Southwest,BIKE - STOLEN,34.0284,-118.2866,0
01/09/2020 12:00:00 AM,77th Street,VEHICLE - STOLEN,33.9685,-118.263,0
03/20/2020 12:00:00 AM,Van Nuys,VANDALISM - MISDEAMEANOR ($399 OR UNDER),34.1794,-118.4137,0
02/28/2020 12:00:00 AM,Harbor,VANDALISM - MISDEAMEANOR ($399 OR UNDER),33.75,-118.2885,0
12/17/2020 12:00:00 AM,Wilshire,BATTERY - SIMPLE ASSAULT,34.0717,-118.3702,0
10/15/2020 12:00:00 AM,77th Street,"ASSAULT WITH DEADLY WEAPON, AGGRAVATED ASSAULT",33.9679,-118.2739,0
10/09/2020 12:00:00 AM,77th Street,CONTEMPT OF COURT,33.979,-118.2839,0
10/06/2020 12:00:00 AM,Southwest,INTIMATE PARTNER - SIMPLE ASSAULT,34.0311,-118.3429,0
10/31/2020 12:00:00 AM,West LA,VIOLATION OF RESTRAINING ORDER,34.1087,-118.4318,0
06/14/2020 12:00:00 AM,Northeast,BURGLARY FROM VEHICLE,34.0822,-118.2496,0
07/20/2020 12:00:00 AM,Southwest,INTIMATE PARTNER - AGGRAVATED ASSAULT,34.0137,-118.3435,0
09/28/2020 12:00:00 AM,West Valley,THEFT FROM MOTOR VEHICLE - GRAND ($950.01 AND OVER),34.1908,-118.5011,0
03/04/2020 12:00:00 AM,Southwest,BURGLARY,34.0211,-118.3791,0
10/10/2020 12:00:00 AM,Southwest,"BUNCO, GRAND THEFT",34.0299,-118.3151,0
06/30/2020 12:00:00 AM,Hollenbeck,VEHICLE - STOLEN,34.0719,-118.2104,0
08/28/2020 12:00:00 AM,Northeast,VANDALISM - MISDEAMEANOR ($399 OR UNDER),34.1244,-118.1795,0
11/12/2020 12:00:00 AM,Southwest,ROBBERY,34.0278,-118.3378,0
12/21/2020 12:00:00 AM,Hollenbeck,BURGLARY,34.0906,-118.1974,0
08/20/2020 12:00:00 AM,Northeast,BATTERY - SIMPLE ASSAULT,34.1109,-118.2016,0
04/26/2020 12:00:00 AM,Central,"THEFT-GRAND ($950.01 & OVER)EXCPT,GUNS,FOWL,LIVESTK,PROD",34.0452,-118.2569,0
04/14/2020 12:00:00 AM,Hollywood,BATTERY POLICE (SIMPLE),34.1017,-118.3224,0
02/17/2020 12:00:00 AM,Southwest,THEFT PLAIN - PETTY ($950 & UNDER),34.0268,-118.2896,0
07/05/2020 12:00:00 AM,Harbor,VIOLATION OF COURT ORDER,33.7489,-118.2798,0
04/09/2020 12:00:00 AM,West LA,THEFT OF IDENTITY,34.1198,-118.4219,0
10/16/2020 12:00:00 AM,Hollenbeck,"VANDALISM - FELONY ($400 & OVER, ALL CHURCH VANDALISMS)",34.078,-118.2181,0
02/17/2020 12:00:00 AM,West LA,"VANDALISM - FELONY ($400 & OVER, ALL CHURCH VANDALISMS)",34.0338,-118.4417,0
06/19/2020 12:00:00 AM,Northeast,BURGLARY,34.1063,-118.1995,0
09/11/2020 12:00:00 AM,Southwest,FAILURE TO YIELD,34.0008,-118.359,0
11/29/2020 12:00:00 AM,Rampart,THEFT FROM MOTOR VEHICLE - PETTY ($950 & UNDER),34.0591,-118.2542,0
05/02/2020 12:00:00 AM,77th Street,"BURGLARY FROM VEHICLE, ATTEMPTED",33.9964,-118.3101,0
05/29/2020 12:00:00 AM,Central,THEFT PLAIN - PETTY ($950 & UNDER),34.0499,-118.2614,0
06/10/2020 12:00:00 AM,Hollenbeck,"VANDALISM - FELONY ($400 & OVER, ALL CHURCH VANDALISMS)",34.0481,-118.2106,0
12/05/2020 12:00:00 AM,West LA,"THEFT-GRAND ($950.01 & OVER)EXCPT,GUNS,FOWL,LIVESTK,PROD",34.06,-118.42,0
01/13/2020 12:00:00 AM,Southwest,VANDALISM - MISDEAMEANOR ($399 OR UNDER),34.0327,-118.3078,0
02/27/2020 12:00:00 AM,Newton,INTIMATE PARTNER - SIMPLE ASSAULT,34.0297,-118.2367,0
09/02/2020 12:00:00 AM,West Valley,BATTERY POLICE (SIMPLE),34.2048,-118.54,0
01/04/2020 12:00:00 AM,Northeast,BURGLARY,34.1053,-118.2785,0
11/20/2020 12:00:00 AM,Hollywood,BRANDISH WEAPON,34.1032,-118.3348,0
09/22/2020 12:00:00 AM,Wilshire,VEHICLE - STOLEN,34.0761,-118.37,0
06/02/2020 12:00:00 AM,West LA,BURGLARY,34.0328,-118.4366,0
08/18/2020 12:00:00 AM,Southwest,"ASSAULT WITH DEADLY WEAPON, AGGRAVATED ASSAULT",34.0322,-118.3002,0
12/02/2020 12:00:00 AM,Hollywood,"VANDALISM - FELONY ($400 & OVER, ALL CHURCH VANDALISMS)",34.0986,-118.388,0
04/12/2020 12:00:00 AM,Hollenbeck,VEHICLE - STOLEN,34.0512,-118.2093,0
08/17/2020 12:00:00 AM,West LA,THEFT FROM MOTOR VEHICLE - PETTY ($950 & UNDER),34.0557,-118.3928,0
01/31/2020 12:00:00 AM,Central,"THEFT-GRAND ($950.01 & OVER)EXCPT,GUNS,FOWL,LIVESTK,PROD",34.0442,-118.2439,0
09/09/2020 12:00:00 AM,Central,BIKE - STOLEN,34.0429,-118.2462,0
08/18/2020 12:00:00 AM,Wilshire,VEHICLE - STOLEN,34.0342,-118.3609,0
02/08/2020 12:00:00 AM,Southwest,INTIMATE PARTNER - SIMPLE ASSAULT,34.0326,-118.3296,0
06/06/2020 12:00:00 AM,Southwest,THEFT PLAIN - PETTY ($950 & UNDER),34.0175,-118.346,0
05/20/2020 12:00:00 AM,Van Nuys,THEFT FROM MOTOR VEHICLE - PETTY ($950 & UNDER),34.1831,-118.4225,0
03/22/2020 12:00:00 AM,Central,"VANDALISM - FELONY ($400 & OVER, ALL CHURCH VANDALISMS)",34.0389,-118.2643,0
11/30/2020 12:00:00 AM,Central,"ASSAULT WITH DEADLY WEAPON, AGGRAVATED ASSAULT",34.056,-118.2386,0
12/06/2020 12:00:00 AM,Rampart,BATTERY - SIMPLE ASSAULT,34.0585,-118.2724,0
11/13/2020 12:00:00 AM,Rampart,BATTERY - SIMPLE ASSAULT,34.0544,-118.2767,0
07/30/2020 12:00:00 AM,Wilshire,VIOLATION OF RESTRAINING ORDER,34.0524,-118.3499,0
12/24/2020 12:00:00 AM,Hollenbeck,BURGLARY FROM VEHICLE,34.0411,-118.2196,0
09/12/2020 12:00:00 AM,Southwest,"VANDALISM - FELONY ($400 & OVER, ALL CHURCH VANDALISMS)",34.0349,-118.2959,0
01/19/2020 12:00:00 AM,Newton,BURGLARY,34.0181,-118.2488,0
06/26/2020 12:00:00 AM,Southwest,BATTERY - SIMPLE ASSAULT,34.0326,-118.335,0
09/08/2020 12:00:00 AM,Hollywood,BATTERY POLICE (SIMPLE),34.1017,-118.3553,0
03/09/2020 12:00:00 AM,Wilshire,BURGLARY FROM VEHICLE,34.0441,-118.3746,0
07/14/2020 12:00:00 AM,Central,ARSON,34.0562,-118.2305,0
12/08/2020 12:00:00 AM,Northeast,THEFT FROM MOTOR VEHICLE - PETTY ($950 & UNDER),34.1227,-118.2232,0
05/27/2020 12:00:00 AM,Hollenbeck,VEHICLE - STOLEN,34.0225,-118.2156,0
02/14/2020 12:00:00 AM,Harbor,INTIMATE PARTNER - SIMPLE ASSAULT,33.7913,-118.2414,0
08/03/2020 12:00:00 AM,Wilshire,INTIMATE PARTNER - AGGRAVATED ASSAULT,34.0669,-118.3342,0
08/27/2020 12:00:00 AM,Hollenbeck,"VANDALISM - FELONY ($400 & OVER, ALL CHURCH VANDALISMS)",34.1074,-118.1858,0
03/20/2020 12:00:00 AM,Hollenbeck,"THEFT-GRAND ($950.01 & OVER)EXCPT,GUNS,FOWL,LIVESTK,PROD",34.0334,-118.2196,0
12/18/2020 12:00:00 AM,Hollywood,CRIMINAL THREATS - NO WEAPON DISPLAYED,34.0998,-118.3319,0
07/23/2020 12:00:00 AM,Central,"VANDALISM - FELONY ($400 & OVER, ALL CHURCH VANDALISMS)",34.0374,-118.2406,0
04/05/2020 12:00:00 AM,Hollywood,BURGLARY FROM VEHICLE,34.1046,-118.3731,0
02/14/2020 12:00:00 AM,Harbor,THROWING OBJECT AT MOVING VEHICLE,33.8045,-118.2991,0
01/27/2020 12:00:00 AM,Van Nuys,THEFT FROM MOTOR VEHICLE - PETTY ($950 & UNDER),34.1408,-118.4516,0
10/24/2020 12:00:00 AM,Northeast,INTIMATE PARTNER - SIMPLE ASSAULT,34.0919,-118.2397,0
07/11/2020 12:00:00 AM,Southwest,THEFT FROM MOTOR VEHICLE - PETTY ($950 & UNDER),34.0128,-118.3067,0
05/03/2020 12:00:00 AM,Hollenbeck,VEHICLE - STOLEN,34.0477,-118.2277,0
06/19/2020 12:00:00 AM,Hollywood,BURGLARY,34.0987,-118.3337,0
09/19/2020 12:00:00 AM,Van Nuys,BATTERY - SIMPLE ASSAULT,34.1846,-118.4531,0
11/17/2020 12:00:00 AM,Northeast,ATTEMPTED ROBBERY,34.0884,-118.2258,0
09/27/2020 12:00:00 AM,West LA,VANDALISM - MISDEAMEANOR ($399 OR UNDER),34.0491,-118.4614,0
07/03/2020 12:00:00 AM,Van Nuys,BURGLARY,34.149,-118.4537,0
03/05/2020 12:00:00 AM,Hollywood,INTIMATE PARTNER - SIMPLE ASSAULT,34.1005,-118.3115,0
04/09/2020 12:00:00 AM,Newton,BATTERY - SIMPLE ASSAULT,33.9857,-118.2628,0
12/21/2020 12:00:00 AM,Central,VANDALISM - MISDEAMEANOR ($399 OR UNDER),34.0483,-118.2443,0
05/30/2020 12:00:00 AM,Northeast,VANDALISM - MISDEAMEANOR ($399 OR UNDER),34.0795,-118.2596,0
05/15/2020 12:00:00 AM,Hollenbeck,VEHICLE - STOLEN,34.0468,-118.2052,0
11/02/2020 12:00:00 AM,Northeast,BIKE - STOLEN,34.0815,-118.2546,0
09/27/2020 12:00:00 AM,77th Street,OTHER MISCELLANEOUS CRIME,34.0001,-118.2814,0
05/05/2020 12:00:00 AM,Southwest,"ASSAULT WITH DEADLY WEAPON, AGGRAVATED ASSAULT",34.0334,-118.36,0
09/17/2020 12:00:00 AM,Central,BATTERY - SIMPLE ASSAULT,34.0429,-118.2462,0
08/02/2020 12:00:00 AM,77th Street,VIOLATION OF COURT ORDER,33.9937,-118.3193,0
03/30/2020 12:00:00 AM,Northeast,BURGLARY FROM VEHICLE,34.1225,-118.2648,0
10/21/2020 12:00:00 AM,Hollywood,BURGLARY FROM VEHICLE,34.1041,-118.3402,0
02/17/2020 12:00:00 AM,West LA,VEHICLE - STOLEN,34.0554,-118.4232,0
01/28/2020 12:00:00 AM,Southwest,ROBBERY,34.0145,-118.3045,0
12/07/2020 12:00:00 AM,Southwest,BATTERY - SIMPLE ASSAULT,34.017,-118.3477,0
05/28/2020 12:00:00 AM,West Valley,VEHICLE - STOLEN,34.1629,-118.5202,0
02/21/2020 12:00:00 AM,Harbor,VEHICLE - STOLEN,33.7918,-118.2469,0
10/13/2020 12:00:00 AM,Hollywood,BURGLARY FROM VEHICLE,34.098,-118.3425,0
10/27/2020 12:00:00 AM,West LA,VEHICLE - STOLEN,34.0609,-118.3824,0
10/10/2020 12:00:00 AM,West Valley,THEFT FROM MOTOR VEHICLE - GRAND ($950.01 AND OVER),34.2143,-118.5534,0
11/18/2020 12:00:00 AM,Southwest,"VANDALISM - FELONY ($400 & OVER, ALL CHURCH VANDALISMS)",34.0158,-118.3509,0
04/10/2020 12:00:00 AM,Hollenbeck,VANDALISM - MISDEAMEANOR ($399 OR UNDER),34.0373,-118.2043,0
11/29/2020 12:00:00 AM,Van Nuys,BRANDISH WEAPON,34.2012,-118.4337,0
03/27/2020 12:00:00 AM,Southwest,BATTERY - SIMPLE ASSAULT,33.9985,-118.3308,0
08/30/2020 12:00:00 AM,West Valley,INTIMATE PARTNER - AGGRAVATED ASSAULT,34.213,-118.5244,0
07/11/2020 12:00:00 AM,Hollenbeck,BATTERY - SIMPLE ASSAULT,34.0755,-118.2092,0
04/05/2020 12:00:00 AM,West LA,SHOPLIFTING - PETTY THEFT ($950 & UNDER),34.0623,-118.4434,0
07/21/2020 12:00:00 AM,Northeast,VEHICLE - ATTEMPT STOLEN,34.1092,-118.2713,0
01/21/2020 12:00:00 AM,Central,BURGLARY,34.0464,-118.2447,0
05/11/2020 12:00:00 AM,Northeast,BURGLARY FROM VEHICLE,34.1096,-118.2884,0
09/25/2020 12:00:00 AM,Van Nuys,"SEX,UNLAWFUL(INC MUTUAL CONSENT, PENETRATION W/ FRGN OBJ",34.1594,-118.4433,0
02/12/2020 12:00:00 AM,77th Street,ROBBERY,33.9746,-118.3246,0
09/19/2020 12:00:00 AM,West Valley,BURGLARY,34.166,-118.5289,0
08/21/2020 12:00:00 AM,West LA,BURGLARY,34.0589,-118.4211,0
06/11/2020 12:00:00 AM,Central,BIKE - STOLEN,34.0454,-118.2422,0
04/09/2020 12:00:00 AM,Southwest,BURGLARY,34.0277,-118.3282,0
02/11/2020 12:00:00 AM,Rampart,THEFT PLAIN - PETTY ($950 & UNDER),34.0539,-118.2712,0
06/10/2020 12:00:00 AM,Hollywood,INTIMATE PARTNER - SIMPLE ASSAULT,34.0944,-118.3517,0
03/06/2020 12:00:00 AM,Van Nuys,CRIMINAL THREATS - NO WEAPON DISPLAYED,34.1452,-118.4154,0
12/05/2020 12:00:00 AM,Central,BRANDISH WEAPON,34.041,-118.2433,0
05/19/2020 12:00:00 AM,77th Street,VEHICLE - STOLEN,33.9736,-118.2914,0
01/08/2020 12:00:00 AM,West Valley,BURGLARY,34.203,-118.5186,0
02/10/2020 12:00:00 AM,Newton,THEFT OF IDENTITY,33.993,-118.2499,0
01/31/2020 12:00:00 AM,West LA,THEFT FROM MOTOR VEHICLE - GRAND ($950.01 AND OVER),34.0551,-118.3984,0
01/06/2020 12:00:00 AM,Southwest,ROBBERY,34.0085,-118.3334,0
12/02/2020 12:00:00 AM,Central,OTHER MISCELLANEOUS CRIME,34.0453,-118.2499,0
08/21/2020 12:00:00 AM,Hollywood,"ASSAULT WITH DEADLY WEAPON, AGGRAVATED ASSAULT",34.0998,-118.331,0
04/14/2020 12:00:00 AM,Wilshire,"LETTERS, LEWD  -  TELEPHONE CALLS, LEWD",34.0524,-118.3739,0
07/31/2020 12:00:00 AM,Harbor,VEHICLE - STOLEN,33.7792,-118.2774,0
08/18/2020 12:00:00 AM,Hollywood,THEFT PLAIN - PETTY ($950 & UNDER),34.0844,-118.3244,0
05/05/2020 12:00:00 AM,Wilshire,THEFT PLAIN - PETTY ($950 & UNDER),34.0485,-118.3335,0
08/11/2020 12:00:00 AM,77th Street,THEFT OF IDENTITY,33.9891,-118.3258,0
06/01/2020 12:00:00 AM,77th Street,ROBBERY,33.9891,-118.3285,0
08/22/2020 12:00:00 AM,Southwest,ROBBERY,34.0064,-118.2916,0
03/26/2020 12:00:00 AM,Wilshire,VIOLATION OF COURT ORDER,34.0483,-118.3527,0
04/07/2020 12:00:00 AM,Southwest,THEFT OF IDENTITY,34.0199,-118.3624,0
04/02/2020 12:00:00 AM,Central,BURGLARY FROM VEHICLE,34.0423,-118.2561,0
10/09/2020 12:00:00 AM,Harbor,BURGLARY,33.78,-118.3021,0
06/23/2020 12:00:00 AM,Northeast,THEFT FROM MOTOR VEHICLE - PETTY ($950 & UNDER),34.1085,-118.2011,0
04/11/2020 12:00:00 AM,West Valley,THEFT OF IDENTITY,34.1326,-118.479,0
01/15/2020 12:00:00 AM,West Valley,BATTERY - SIMPLE ASSAULT,34.1746,-118.5198,0
08/23/2020 12:00:00 AM,Central,"ASSAULT WITH DEADLY WEAPON, AGGRAVATED ASSAULT",34.0466,-118.2427,0
02/04/2020 12:00:00 AM,West LA,THEFT OF IDENTITY,34.0602,-118.5445,0
02/16/2020 12:00:00 AM,Hollenbeck,"ASSAULT WITH DEADLY WEAPON, AGGRAVATED ASSAULT",34.0765,-118.2131,0
06/26/2020 12:00:00 AM,Southwest,INTIMATE PARTNER - AGGRAVATED ASSAULT,34.0302,-118.3268,0
11/19/2020 12:00:00 AM,Southwest,"ASSAULT WITH DEADLY WEAPON, AGGRAVATED ASSAULT",34.0184,-118.2915,0
03/08/2020 12:00:00 AM,Van Nuys,"ASSAULT WITH DEADLY WEAPON, AGGRAVATED ASSAULT",34.1939,-118.4455,0
05/22/2020 12:00:00 AM,77th Street,INTIMATE PARTNER - AGGRAVATED ASSAULT,33.9655,-118.2838,0
11/22/2020 12:00:00 AM,Hollywood,INTIMATE PARTNER - SIMPLE ASSAULT,34.103,-118.3225,0
03/07/2020 12:00:00 AM,Hollywood,"VANDALISM - FELONY ($400 & OVER, ALL CHURCH VANDALISMS)",34.1059,-118.3668,0
11/19/2020 12:00:00 AM,77th Street,"ASSAULT WITH DEADLY WEAPON, AGGRAVATED ASSAULT",33.9665,-118.2608,0
04/23/2020 12:00:00 AM,Central,CRIMINAL THREATS - NO WEAPON DISPLAYED,34.0453,-118.2499,0
09/25/2020 12:00:00 AM,West LA,SHOPLIFTING-GRAND THEFT ($950.01 & OVER),34.0454,-118.4522,0
01/01/2020 12:00:00 AM,Central,BURGLARY FROM VEHICLE,34.0494,-118.2599,0
01/14/2020 12:00:00 AM,Northeast,THEFT OF IDENTITY,34.1054,-118.2475,0
03/28/2020 12:00:00 AM,77th Street,INTIMATE PARTNER - SIMPLE ASSAULT,33.9642,-118.2761,0
12/13/2020 12:00:00 AM,Southwest,VEHICLE - STOLEN,34.0261,-118.3338,0
08/08/2020 12:00:00 AM,77th Street,CONTEMPT OF COURT,33.9624,-118.2883,0
11/20/2020 12:00:00 AM,West LA,THEFT OF IDENTITY,34.0524,-118.3762,0
08/21/2020 12:00:00 AM,Central,CRIMINAL THREATS - NO WEAPON DISPLAYED,34.0444,-118.2541,0
05/31/2020 12:00:00 AM,Hollenbeck,BRANDISH WEAPON,34.0515,-118.2073,0
03/16/2020 12:00:00 AM,Southwest,THEFT PLAIN - PETTY ($950 & UNDER),34.0237,-118.3442,0
04/23/2020 12:00:00 AM,West Valley,TRESPASSING,34.2074,-118.4794,0
05/30/2020 12:00:00 AM,Harbor,TRESPASSING,33.7925,-118.3043,0
04/18/2020 12:00:00 AM,Newton,INTIMATE PARTNER - SIMPLE ASSAULT,33.9774,-118.2783,0
10/23/2020 12:00:00 AM,77th Street,ROBBERY,33.9837,-118.3338,0
09/07/2020 12:00:00 AM,Wilshire,"VANDALISM - FELONY ($400 & OVER, ALL CHURCH VANDALISMS)",34.0585,-118.3262,0
03/01/2020 12:00:00 AM,Central,BURGLARY,34.0467,-118.252,0
04/18/2020 12:00:00 AM,Southwest,BURGLARY,34.017,-118.3067,0
03/01/2020 12:00:00 AM,Van Nuys,BURGLARY FROM VEHICLE,34.1712,-118.4531,0
05/07/2020 12:00:00 AM,Hollywood,THEFT PLAIN - PETTY ($950 & UNDER),34.0863,-118.3064,0
11/27/2020 12:00:00 AM,West Valley,"ASSAULT WITH DEADLY WEAPON, AGGRAVATED ASSAULT",34.1866,-118.4756,0
05/07/2020 12:00:00 AM,Rampart,VEHICLE - STOLEN,34.0763,-118.2982,0
10/04/2020 12:00:00 AM,Hollenbeck,"EMBEZZLEMENT, GRAND THEFT ($950.01 & OVER)",34.037,-118.2157,0
12/12/2020 12:00:00 AM,Rampart,VEHICLE - STOLEN,34.0638,-118.2792,0
12/08/2020 12:00:00 AM,77th Street,THEFT PLAIN - PETTY ($950 & UNDER),33.9969,-118.2996,0
09/15/2020 12:00:00 AM,Wilshire,"THEFT-GRAND ($950.01 & OVER)EXCPT,GUNS,FOWL,LIVESTK,PROD",34.0427,-118.3694,0
10/24/2020 12:00:00 AM,Southwest,THEFT FROM MOTOR VEHICLE - PETTY ($950 & UNDER),34.0255,-118.318,0
03/24/2020 12:00:00 AM,Central,VEHICLE - STOLEN,34.0498,-118.24,0
04/30/2020 12:00:00 AM,Wilshire,ARSON,34.0735,-118.3828,0
04/11/2020 12:00:00 AM,Northeast,BURGLARY,34.1136,-118.1862,0
08/28/2020 12:00:00 AM,Van Nuys,ARSON,34.1837,-118.4465,0
12/22/2020 12:00:00 AM,77th Street,CONTEMPT OF COURT,33.9762,-118.314,0
03/05/2020 12:00:00 AM,Southwest,VEHICLE - STOLEN,34.0106,-118.2842,0
06/01/2020 12:00:00 AM,Wilshire,INTIMATE PARTNER - AGGRAVATED ASSAULT,34.0622,-118.3418,0
06/19/2020 12:00:00 AM,Rampart,"ASSAULT WITH DEADLY WEAPON, AGGRAVATED ASSAULT",34.0873,-118.296,0
05/22/2020 12:00:00 AM,West LA,INTIMATE PARTNER - SIMPLE ASSAULT,34.0562,-118.4676,0
02/02/2020 12:00:00 AM,Newton,THEFT FROM MOTOR VEHICLE - PETTY ($950 & UNDER),33.9924,-118.2739,0
03/20/2020 12:00:00 AM,Southwest,THEFT FROM MOTOR VEHICLE - PETTY ($950 & UNDER),34.0053,-118.3013,0
09/22/2020 12:00:00 AM,Hollenbeck,THEFT PLAIN - PETTY ($950 & UNDER),34.0556,-118.2051,0
07/02/2020 12:00:00 AM,Hollenbeck,BURGLARY,34.0938,-118.1605,0
09/28/2020 12:00:00 AM,Hollywood,INTIMATE PARTNER - SIMPLE ASSAULT,34.0944,-118.3363,0
05/03/2020 12:00:00 AM,Southwest,INTIMATE PARTNER - SIMPLE ASSAULT,34.0092,-118.3404,0
01/25/2020 12:00:00 AM,Southwest,THEFT PLAIN - PETTY ($950 & UNDER),34.01,-118.3239,0
10/21/2020 12:00:00 AM,West Valley,BURGLARY,34.1593,-118.5011,0
09/19/2020 12:00:00 AM,Harbor,"VANDALISM - FELONY ($400 & OVER, ALL CHURCH VANDALISMS)",33.7203,-118.2723,0
05/16/2020 12:00:00 AM,Central,ARSON,34.0467,-118.2427,0
04/01/2020 12:00:00 AM,West LA,THEFT OF IDENTITY,34.0636,-118.4819,0
12/13/2020 12:00:00 AM,Hollenbeck,VEHICLE - STOLEN,34.05,-118.22,0
12/17/2020 12:00:00 AM,Southwest,BATTERY POLICE (SIMPLE),34.0156,-118.3045,0
09/30/2020 12:00:00 AM,West Valley,OTHER MISCELLANEOUS CRIME,34.2048,-118.5262,0
02/12/2020 12:00:00 AM,Wilshire,THEFT PLAIN - PETTY ($950 & UNDER),34.0835,-118.3734,0
04/25/2020 12:00:00 AM,Southwest,"ASSAULT WITH DEADLY WEAPON, AGGRAVATED ASSAULT",34.0037,-118.318,0
12/05/2020 12:00:00 AM,Van Nuys,INTIMATE PARTNER - SIMPLE ASSAULT,34.2011,-118.4686,0
02/25/2020 12:00:00 AM,Northeast,"ASSAULT WITH DEADLY WEAPON, AGGRAVATED ASSAULT",34.0789,-118.2533,0
01/12/2020 12:00:00 AM,Van Nuys,BATTERY - SIMPLE ASSAULT,34.1685,-118.4662,0
08/18/2020 12:00:00 AM,Hollenbeck,BATTERY - SIMPLE ASSAULT,34.0913,-118.1635,0
04/25/2020 12:00:00 AM,Van Nuys,BATTERY - SIMPLE ASSAULT,34.1976,-118.4443,0
01/25/2020 12:00:00 AM,Southwest,BURGLARY FROM VEHICLE,34.0333,-118.3311,0
10/12/2020 12:00:00 AM,Harbor,OTHER ASSAULT,33.7977,-118.2898,0
09/06/2020 12:00:00 AM,Hollywood,"THEFT-GRAND ($950.01 & OVER)EXCPT,GUNS,FOWL,LIVESTK,PROD",34.125,-118.3745,0
02/29/2020 12:00:00 AM,Newton,"VANDALISM - FELONY ($400 & OVER, ALL CHURCH VANDALISMS)",34.0235,-118.2318,0
06/17/2020 12:00:00 AM,West LA,"VANDALISM - FELONY ($400 & OVER, ALL CHURCH VANDALISMS)",34.0452,-118.453,0
09/26/2020 12:00:00 AM,Wilshire,BATTERY - SIMPLE ASSAULT,34.0491,-118.364,0
04/12/2020 12:00:00 AM,Rampart,THEFT FROM MOTOR VEHICLE - PETTY ($950 & UNDER),34.0557,-118.2632,0
02/03/2020 12:00:00 AM,Central,THEFT PLAIN - PETTY ($950 & UNDER),34.0401,-118.2668,0
10/03/2020 12:00:00 AM,Central,"VANDALISM - FELONY ($400 & OVER, ALL CHURCH VANDALISMS)",34.0471,-118.2474,0
03/20/2020 12:00:00 AM,Wilshire,THEFT PLAIN - PETTY ($950 & UNDER),34.0819,-118.3397,0
04/26/2020 12:00:00 AM,Van Nuys,VANDALISM - MISDEAMEANOR ($399 OR UNDER),34.1939,-118.4684,0
05/29/2020 12:00:00 AM,Wilshire,THEFT OF IDENTITY,34.0604,-118.34,0
11/03/2020 12:00:00 AM,Southwest,BURGLARY,34.026,-118.3721,0
10/29/2020 12:00:00 AM,Hollenbeck,BATTERY - SIMPLE ASSAULT,34.0319,-118.2113,0
10/19/2020 12:00:00 AM,Central,"THEFT-GRAND ($950.01 & OVER)EXCPT,GUNS,FOWL,LIVESTK,PROD",34.0397,-118.2637,0
10/20/2020 12:00:00 AM,Harbor,BATTERY - SIMPLE ASSAULT,33.741,-118.2838,0
07/07/2020 12:00:00 AM,Wilshire,TRESPASSING,34.0354,-118.3628,0
03/07/2020 12:00:00 AM,West LA,VEHICLE - STOLEN,34.0597,-118.4685,0
08/28/2020 12:00:00 AM,Harbor,VANDALISM - MISDEAMEANOR ($399 OR UNDER),33.7297,-118.2819,0
01/05/2020 12:00:00 AM,Rampart,"ASSAULT WITH DEADLY WEAPON, AGGRAVATED ASSAULT",34.0454,-118.2742,0
07/17/2020 12:00:00 AM,Harbor,INTIMATE PARTNER - SIMPLE ASSAULT,33.7117,-118.2897,0
03/28/2020 12:00:00 AM,Hollywood,THEFT PLAIN - PETTY ($950 & UNDER),34.0926,-118.3352,0
08/30/2020 12:00:00 AM,Southwest,BATTERY - SIMPLE ASSAULT,34.0219,-118.3045,0
01/21/2020 12:00:00 AM,Hollenbeck,BURGLARY,34.1107,-118.1794,0
09/11/2020 12:00:00 AM,West Valley,THEFT FROM MOTOR VEHICLE - PETTY ($950 & UNDER),34.2012,-118.5426,0
07/03/2020 12:00:00 AM,Southwest,THEFT FROM MOTOR VEHICLE - PETTY ($950 & UNDER),34.0073,-118.2916,0
08/16/2020 12:00:00 AM,Southwest,SHOTS FIRED AT INHABITED DWELLING,34.0137,-118.3171,0
05/25/2020 12:00:00 AM,Harbor,VANDALISM - MISDEAMEANOR ($399 OR UNDER),33.8419,-118.3066,0
07/19/2020 12:00:00 AM,Harbor,BATTERY - SIMPLE ASSAULT,33.7844,-118.2733,0
11/19/2020 12:00:00 AM,Northeast,THEFT FROM MOTOR VEHICLE - GRAND ($950.01 AND OVER),34.1393,-118.2152,0
08/24/2020 12:00:00 AM,Van Nuys,VEHICLE - STOLEN,34.1984,-118.4531,0
03/12/2020 12:00:00 AM,Central,VEHICLE - STOLEN,34.0582,-118.2387,0
05/20/2020 12:00:00 AM,West LA,BIKE - STOLEN,34.0527,-118.4355,0
05/01/2020 12:00:00 AM,Northeast,"VANDALISM - FELONY ($400 & OVER, ALL CHURCH VANDALISMS)",34.1231,-118.1899,0
07/06/2020 12:00:00 AM,West LA,BATTERY - SIMPLE ASSAULT,34.0564,-118.426,0
02/15/2020 12:00:00 AM,Northeast,VANDALISM - MISDEAMEANOR ($399 OR UNDER),34.0986,-118.2962,0
05/18/2020 12:00:00 AM,77th Street,ROBBERY,33.9978,-118.2959,0
02/23/2020 12:00:00 AM,Wilshire,BURGLARY,34.0854,-118.3553,0
10/28/2020 12:00:00 AM,West LA,DISTURBING THE PEACE,34.0594,-118.3764,0
04/01/2020 12:00:00 AM,Central,INTIMATE PARTNER - SIMPLE ASSAULT,34.042,-118.259,0
02/12/2020 12:00:00 AM,Newton,BURGLARY,33.9924,-118.2739,0
11/05/2020 12:00:00 AM,Central,BATTERY - SIMPLE ASSAULT,34.0532,-118.2494,0
01/17/2020 12:00:00 AM,Central,"RAPE, FORCIBLE",34.0516,-118.2561,0
02/21/2020 12:00:00 AM,Newton,ROBBERY,34.0254,-118.2729,0
08/15/2020 12:00:00 AM,Harbor,BURGLARY,33.7136,-118.2904,0
11/21/2020 12:00:00 AM,West Valley,THEFT FROM MOTOR VEHICLE - PETTY ($950 & UNDER),34.1515,-118.5036,0
06/24/2020 12:00:00 AM,Southwest,ROBBERY,34.0171,-118.3531,0
11/03/2020 12:00:00 AM,Hollywood,THEFT FROM MOTOR VEHICLE - PETTY ($950 & UNDER),34.098,-118.3197,0
06/03/2020 12:00:00 AM,Central,"THEFT-GRAND ($950.01 & OVER)EXCPT,GUNS,FOWL,LIVESTK,PROD",34.054,-118.2435,0
09/13/2020 12:00:00 AM,Southwest,BATTERY - SIMPLE ASSAULT,34.0337,-118.3003,0
06/09/2020 12:00:00 AM,Hollenbeck,"BUNCO, GRAND THEFT",34.0619,-118.1969,0
11/06/2020 12:00:00 AM,Southwest,INTIMATE PARTNER - SIMPLE ASSAULT,34.0048,-118.3288,0
11/20/2020 12:00:00 AM,Hollywood,"VANDALISM - FELONY ($400 & OVER, ALL CHURCH VANDALISMS)",34.1016,-118.3325,0
04/25/2020 12:00:00 AM,Wilshire,INTIMATE PARTNER - AGGRAVATED ASSAULT,34.0649,-118.3525,0
12/08/2020 12:00:00 AM,West Valley,VEHICLE - STOLEN,34.1902,-118.5335,0
10/22/2020 12:00:00 AM,Hollywood,"VANDALISM - FELONY ($400 & OVER, ALL CHURCH VANDALISMS)",34.1032,-118.3348,0
03/07/2020 12:00:00 AM,Van Nuys,VIOLATION OF COURT ORDER,34.1907,-118.4465,0
06/08/2020 12:00:00 AM,Van Nuys,THEFT OF IDENTITY,34.1816,-118.4487,0
09/05/2020 12:00:00 AM,Harbor,DISCHARGE FIREARMS/SHOTS FIRED,33.787,-118.2585,0
07/19/2020 12:00:00 AM,Rampart,"ASSAULT WITH DEADLY WEAPON, AGGRAVATED ASSAULT",34.0481,-118.2712,0
10/13/2020 12:00:00 AM,Hollenbeck,"THEFT, PERSON",34.0763,-118.2163,0
09/13/2020 12:00:00 AM,77th Street,"VANDALISM - FELONY ($400 & OVER, ALL CHURCH VANDALISMS)",33.9846,-118.2871,0
05/29/2020 12:00:00 AM,Central,CRIMINAL THREATS - NO WEAPON DISPLAYED,34.0624,-118.2285,0
01/16/2020 12:00:00 AM,Central,SHOPLIFTING - PETTY THEFT ($950 & UNDER),34.0525,-118.2432,0
07/31/2020 12:00:00 AM,Northeast,VEHICLE - STOLEN,34.1049,-118.2766,0
11/08/2020 12:00:00 AM,Southwest,"BURGLARY FROM VEHICLE, ATTEMPTED",34.0261,-118.2774,0
07/08/2020 12:00:00 AM,Southwest,BATTERY - SIMPLE ASSAULT,34.0237,-118.3722,0
03/30/2020 12:00:00 AM,77th Street,VEHICLE - STOLEN,33.9745,-118.3324,0
02/03/2020 12:00:00 AM,77th Street,BURGLARY FROM VEHICLE,33.9842,-118.3168,0
03/19/2020 12:00:00 AM,Harbor,INTIMATE PARTNER - SIMPLE ASSAULT,33.7797,-118.2675,0
05/23/2020 12:00:00 AM,Southwest,VIOLATION OF RESTRAINING ORDER,34.0085,-118.2915,0
01/07/2020 12:00:00 AM,Southwest,THEFT OF IDENTITY,34.0348,-118.3118,0
08/01/2020 12:00:00 AM,77th Street,ROBBERY,33.9647,-118.2695,0
07/20/2020 12:00:00 AM,Southwest,INTIMATE PARTNER - SIMPLE ASSAULT,34.0073,-118.3108,0
03/30/2020 12:00:00 AM,Rampart,"ASSAULT WITH DEADLY WEAPON, AGGRAVATED ASSAULT",34.0908,-118.3005,0
11/23/2020 12:00:00 AM,Southwest,INTIMATE PARTNER - AGGRAVATED ASSAULT,34.0073,-118.2827,0
08/27/2020 12:00:00 AM,Southwest,THEFT OF IDENTITY,34.0044,-118.3236,0
07/25/2020 12:00:00 AM,Northeast,KIDNAPPING,34.1177,-118.1872,0
12/01/2020 12:00:00 AM,West LA,BURGLARY,34.0506,-118.4969,0
02/07/2020 12:00:00 AM,Northeast,THEFT OF IDENTITY,34.1228,-118.2138,0
04/04/2020 12:00:00 AM,Rampart,ROBBERY,34.0611,-118.2708,0
02/10/2020 12:00:00 AM,Van Nuys,BATTERY - SIMPLE ASSAULT,34.1817,-118.4509,0
03/08/2020 12:00:00 AM,Central,CHILD ANNOYING (17YRS & UNDER),34.0509,-118.2585,0
03/07/2020 12:00:00 AM,Van Nuys,SHOPLIFTING - PETTY THEFT ($950 & UNDER),34.1576,-118.438,0
04/24/2020 12:00:00 AM,Van Nuys,BATTERY - SIMPLE ASSAULT,34.2011,-118.4686,0
01/05/2020 12:00:00 AM,Hollenbeck,VEHICLE - STOLEN,34.072,-118.1643,0
06/22/2020 12:00:00 AM,Northeast,CRIMINAL THREATS - NO WEAPON DISPLAYED,34.12,-118.1893,0
08/31/2020 12:00:00 AM,Southwest,ARSON,34.0073,-118.2894,0
06/11/2020 12:00:00 AM,Central,BATTERY - SIMPLE ASSAULT,34.0466,-118.259,0
12/09/2020 12:00:00 AM,Southwest,"ASSAULT WITH DEADLY WEAPON, AGGRAVATED ASSAULT",34.0155,-118.3133,0
10/27/2020 12:00:00 AM,West Valley,BURGLARY FROM VEHICLE,34.1599,-118.4766,0
03/19/2020 12:00:00 AM,Wilshire,TRESPASSING,34.0761,-118.3604,0
12/08/2020 12:00:00 AM,Northeast,BURGLARY FROM VEHICLE,34.1069,-118.1923,0
04/17/2020 12:00:00 AM,Van Nuys,THEFT FROM MOTOR VEHICLE - PETTY ($950 & UNDER),34.2049,-118.4291,0
08/08/2020 12:00:00 AM,Southwest,VIOLATION OF RESTRAINING ORDER,34.0201,-118.3672,0
08/22/2020 12:00:00 AM,Harbor,BURGLARY FROM VEHICLE,33.7978,-118.3015,0
01/17/2020 12:00:00 AM,Wilshire,THEFT PLAIN - PETTY ($950 & UNDER),34.0461,-118.3291,0
11/28/2020 12:00:00 AM,West LA,"VANDALISM - FELONY ($400 & OVER, ALL CHURCH VANDALISMS)",34.06,-118.42,0
04/16/2020 12:00:00 AM,Hollenbeck,VEHICLE - STOLEN,34.0173,-118.201,0
10/26/2020 12:00:00 AM,Van Nuys,"THEFT, PERSON",34.1857,-118.4509,0
10/12/2020 12:00:00 AM,Wilshire,CRIMINAL THREATS - NO WEAPON DISPLAYED,34.0495,-118.3405,0
08/13/2020 12:00:00 AM,Wilshire,"VANDALISM - FELONY ($400 & OVER, ALL CHURCH VANDALISMS)",34.0726,-118.3463,0
05/01/2020 12:00:00 AM,Harbor,VANDALISM - MISDEAMEANOR ($399 OR UNDER),33.8698,-118.2858,0
07/12/2020 12:00:00 AM,77th Street,CRIMINAL THREATS - NO WEAPON DISPLAYED,33.9792,-118.2893,0
08/28/2020 12:00:00 AM,Hollenbeck,THEFT FROM MOTOR VEHICLE - PETTY ($950 & UNDER),34.0676,-118.2116,0
08/26/2020 12:00:00 AM,Van Nuys,"ASSAULT WITH DEADLY WEAPON, AGGRAVATED ASSAULT",34.1451,-118.4137,0
06/25/2020 12:00:00 AM,West Valley,INTIMATE PARTNER - AGGRAVATED ASSAULT,34.2156,-118.5375,0
10/28/2020 12:00:00 AM,Hollenbeck,INTIMATE PARTNER - SIMPLE ASSAULT,34.034,-118.2149,0
12/07/2020 12:00:00 AM,Van Nuys,"VANDALISM - FELONY ($400 & OVER, ALL CHURCH VANDALISMS)",34.2085,-118.462,0
09/01/2020 12:00:00 AM,Harbor,"BUNCO, GRAND THEFT",33.7756,-118.2634,0
12/01/2020 12:00:00 AM,Hollywood,BURGLARY FROM VEHICLE,34.0853,-118.3266,0
12/17/2020 12:00:00 AM,Harbor,EXTORTION,33.8201,-118.3015,0
04/19/2020 12:00:00 AM,Central,ROBBERY,34.0424,-118.2493,0
05/27/2020 12:00:00 AM,Central,BATTERY - SIMPLE ASSAULT,34.0491,-118.2558,0
11/27/2020 12:00:00 AM,West LA,THEFT FROM MOTOR VEHICLE - GRAND ($950.01 AND OVER),34.0355,-118.4321,0
06/04/2020 12:00:00 AM,77th Street,"ASSAULT WITH DEADLY WEAPON, AGGRAVATED ASSAULT",33.9727,-118.2842,0
08/26/2020 12:00:00 AM,Northeast,BURGLARY FROM VEHICLE,34.0932,-118.2939,0
01/21/2020 12:00:00 AM,Newton,"VANDALISM - FELONY ($400 & OVER, ALL CHURCH VANDALISMS)",34.0171,-118.2736,0
01/20/2020 12:00:00 AM,Rampart,SHOTS FIRED AT INHABITED DWELLING,34.0616,-118.2586,0
02/12/2020 12:00:00 AM,Harbor,BURGLARY,33.7444,-118.316,0
08/18/2020 12:00:00 AM,Rampart,SHOTS FIRED AT INHABITED DWELLING,34.0644,-118.2699,0
01/06/2020 12:00:00 AM,Hollenbeck,ATTEMPTED ROBBERY,34.0499,-118.226,0
05/27/2020 12:00:00 AM,Wilshire,ROBBERY,34.0673,-118.3499,0
01/28/2020 12:00:00 AM,Van Nuys,VEHICLE - STOLEN,34.1722,-118.4312,0
06/07/2020 12:00:00 AM,77th Street,"ASSAULT WITH DEADLY WEAPON, AGGRAVATED ASSAULT",33.9757,-118.328,0
02/11/2020 12:00:00 AM,Northeast,INTIMATE PARTNER - SIMPLE ASSAULT,34.1139,-118.277,0
04/22/2020 12:00:00 AM,Wilshire,THEFT OF IDENTITY,34.0472,-118.3326,0
09/04/2020 12:00:00 AM,West Valley,"THEFT-GRAND ($950.01 & OVER)EXCPT,GUNS,FOWL,LIVESTK,PROD",34.2011,-118.5322,0
06/18/2020 12:00:00 AM,Van Nuys,THEFT FROM MOTOR VEHICLE - GRAND ($950.01 AND OVER),34.1626,-118.4345,0
04/21/2020 12:00:00 AM,Southwest,THEFT FROM MOTOR VEHICLE - PETTY ($950 & UNDER),34.0037,-118.3193,0
01/25/2020 12:00:00 AM,West LA,THEFT FROM MOTOR VEHICLE - GRAND ($950.01 AND OVER),34.0531,-118.3941,0
05/08/2020 12:00:00 AM,West Valley,"VANDALISM - FELONY ($400 & OVER, ALL CHURCH VANDALISMS)",34.1867,-118.4836,0
01/25/2020 12:00:00 AM,Newton,VANDALISM - MISDEAMEANOR ($399 OR UNDER),33.9947,-118.2411,0
01/19/2020 12:00:00 AM,Hollywood,INTIMATE PARTNER - AGGRAVATED ASSAULT,34.1026,-118.3123,0
08/21/2020 12:00:00 AM,Hollenbeck,THEFT PLAIN - PETTY ($950 & UNDER),34.0441,-118.1978,0
11/15/2020 12:00:00 AM,Van Nuys,THEFT FROM MOTOR VEHICLE - PETTY ($950 & UNDER),34.1685,-118.4662,0
01/12/2020 12:00:00 AM,77th Street,"LETTERS, LEWD  -  TELEPHONE CALLS, LEWD",33.9762,-118.2959,0
03/04/2020 12:00:00 AM,Southwest,BRANDISH WEAPON,33.9991,-118.3294,0
07/22/2020 12:00:00 AM,Rampart,VEHICLE - STOLEN,34.0565,-118.2724,0
02/14/2020 12:00:00 AM,West Valley,BURGLARY,34.1728,-118.56,0
03/01/2020 12:00:00 AM,Central,"VANDALISM - FELONY ($400 & OVER, ALL CHURCH VANDALISMS)",34.0481,-118.2542,0
07/30/2020 12:00:00 AM,77th Street,OTHER MISCELLANEOUS CRIME,33.96,-118.3003,0
08/25/2020 12:00:00 AM,Hollenbeck,BURGLARY FROM VEHICLE,34.0783,-118.1772,0
10/27/2020 12:00:00 AM,Harbor,"VANDALISM - FELONY ($400 & OVER, ALL CHURCH VANDALISMS)",33.7846,-118.2692,0
06/16/2020 12:00:00 AM,Rampart,VEHICLE - STOLEN,34.0777,-118.2994,0
03/14/2020 12:00:00 AM,Southwest,"VANDALISM - FELONY ($400 & OVER, ALL CHURCH VANDALISMS)",34.0336,-118.2865,0
07/18/2020 12:00:00 AM,Northeast,BURGLARY FROM VEHICLE,34.1146,-118.2756,0
02/01/2020 12:00:00 AM,Hollywood,BURGLARY FROM VEHICLE,34.1195,-118.3163,0
03/30/2020 12:00:00 AM,Central,OTHER ASSAULT,34.0561,-118.2375,0
10/06/2020 12:00:00 AM,Hollywood,BATTERY - SIMPLE ASSAULT,34.0981,-118.3092,0
09/30/2020 12:00:00 AM,Hollywood,BATTERY - SIMPLE ASSAULT,34.1036,-118.3049,0
04/24/2020 12:00:00 AM,77th Street,BRANDISH WEAPON,33.9906,-118.3044,0
01/24/2020 12:00:00 AM,Southwest,BATTERY POLICE (SIMPLE),34.0037,-118.3089,0
02/28/2020 12:00:00 AM,Hollywood,ARSON,34.0944,-118.319,0
02/23/2020 12:00:00 AM,Northeast,THEFT FROM MOTOR VEHICLE - GRAND ($950.01 AND OVER),34.0942,-118.2793,0
10/29/2020 12:00:00 AM,77th Street,ATTEMPTED ROBBERY,33.9834,-118.3095,0
08/12/2020 12:00:00 AM,West Valley,BURGLARY FROM VEHICLE,34.1576,-118.4923,0
10/23/2020 12:00:00 AM,Central,ROBBERY,34.0346,-118.2573,0
09/26/2020 12:00:00 AM,Rampart,ARSON,34.0492,-118.2742,0
08/13/2020 12:00:00 AM,Van Nuys,VEHICLE - STOLEN,34.205,-118.4339,0
04/11/2020 12:00:00 AM,Northeast,VEHICLE - STOLEN,34.1063,-118.1912,0
05/03/2020 12:00:00 AM,77th Street,"ASSAULT WITH DEADLY WEAPON, AGGRAVATED ASSAULT",33.967,-118.2695,0
05/07/2020 12:00:00 AM,Harbor,CONTEMPT OF COURT,33.7397,-118.2923,0
06/10/2020 12:00:00 AM,Van Nuys,ARSON,34.1576,-118.4209,0
11/30/2020 12:00:00 AM,77th Street,BURGLARY FROM VEHICLE,33.9711,-118.2696,0
04/14/2020 12:00:00 AM,77th Street,INTIMATE PARTNER - SIMPLE ASSAULT,33.9859,-118.2937,0
09/27/2020 12:00:00 AM,Hollywood,FAILURE TO YIELD,34.0853,-118.3277,0
03/06/2020 12:00:00 AM,Newton,VEHICLE - STOLEN,33.9934,-118.2652,0
02/21/2020 12:00:00 AM,West LA,THEFT FROM MOTOR VEHICLE - PETTY ($950 & UNDER),34.0449,-118.4726,0
04/22/2020 12:00:00 AM,West Valley,LEWD/LASCIVIOUS ACTS WITH CHILD,34.1876,-118.5573,0
03/14/2020 12:00:00 AM,Northeast,THEFT PLAIN - PETTY ($950 & UNDER),34.1245,-118.2666,0
02/08/2020 12:00:00 AM,Hollywood,BATTERY - SIMPLE ASSAULT,34.0998,-118.3237,0
03/03/2020 12:00:00 AM,77th Street,CHILD ANNOYING (17YRS & UNDER),33.9851,-118.2827,0
12/08/2020 12:00:00 AM,Hollywood,CRIMINAL THREATS - NO WEAPON DISPLAYED,34.098,-118.355,0
11/02/2020 12:00:00 AM,77th Street,"LETTERS, LEWD  -  TELEPHONE CALLS, LEWD",33.9825,-118.3309,0
10/07/2020 12:00:00 AM,Hollywood,THEFT PLAIN - PETTY ($950 & UNDER),34.0994,-118.3022,0
06/15/2020 12:00:00 AM,Central,BRANDISH WEAPON,34.0467,-118.2411,0
03/18/2020 12:00:00 AM,Wilshire,"THEFT, PERSON",34.0837,-118.3691,0
05/16/2020 12:00:00 AM,Central,INTIMATE PARTNER - SIMPLE ASSAULT,34.0684,-118.2449,0
11/22/2020 12:00:00 AM,Van Nuys,DOCUMENT FORGERY / STOLEN FELONY,34.1867,-118.4662,0
10/12/2020 12:00:00 AM,West LA,BURGLARY,34.0481,-118.4408,0
06/21/2020 12:00:00 AM,West Valley,BURGLARY,34.1687,-118.5359,0
02/23/2020 12:00:00 AM,Southwest,BURGLARY FROM VEHICLE,34.0073,-118.298,0
08/27/2020 12:00:00 AM,Van Nuys,BURGLARY,34.1939,-118.4601,0
07/29/2020 12:00:00 AM,Northeast,KIDNAPPING,34.1301,-118.1883,0
06/09/2020 12:00:00 AM,Van Nuys,THEFT PLAIN - PETTY ($950 & UNDER),34.1649,-118.4574,0
06/24/2020 12:00:00 AM,Van Nuys,VANDALISM - MISDEAMEANOR ($399 OR UNDER),34.1939,-118.467,0
02/19/2020 12:00:00 AM,Central,BURGLARY FROM VEHICLE,34.0673,-118.2354,0
06/02/2020 12:00:00 AM,Northeast,VEHICLE - STOLEN,34.1018,-118.2984,0
05/18/2020 12:00:00 AM,West Valley,THEFT OF IDENTITY,34.2066,-118.5361,0
12/11/2020 12:00:00 AM,Hollenbeck,INTIMATE PARTNER - AGGRAVATED ASSAULT,34.0705,-118.2001,0
11/22/2020 12:00:00 AM,Van Nuys,BURGLARY FROM VEHICLE,34.1685,-118.4662,0
01/09/2020 12:00:00 AM,Hollenbeck,BURGLARY FROM VEHICLE,34.0955,-118.1574,0
08/07/2020 12:00:00 AM,77th Street,BATTERY - SIMPLE ASSAULT,33.985,-118.3002,0
12/23/2020 12:00:00 AM,West Valley,BURGLARY FROM VEHICLE,34.2206,-118.4982,0
04/09/2020 12:00:00 AM,77th Street,ROBBERY,33.9642,-118.2783,0
12/06/2020 12:00:00 AM,77th Street,ROBBERY,34.0037,-118.2854,0
12/14/2020 12:00:00 AM,Central,"ASSAULT WITH DEADLY WEAPON, AGGRAVATED ASSAULT",34.0417,-118.2398,0
05/27/2020 12:00:00 AM,Northeast,CRIMINAL THREATS - NO WEAPON DISPLAYED,34.1008,-118.2347,0
02/17/2020 12:00:00 AM,Harbor,BIKE - STOLEN,33.8016,-118.3042,0
03/17/2020 12:00:00 AM,West Valley,BATTERY - SIMPLE ASSAULT,34.2029,-118.5557,0
10/30/2020 12:00:00 AM,Hollywood,ROBBERY,34.1016,-118.3387,0
09/06/2020 12:00:00 AM,Southwest,THEFT OF IDENTITY,34.0163,-118.3339,0
10/01/2020 12:00:00 AM,77th Street,VANDALISM - MISDEAMEANOR ($399 OR UNDER),33.9786,-118.3046,0
05/15/2020 12:00:00 AM,Hollywood,"THEFT-GRAND ($950.01 & OVER)EXCPT,GUNS,FOWL,LIVESTK,PROD",34.0863,-118.3222,0
03/08/2020 12:00:00 AM,Hollenbeck,"ASSAULT WITH DEADLY WEAPON, AGGRAVATED ASSAULT",34.0421,-118.206,0
03/25/2020 12:00:00 AM,West Valley,BURGLARY,34.2214,-118.4757,0
05/02/2020 12:00:00 AM,Van Nuys,VEHICLE - STOLEN,34.1338,-118.4628,0
03/01/2020 12:00:00 AM,West Valley,THEFT OF IDENTITY,34.1728,-118.5447,0
11/21/2020 12:00:00 AM,77th Street,BATTERY - SIMPLE ASSAULT,34.0037,-118.3093,0
05/27/2020 12:00:00 AM,Central,VEHICLE - STOLEN,34.0401,-118.2668,0
09/20/2020 12:00:00 AM,Northeast,THEFT OF IDENTITY,34.1423,-118.1859,0
10/03/2020 12:00:00 AM,Wilshire,BURGLARY FROM VEHICLE,34.0835,-118.3397,0
06/30/2020 12:00:00 AM,Harbor,"VANDALISM - FELONY ($400 & OVER, ALL CHURCH VANDALISMS)",33.7891,-118.2586,0
10/31/2020 12:00:00 AM,West Valley,BURGLARY,34.1688,-118.5361,0
04/23/2020 12:00:00 AM,Central,VEHICLE - STOLEN,34.0412,-118.2331,0
01/28/2020 12:00:00 AM,Northeast,BRANDISH WEAPON,34.0982,-118.2895,0
02/05/2020 12:00:00 AM,Newton,INTIMATE PARTNER - AGGRAVATED ASSAULT,33.9935,-118.2579,0
11/21/2020 12:00:00 AM,Central,BURGLARY FROM VEHICLE,34.0507,-118.2482,0
06/22/2020 12:00:00 AM,Southwest,ROBBERY,34.0329,-118.3668,0
05/27/2020 12:00:00 AM,Rampart,THEFT FROM MOTOR VEHICLE - PETTY ($950 & UNDER),34.0671,-118.2713,0
04/17/2020 12:00:00 AM,Harbor,BATTERY - SIMPLE ASSAULT,33.7333,-118.2814,0
07/10/2020 12:00:00 AM,Newton,BURGLARY FROM VEHICLE,34.0199,-118.2763,0
01/23/2020 12:00:00 AM,Central,BURGLARY,34.0714,-118.2329,0
08/01/2020 12:00:00 AM,West Valley,BURGLARY,34.1623,-118.4793,0
04/13/2020 12:00:00 AM,Southwest,THEFT FROM MOTOR VEHICLE - PETTY ($950 & UNDER),34.0251,-118.3201,0
11/15/2020 12:00:00 AM,Hollenbeck,INTIMATE PARTNER - SIMPLE ASSAULT,34.0883,-118.1797,0
08/16/2020 12:00:00 AM,Harbor,INTIMATE PARTNER - SIMPLE ASSAULT,33.7161,-118.2907,0
12/21/2020 12:00:00 AM,Rampart,BURGLARY,34.0583,-118.2616,0
10/25/2020 12:00:00 AM,West LA,THEFT PLAIN - PETTY ($950 & UNDER),34.0542,-118.3785,0
08/11/2020 12:00:00 AM,Harbor,"ASSAULT WITH DEADLY WEAPON, AGGRAVATED ASSAULT",33.8409,-118.3092,0
06/02/2020 12:00:00 AM,Southwest,VEHICLE - ATTEMPT STOLEN,34.0316,-118.2808,0
11/22/2020 12:00:00 AM,Central,CRIMINAL THREATS - NO WEAPON DISPLAYED,34.0542,-118.2566,0
09/09/2020 12:00:00 AM,West Valley,BURGLARY FROM VEHICLE,34.1789,-118.5308,0
08/27/2020 12:00:00 AM,Harbor,ATTEMPTED ROBBERY,33.7388,-118.2923,0
04/11/2020 12:00:00 AM,Southwest,SHOPLIFTING - PETTY THEFT ($950 & UNDER),34.0109,-118.3089,0
05/01/2020 12:00:00 AM,Wilshire,BURGLARY FROM VEHICLE,34.0707,-118.3614,0
03/15/2020 12:00:00 AM,Hollenbeck,BATTERY - SIMPLE ASSAULT,34.0322,-118.2117,0
09/24/2020 12:00:00 AM,Hollywood,VANDALISM - MISDEAMEANOR ($399 OR UNDER),34.098,-118.3324,0
01/11/2020 12:00:00 AM,Newton,"VANDALISM - FELONY ($400 & OVER, ALL CHURCH VANDALISMS)",34.0249,-118.2592,0
05/02/2020 12:00:00 AM,Hollywood,BATTERY - SIMPLE ASSAULT,34.098,-118.3456,0
06/08/2020 12:00:00 AM,Northeast,VANDALISM - MISDEAMEANOR ($399 OR UNDER),34.0917,-118.2741,0
04/27/2020 12:00:00 AM,Van Nuys,DISTURBING THE PEACE,34.1939,-118.4509,0
01/27/2020 12:00:00 AM,Hollenbeck,VANDALISM - MISDEAMEANOR ($399 OR UNDER),34.0444,-118.2125,0
05/06/2020 12:00:00 AM,77th Street,BATTERY - SIMPLE ASSAULT,33.9625,-118.3003,0
09/09/2020 12:00:00 AM,Hollenbeck,VIOLATION OF RESTRAINING ORDER,34.0803,-118.2177,0
02/23/2020 12:00:00 AM,Northeast,"THEFT-GRAND ($950.01 & OVER)EXCPT,GUNS,FOWL,LIVESTK,PROD",34.1251,-118.2024,0
04/02/2020 12:00:00 AM,Hollenbeck,VEHICLE - STOLEN,34.091,-118.2061,0
10/30/2020 12:00:00 AM,77th Street,DISCHARGE FIREARMS/SHOTS FIRED,33.9418,-118.309,0
01/09/2020 12:00:00 AM,Southwest,SHOPLIFTING - PETTY THEFT ($950 & UNDER),34.0255,-118.3548,0
04/22/2020 12:00:00 AM,Southwest,BATTERY - SIMPLE ASSAULT,34.0268,-118.2808,0
04/24/2020 12:00:00 AM,77th Street,VEHICLE - STOLEN,33.9613,-118.2893,0
05/23/2020 12:00:00 AM,Rampart,"VANDALISM - FELONY ($400 & OVER, ALL CHURCH VANDALISMS)",34.0398,-118.278,0
01/28/2020 12:00:00 AM,77th Street,BATTERY - SIMPLE ASSAULT,33.9618,-118.2959,0
05/03/2020 12:00:00 AM,77th Street,THEFT FROM MOTOR VEHICLE - PETTY ($950 & UNDER),33.9709,-118.309,0
06/27/2020 12:00:00 AM,77th Street,ROBBERY,33.9727,-118.309,0
02/24/2020 12:00:00 AM,Newton,VEHICLE - STOLEN,33.9966,-118.2652,0
05/21/2020 12:00:00 AM,West LA,BIKE - STOLEN,34.0594,-118.3793,0
10/03/2020 12:00:00 AM,Van Nuys,THEFT FROM MOTOR VEHICLE - PETTY ($950 & UNDER),34.183,-118.4699,0
07/19/2020 12:00:00 AM,Central,BATTERY - SIMPLE ASSAULT,34.0419,-118.2564,0
04/25/2020 12:00:00 AM,Central,ROBBERY,34.0461,-118.2476,0
12/04/2020 12:00:00 AM,West Valley,"ASSAULT WITH DEADLY WEAPON, AGGRAVATED ASSAULT",34.1772,-118.5395,0
11/09/2020 12:00:00 AM,Rampart,BATTERY - SIMPLE ASSAULT,34.0585,-118.2724,0
03/12/2020 12:00:00 AM,Van Nuys,VIOLATION OF COURT ORDER,34.2084,-118.4599,0
01/03/2020 12:00:00 AM,77th Street,"ASSAULT WITH DEADLY WEAPON, AGGRAVATED ASSAULT",33.9661,-118.2849,0
08/13/2020 12:00:00 AM,West LA,"VANDALISM - FELONY ($400 & OVER, ALL CHURCH VANDALISMS)",34.0626,-118.447,0
06/26/2020 12:00:00 AM,Northeast,VEHICLE - STOLEN,34.1078,-118.2024,0
01/11/2020 12:00:00 AM,77th Street,BRANDISH WEAPON,33.9747,-118.2827,0
04/12/2020 12:00:00 AM,Harbor,BURGLARY,33.7196,-118.2964,0
01/01/2020 12:00:00 AM,Van Nuys,INTIMATE PARTNER - SIMPLE ASSAULT,34.203,-118.4575,0
05/27/2020 12:00:00 AM,Hollywood,ROBBERY,34.1016,-118.3267,0
07/04/2020 12:00:00 AM,Hollywood,INTIMATE PARTNER - SIMPLE ASSAULT,34.098,-118.3197,0
07/20/2020 12:00:00 AM,Van Nuys,VEHICLE - STOLEN,34.1721,-118.4383,0
12/24/2020 12:00:00 AM,Harbor,VEHICLE - STOLEN,33.777,-118.2505,0
10/05/2020 12:00:00 AM,Harbor,THEFT PLAIN - PETTY ($950 & UNDER),33.7829,-118.2627,0
03/01/2020 12:00:00 AM,Wilshire,BURGLARY FROM VEHICLE,34.0782,-118.3563,0
01/21/2020 12:00:00 AM,Central,BATTERY - SIMPLE ASSAULT,34.0468,-118.2415,0
05/19/2020 12:00:00 AM,77th Street,BRANDISH WEAPON,33.9638,-118.2629,0
04/26/2020 12:00:00 AM,Hollenbeck,VEHICLE - STOLEN,34.0445,-118.2116,0
02/25/2020 12:00:00 AM,Northeast,BIKE - STOLEN,34.1367,-118.2713,0
08/10/2020 12:00:00 AM,Hollenbeck,VEHICLE - STOLEN,34.0703,-118.2064,0
04/24/2020 12:00:00 AM,Harbor,"ASSAULT WITH DEADLY WEAPON, AGGRAVATED ASSAULT",33.7851,-118.2541,0
05/08/2020 12:00:00 AM,Hollenbeck,THEFT PLAIN - PETTY ($950 & UNDER),34.0719,-118.2103,0
04/08/2020 12:00:00 AM,Van Nuys,THEFT OF IDENTITY,34.1976,-118.4443,0
02/16/2020 12:00:00 AM,Hollywood,VEHICLE - STOLEN,34.0944,-118.3483,0
12/25/2020 12:00:00 AM,Harbor,CRIMINAL THREATS - NO WEAPON DISPLAYED,33.7315,-118.2809,0
05/30/2020 12:00:00 AM,West Valley,THEFT OF IDENTITY,34.2066,-118.5328,0
04/10/2020 12:00:00 AM,Hollywood,SHOPLIFTING - PETTY THEFT ($950 & UNDER),34.0908,-118.3157,0
11/20/2020 12:00:00 AM,Harbor,VEHICLE - STOLEN,33.7768,-118.2681,0
10/01/2020 12:00:00 AM,77th Street,THEFT PLAIN - PETTY ($950 & UNDER),33.9909,-118.3139,0
07/29/2020 12:00:00 AM,Northeast,THEFT FROM MOTOR VEHICLE - GRAND ($950.01 AND OVER),34.123,-118.2639,0
05/06/2020 12:00:00 AM,Wilshire,"VANDALISM - FELONY ($400 & OVER, ALL CHURCH VANDALISMS)",34.0399,-118.3435,0
05/02/2020 12:00:00 AM,Rampart,THEFT FROM MOTOR VEHICLE - PETTY ($950 & UNDER),34.0524,-118.2633,0
01/21/2020 12:00:00 AM,Hollywood,THEFT OF IDENTITY,34.1156,-118.3909,0
10/22/2020 12:00:00 AM,West LA,VEHICLE - STOLEN,34.0462,-118.4418,0
06/17/2020 12:00:00 AM,Hollywood,"THEFT-GRAND ($950.01 & OVER)EXCPT,GUNS,FOWL,LIVESTK,PROD",34.0998,-118.3447,0
07/09/2020 12:00:00 AM,Hollywood,BURGLARY,34.0871,-118.3266,0
09/27/2020 12:00:00 AM,Northeast,THEFT FROM MOTOR VEHICLE - GRAND ($950.01 AND OVER),34.1208,-118.2167,0
03/05/2020 12:00:00 AM,West LA,BURGLARY FROM VEHICLE,34.0394,-118.4537,0
01/07/2020 12:00:00 AM,Newton,VEHICLE - STOLEN,34.0177,-118.2525,0
12/18/2020 12:00:00 AM,Southwest,"VANDALISM - FELONY ($400 & OVER, ALL CHURCH VANDALISMS)",34.0185,-118.3148,0
09/04/2020 12:00:00 AM,Van Nuys,BATTERY - SIMPLE ASSAULT,34.1867,-118.44,0
06/19/2020 12:00:00 AM,West LA,CRIMINAL THREATS - NO WEAPON DISPLAYED,34.0562,-118.3794,0
10/07/2020 12:00:00 AM,77th Street,VEHICLE - STOLEN,33.9883,-118.2915,0
03/01/2020 12:00:00 AM,Van Nuys,VANDALISM - MISDEAMEANOR ($399 OR UNDER),34.1903,-118.4399,0
10/13/2020 12:00:00 AM,Hollenbeck,CHILD ABUSE (PHYSICAL) - SIMPLE ASSAULT,34.0436,-118.2051,0
11/22/2020 12:00:00 AM,Rampart,VEHICLE - STOLEN,34.0752,-118.2673,0
01/30/2020 12:00:00 AM,Central,BATTERY - SIMPLE ASSAULT,34.0412,-118.2474,0
02/22/2020 12:00:00 AM,Hollywood,"THEFT-GRAND ($950.01 & OVER)EXCPT,GUNS,FOWL,LIVESTK,PROD",34.0907,-118.3416,0
02/07/2020 12:00:00 AM,Hollywood,"ASSAULT WITH DEADLY WEAPON, AGGRAVATED ASSAULT",34.0938,-118.3136,0
02/18/2020 12:00:00 AM,Van Nuys,VEHICLE - STOLEN,34.1811,-118.4574,0
12/07/2020 12:00:00 AM,Northeast,BATTERY - SIMPLE ASSAULT,34.0909,-118.295,0
12/17/2020 12:00:00 AM,Hollenbeck,VEHICLE - STOLEN,34.0794,-118.1974,0
09/14/2020 12:00:00 AM,Harbor,"VANDALISM - FELONY ($400 & OVER, ALL CHURCH VANDALISMS)",33.772,-118.2749,0
02/12/2020 12:00:00 AM,Central,SHOPLIFTING - PETTY THEFT ($950 & UNDER),34.048,-118.2577,0
02/07/2020 12:00:00 AM,Newton,VEHICLE - STOLEN,33.9943,-118.2581,0
03/01/2020 12:00:00 AM,Hollenbeck,ROBBERY,34.0462,-118.2153,0
02/07/2020 12:00:00 AM,Hollenbeck,THEFT FROM MOTOR VEHICLE - GRAND ($950.01 AND OVER),34.0676,-118.2202,0
10/18/2020 12:00:00 AM,77th Street,THEFT FROM MOTOR VEHICLE - PETTY ($950 & UNDER),33.9932,-118.2959,0
11/11/2020 12:00:00 AM,West Valley,BURGLARY,34.2192,-118.5601,0
08/09/2020 12:00:00 AM,West LA,CHILD NEGLECT (SEE 300 W.I.C.),34.0862,-118.4452,0
07/01/2020 12:00:00 AM,Rampart,INTIMATE PARTNER - SIMPLE ASSAULT,34.0549,-118.2659,0
03/26/2020 12:00:00 AM,West LA,THEFT OF IDENTITY,34.0943,-118.4172,0
01/22/2020 12:00:00 AM,77th Street,"ASSAULT WITH DEADLY WEAPON, AGGRAVATED ASSAULT",33.973,-118.2586,0
07/10/2020 12:00:00 AM,West LA,THEFT PLAIN - PETTY ($950 & UNDER),34.0473,-118.4206,0
01/13/2020 12:00:00 AM,Van Nuys,"ASSAULT WITH DEADLY WEAPON, AGGRAVATED ASSAULT",34.1847,-118.4422,0
02/14/2020 12:00:00 AM,Wilshire,BATTERY POLICE (SIMPLE),34.0837,-118.3703,0
11/25/2020 12:00:00 AM,Wilshire,BURGLARY,34.0835,-118.3734,0
12/24/2020 12:00:00 AM,Van Nuys,BATTERY - SIMPLE ASSAULT,34.1721,-118.4661,0
03/11/2020 12:00:00 AM,Van Nuys,SHOPLIFTING - PETTY THEFT ($950 & UNDER),34.1547,-118.453,0
09/09/2020 12:00:00 AM,77th Street,VEHICLE - STOLEN,33.9636,-118.3112,0
09/04/2020 12:00:00 AM,77th Street,OTHER MISCELLANEOUS CRIME,33.9923,-118.287,0
03/01/2020 12:00:00 AM,77th Street,BATTERY POLICE (SIMPLE),33.9708,-118.2783,0
03/22/2020 12:00:00 AM,77th Street,BURGLARY FROM VEHICLE,33.9745,-118.3338,0
12/15/2020 12:00:00 AM,Hollenbeck,BATTERY - SIMPLE ASSAULT,34.0767,-118.1937,0
07/29/2020 12:00:00 AM,Northeast,BURGLARY,34.1391,-118.1898,0
01/25/2020 12:00:00 AM,Southwest,BURGLARY FROM VEHICLE,34.0264,-118.2991,0
08/24/2020 12:00:00 AM,Harbor,THEFT OF IDENTITY,33.7886,-118.2778,0
09/11/2020 12:00:00 AM,Harbor,"BUNCO, GRAND THEFT",33.8613,-118.2982,0
02/25/2020 12:00:00 AM,Newton,VEHICLE - STOLEN,34.031,-118.2579,0
07/26/2020 12:00:00 AM,Harbor,"LETTERS, LEWD  -  TELEPHONE CALLS, LEWD",33.7149,-118.3019,0
11/14/2020 12:00:00 AM,Harbor,CHILD ABUSE (PHYSICAL) - SIMPLE ASSAULT,33.7333,-118.2902,0
03/16/2020 12:00:00 AM,Hollywood,"ASSAULT WITH DEADLY WEAPON, AGGRAVATED ASSAULT",34.098,-118.3324,0
04/15/2020 12:00:00 AM,Newton,"THEFT-GRAND ($950.01 & OVER)EXCPT,GUNS,FOWL,LIVESTK,PROD",33.9898,-118.2783,0
11/14/2020 12:00:00 AM,Central,ROBBERY,34.0437,-118.2582,0
04/17/2020 12:00:00 AM,West LA,"ASSAULT WITH DEADLY WEAPON, AGGRAVATED ASSAULT",34.0599,-118.4397,0
01/07/2020 12:00:00 AM,Newton,VEHICLE - STOLEN,34.0236,-118.2393,0
07/01/2020 12:00:00 AM,Hollywood,SHOPLIFTING - PETTY THEFT ($950 & UNDER),34.098,-118.3228,0
05/29/2020 12:00:00 AM,Harbor,VEHICLE - STOLEN,33.7978,-118.2999,0
01/28/2020 12:00:00 AM,Hollenbeck,VEHICLE - STOLEN,34.0736,-118.2156,0
11/02/2020 12:00:00 AM,Hollenbeck,BURGLARY,34.0565,-118.2209,0
06/21/2020 12:00:00 AM,Northeast,INTIMATE PARTNER - SIMPLE ASSAULT,34.1113,-118.2908,0
07/15/2020 12:00:00 AM,Rampart,THEFT PLAIN - PETTY ($950 & UNDER),34.0657,-118.268,0
04/07/2020 12:00:00 AM,West Valley,THEFT FROM MOTOR VEHICLE - PETTY ($950 & UNDER),34.1529,-118.4749,0
04/16/2020 12:00:00 AM,Rampart,VIOLATION OF RESTRAINING ORDER,34.0616,-118.2794,0
03/29/2020 12:00:00 AM,Southwest,INTIMATE PARTNER - SIMPLE ASSAULT,34.0132,-118.2945,0
02/01/2020 12:00:00 AM,Southwest,VEHICLE - STOLEN,34.0219,-118.2959,0
04/05/2020 12:00:00 AM,Hollywood,VEHICLE - STOLEN,34.0998,-118.331,0
03/14/2020 12:00:00 AM,West Valley,THEFT PLAIN - PETTY ($950 & UNDER),34.201,-118.5492,0
07/27/2020 12:00:00 AM,Rampart,THEFT PLAIN - PETTY ($950 & UNDER),34.0741,-118.2784,0
11/30/2020 12:00:00 AM,77th Street,VANDALISM - MISDEAMEANOR ($399 OR UNDER),33.9678,-118.2859,0
11/16/2020 12:00:00 AM,West Valley,DOCUMENT FORGERY / STOLEN FELONY,34.2115,-118.4837,0
02/24/2020 12:00:00 AM,77th Street,OTHER ASSAULT,33.979,-118.3112,0
04/23/2020 12:00:00 AM,Central,"BURGLARY, ATTEMPTED",34.0619,-118.2369,0
02/11/2020 12:00:00 AM,77th Street,BURGLARY,33.962,-118.2608,0
03/23/2020 12:00:00 AM,Central,VANDALISM - MISDEAMEANOR ($399 OR UNDER),34.0395,-118.2656,0
11/03/2020 12:00:00 AM,Hollywood,VANDALISM - MISDEAMEANOR ($399 OR UNDER),34.1088,-118.3215,0
08/05/2020 12:00:00 AM,Rampart,BURGLARY FROM VEHICLE,34.0573,-118.2832,0
08/09/2020 12:00:00 AM,Central,INTIMATE PARTNER - SIMPLE ASSAULT,34.0437,-118.2582,0
04/02/2020 12:00:00 AM,Northeast,"LETTERS, LEWD  -  TELEPHONE CALLS, LEWD",34.1119,-118.2874,0
04/04/2020 12:00:00 AM,77th Street,ROBBERY,33.9833,-118.2827,0
09/08/2020 12:00:00 AM,77th Street,CRIMINAL HOMICIDE,33.9798,-118.2918,0
04/06/2020 12:00:00 AM,Northeast,VEHICLE - STOLEN,34.0904,-118.2272,0
10/28/2020 12:00:00 AM,Southwest,"ASSAULT WITH DEADLY WEAPON, AGGRAVATED ASSAULT",34.0,-118.3269,0
01/13/2020 12:00:00 AM,West Valley,BURGLARY FROM VEHICLE,34.1588,-118.5262,0
05/30/2020 12:00:00 AM,West LA,BURGLARY,34.0489,-118.3855,0
10/16/2020 12:00:00 AM,West Valley,THEFT FROM MOTOR VEHICLE - PETTY ($950 & UNDER),34.1629,-118.5263,0
09/09/2020 12:00:00 AM,Central,"VANDALISM - FELONY ($400 & OVER, ALL CHURCH VANDALISMS)",34.0474,-118.2513,0
07/06/2020 12:00:00 AM,West LA,THEFT OF IDENTITY,34.119,-118.4482,0
11/12/2020 12:00:00 AM,Rampart,INTIMATE PARTNER - AGGRAVATED ASSAULT,34.0569,-118.2583,0
05/14/2020 12:00:00 AM,77th Street,BURGLARY,33.988,-118.3399,0
05/28/2020 12:00:00 AM,Wilshire,THEFT FROM MOTOR VEHICLE - PETTY ($950 & UNDER),34.0362,-118.3494,0
09/25/2020 12:00:00 AM,Wilshire,ROBBERY,34.0427,-118.3423,0
06/28/2020 12:00:00 AM,West Valley,INTIMATE PARTNER - SIMPLE ASSAULT,34.1957,-118.5404,0
11/13/2020 12:00:00 AM,Van Nuys,SHOPLIFTING - PETTY THEFT ($950 & UNDER),34.1841,-118.4693,0
04/05/2020 12:00:00 AM,West Valley,VEHICLE - STOLEN,34.2105,-118.5011,0
12/27/2020 12:00:00 AM,Central,"ASSAULT WITH DEADLY WEAPON, AGGRAVATED ASSAULT",34.0564,-118.2374,0
03/02/2020 12:00:00 AM,West Valley,THEFT OF IDENTITY,34.201,-118.5229,0
02/29/2020 12:00:00 AM,West Valley,BATTERY - SIMPLE ASSAULT,34.1678,-118.5336,0
11/06/2020 12:00:00 AM,Hollywood,"VANDALISM - FELONY ($400 & OVER, ALL CHURCH VANDALISMS)",34.098,-118.3266,0
11/02/2020 12:00:00 AM,Harbor,"THEFT-GRAND ($950.01 & OVER)EXCPT,GUNS,FOWL,LIVESTK,PROD",33.7811,-118.2428,0
01/11/2020 12:00:00 AM,Newton,BRANDISH WEAPON,34.0171,-118.2642,0
10/24/2020 12:00:00 AM,West Valley,INDECENT EXPOSURE,34.1829,-118.536,0
04/12/2020 12:00:00 AM,Southwest,ROBBERY,34.0082,-118.3089,0
05/19/2020 12:00:00 AM,77th Street,THEFT PLAIN - PETTY ($950 & UNDER),33.9897,-118.2827,0
04/17/2020 12:00:00 AM,Central,BATTERY - SIMPLE ASSAULT,34.0442,-118.2439,0
10/24/2020 12:00:00 AM,77th Street,VANDALISM - MISDEAMEANOR ($399 OR UNDER),33.9618,-118.309,0
06/04/2020 12:00:00 AM,Southwest,INTIMATE PARTNER - SIMPLE ASSAULT,34.0073,-118.3089,0
02/04/2020 12:00:00 AM,West Valley,BATTERY - SIMPLE ASSAULT,34.2012,-118.4837,0
02/23/2020 12:00:00 AM,West Valley,VEHICLE - STOLEN,34.1954,-118.5577,0
10/30/2020 12:00:00 AM,Central,"ASSAULT WITH DEADLY WEAPON, AGGRAVATED ASSAULT",34.0581,-118.2371,0
09/18/2020 12:00:00 AM,Hollywood,BURGLARY FROM VEHICLE,34.0993,-118.3092,0
03/23/2020 12:00:00 AM,Central,OTHER MISCELLANEOUS CRIME,34.0435,-118.2471,0
03/23/2020 12:00:00 AM,Southwest,"LETTERS, LEWD  -  TELEPHONE CALLS, LEWD",34.0055,-118.3154,0
09/22/2020 12:00:00 AM,Hollenbeck,VEHICLE - STOLEN,34.0272,-118.2085,0
04/24/2020 12:00:00 AM,Northeast,THEFT OF IDENTITY,34.1194,-118.1967,0
03/08/2020 12:00:00 AM,77th Street,ATTEMPTED ROBBERY,33.9785,-118.3046,0
11/16/2020 12:00:00 AM,Southwest,INTIMATE PARTNER - SIMPLE ASSAULT,34.0091,-118.3089,0
09/03/2020 12:00:00 AM,Rampart,SHOPLIFTING - PETTY THEFT ($950 & UNDER),34.0617,-118.2795,0
03/30/2020 12:00:00 AM,Harbor,BRANDISH WEAPON,33.737,-118.2879,0
10/30/2020 12:00:00 AM,77th Street,INTIMATE PARTNER - SIMPLE ASSAULT,33.9659,-118.2765,0
02/19/2020 12:00:00 AM,Harbor,BURGLARY FROM VEHICLE,33.74,-118.313,0
05/30/2020 12:00:00 AM,Hollywood,ROBBERY,34.098,-118.3266,0
08/03/2020 12:00:00 AM,Van Nuys,BATTERY - SIMPLE ASSAULT,34.1518,-118.462,0
07/01/2020 12:00:00 AM,Wilshire,BURGLARY FROM VEHICLE,34.0649,-118.3451,0
09/20/2020 12:00:00 AM,Hollenbeck,THEFT PLAIN - PETTY ($950 & UNDER),34.0583,-118.2113,0
10/20/2020 12:00:00 AM,Harbor,INTIMATE PARTNER - AGGRAVATED ASSAULT,33.8648,-118.2931,0
07/10/2020 12:00:00 AM,Hollywood,TRESPASSING,34.1091,-118.3146,0
11/23/2020 12:00:00 AM,Hollenbeck,OTHER MISCELLANEOUS CRIME,34.0445,-118.2173,0
12/05/2020 12:00:00 AM,Northeast,BURGLARY FROM VEHICLE,34.0982,-118.2896,0
02/07/2020 12:00:00 AM,Van Nuys,THEFT OF IDENTITY,34.1595,-118.4513,0
03/02/2020 12:00:00 AM,77th Street,SHOPLIFTING - PETTY THEFT ($950 & UNDER),33.9921,-118.3108,0
12/12/2020 12:00:00 AM,Central,BATTERY - SIMPLE ASSAULT,34.0463,-118.2467,0
07/20/2020 12:00:00 AM,Harbor,VEHICLE - STOLEN,33.8129,-118.3071,0
12/08/2020 12:00:00 AM,Central,BATTERY - SIMPLE ASSAULT,34.036,-118.2607,0
01/18/2020 12:00:00 AM,West Valley,BURGLARY FROM VEHICLE,34.2011,-118.5386,0
12/26/2020 12:00:00 AM,Van Nuys,VEHICLE - STOLEN,34.1939,-118.4243,0
07/20/2020 12:00:00 AM,Hollywood,BATTERY WITH SEXUAL CONTACT,34.1017,-118.3173,0
09/09/2020 12:00:00 AM,Southwest,"RAPE, FORCIBLE",34.021,-118.3156,0
01/17/2020 12:00:00 AM,Rampart,VANDALISM - MISDEAMEANOR ($399 OR UNDER),34.0519,-118.2755,0
02/12/2020 12:00:00 AM,Central,BATTERY - SIMPLE ASSAULT,34.0552,-118.2322,0
10/30/2020 12:00:00 AM,West Valley,THEFT FROM MOTOR VEHICLE - GRAND ($950.01 AND OVER),34.1724,-118.5645,0
10/17/2020 12:00:00 AM,Southwest,VANDALISM - MISDEAMEANOR ($399 OR UNDER),34.0348,-118.2876,0
03/27/2020 12:00:00 AM,Newton,"THEFT, PERSON",34.0059,-118.2497,0
12/15/2020 12:00:00 AM,Hollenbeck,"ASSAULT WITH DEADLY WEAPON, AGGRAVATED ASSAULT",34.021,-118.2202,0
11/03/2020 12:00:00 AM,Central,ROBBERY,34.0571,-118.2508,0
02/01/2020 12:00:00 AM,Southwest,LEWD/LASCIVIOUS ACTS WITH CHILD,34.0087,-118.284,0
01/28/2020 12:00:00 AM,Rampart,THEFT PLAIN - PETTY ($950 & UNDER),34.0609,-118.2535,0
05/18/2020 12:00:00 AM,West LA,INTIMATE PARTNER - SIMPLE ASSAULT,34.0401,-118.3841,0
10/29/2020 12:00:00 AM,Central,BATTERY - SIMPLE ASSAULT,34.048,-118.2577,0
05/04/2020 12:00:00 AM,West Valley,"LETTERS, LEWD  -  TELEPHONE CALLS, LEWD",34.2193,-118.522,0
07/13/2020 12:00:00 AM,Northeast,BURGLARY,34.1061,-118.2518,0
04/16/2020 12:00:00 AM,Hollywood,"THEFT-GRAND ($950.01 & OVER)EXCPT,GUNS,FOWL,LIVESTK,PROD",34.1016,-118.3361,0
04/13/2020 12:00:00 AM,Southwest,VIOLATION OF RESTRAINING ORDER,34.01,-118.29,0
11/29/2020 12:00:00 AM,77th Street,"ASSAULT WITH DEADLY WEAPON, AGGRAVATED ASSAULT",33.9858,-118.2915,0
05/01/2020 12:00:00 AM,Northeast,BURGLARY,34.0981,-118.2994,0
03/08/2020 12:00:00 AM,Hollywood,VIOLATION OF RESTRAINING ORDER,34.0981,-118.3158,0
07/13/2020 12:00:00 AM,Hollenbeck,ROBBERY,34.0175,-118.1975,0
09/26/2020 12:00:00 AM,77th Street,"VANDALISM - FELONY ($400 & OVER, ALL CHURCH VANDALISMS)",33.9635,-118.298,0
08/02/2020 12:00:00 AM,77th Street,INTIMATE PARTNER - SIMPLE ASSAULT,33.9627,-118.3178,0
09/24/2020 12:00:00 AM,Harbor,VIOLATION OF RESTRAINING ORDER,33.7306,-118.2805,0
10/07/2020 12:00:00 AM,West LA,THEFT PLAIN - PETTY ($950 & UNDER),34.0341,-118.4525,0
03/31/2020 12:00:00 AM,77th Street,VEHICLE - STOLEN,33.9845,-118.344,0
02/27/2020 12:00:00 AM,Hollywood,BURGLARY,34.1271,-118.3196,0
01/04/2020 12:00:00 AM,Rampart,BURGLARY FROM VEHICLE,34.0668,-118.2622,0
05/09/2020 12:00:00 AM,Southwest,CONTRIBUTING,34.0355,-118.3041,0
07/18/2020 12:00:00 AM,Hollenbeck,INDECENT EXPOSURE,34.0444,-118.2122,0
08/15/2020 12:00:00 AM,77th Street,"ASSAULT WITH DEADLY WEAPON, AGGRAVATED ASSAULT",33.9778,-118.3084,0
04/23/2020 12:00:00 AM,77th Street,ROBBERY,33.9932,-118.2915,0
01/07/2020 12:00:00 AM,Rampart,THEFT PLAIN - PETTY ($950 & UNDER),34.0591,-118.2635,0
06/28/2020 12:00:00 AM,77th Street,"ASSAULT WITH DEADLY WEAPON, AGGRAVATED ASSAULT",33.9711,-118.2629,0
05/30/2020 12:00:00 AM,Central,VANDALISM - MISDEAMEANOR ($399 OR UNDER),34.0469,-118.2595,0
03/02/2020 12:00:00 AM,Hollywood,BATTERY - SIMPLE ASSAULT,34.0835,-118.3091,0
06/17/2020 12:00:00 AM,West Valley,BATTERY - SIMPLE ASSAULT,34.1361,-118.4815,0
10/20/2020 12:00:00 AM,Central,BATTERY - SIMPLE ASSAULT,34.0478,-118.2484,0
02/13/2020 12:00:00 AM,Central,BATTERY - SIMPLE ASSAULT,34.0487,-118.2588,0
07/30/2020 12:00:00 AM,77th Street,VEHICLE - STOLEN,33.9722,-118.2696,0
09/15/2020 12:00:00 AM,Northeast,BURGLARY FROM VEHICLE,34.1103,-118.2959,0
08/02/2020 12:00:00 AM,Hollywood,BATTERY POLICE (SIMPLE),34.1005,-118.3214,0
01/26/2020 12:00:00 AM,Central,VEHICLE - STOLEN,34.0342,-118.2636,0
07/11/2020 12:00:00 AM,Southwest,"RAPE, ATTEMPTED",34.0171,-118.3531,0
12/28/2020 12:00:00 AM,Central,"ASSAULT WITH DEADLY WEAPON, AGGRAVATED ASSAULT",34.0505,-118.2588,0
12/09/2020 12:00:00 AM,Wilshire,VANDALISM - MISDEAMEANOR ($399 OR UNDER),34.0677,-118.3548,0
04/05/2020 12:00:00 AM,77th Street,INTIMATE PARTNER - AGGRAVATED ASSAULT,33.9891,-118.3167,0
05/01/2020 12:00:00 AM,West LA,BURGLARY FROM VEHICLE,34.0363,-118.4089,0
04/17/2020 12:00:00 AM,Central,"ASSAULT WITH DEADLY WEAPON, AGGRAVATED ASSAULT",34.0644,-118.232,0
06/05/2020 12:00:00 AM,Rampart,"ASSAULT WITH DEADLY WEAPON, AGGRAVATED ASSAULT",34.0565,-118.2768,0
02/11/2020 12:00:00 AM,West LA,INTIMATE PARTNER - SIMPLE ASSAULT,34.0554,-118.4266,0
06/28/2020 12:00:00 AM,Southwest,THEFT PLAIN - PETTY ($950 & UNDER),34.0103,-118.3034,0
05/23/2020 12:00:00 AM,Southwest,BIKE - STOLEN,34.0283,-118.2822,0
04/07/2020 12:00:00 AM,Van Nuys,BURGLARY FROM VEHICLE,34.2066,-118.4673,0
01/31/2020 12:00:00 AM,West LA,THEFT PLAIN - PETTY ($950 & UNDER),34.0987,-118.4012,0
04/11/2020 12:00:00 AM,Van Nuys,THEFT OF IDENTITY,34.1903,-118.4509,0
07/04/2020 12:00:00 AM,Hollenbeck,BRANDISH WEAPON,34.0256,-118.2049,0
11/21/2020 12:00:00 AM,Rampart,TRESPASSING,34.0445,-118.2842,0
09/30/2020 12:00:00 AM,77th Street,BATTERY - SIMPLE ASSAULT,33.9891,-118.3097,0
01/09/2020 12:00:00 AM,Rampart,OTHER ASSAULT,34.0533,-118.2829,0
02/29/2020 12:00:00 AM,Southwest,"BUNCO, GRAND THEFT",34.0268,-118.2808,0
07/29/2020 12:00:00 AM,Harbor,VANDALISM - MISDEAMEANOR ($399 OR UNDER),33.838,-118.3006,0
04/20/2020 12:00:00 AM,West LA,"ASSAULT WITH DEADLY WEAPON, AGGRAVATED ASSAULT",34.046,-118.448,0
10/30/2020 12:00:00 AM,Rampart,"BUNCO, ATTEMPT",34.0591,-118.2739,0
08/14/2020 12:00:00 AM,Van Nuys,BURGLARY FROM VEHICLE,34.1976,-118.4356,0
02/05/2020 12:00:00 AM,77th Street,BATTERY - SIMPLE ASSAULT,33.9909,-118.3308,0
09/27/2020 12:00:00 AM,Hollywood,BATTERY - SIMPLE ASSAULT,34.0888,-118.3124,0
01/05/2020 12:00:00 AM,Northeast,THEFT PLAIN - PETTY ($950 & UNDER),34.1422,-118.223,0
04/19/2020 12:00:00 AM,West Valley,THEFT PLAIN - PETTY ($950 & UNDER),34.1797,-118.5124,0
02/27/2020 12:00:00 AM,Southwest,VEHICLE - STOLEN,34.0309,-118.2991,0
01/26/2020 12:00:00 AM,Northeast,BATTERY - SIMPLE ASSAULT,34.1192,-118.3004,0
12/13/2020 12:00:00 AM,Northeast,THEFT FROM MOTOR VEHICLE - GRAND ($950.01 AND OVER),34.1119,-118.2718,0
02/16/2020 12:00:00 AM,77th Street,SHOPLIFTING - PETTY THEFT ($950 & UNDER),33.9737,-118.309,0
11/18/2020 12:00:00 AM,77th Street,THEFT FROM MOTOR VEHICLE - PETTY ($950 & UNDER),33.9928,-118.2959,0
01/02/2020 12:00:00 AM,Van Nuys,BURGLARY FROM VEHICLE,34.1504,-118.4517,0
02/11/2020 12:00:00 AM,Central,VEHICLE - STOLEN,34.0693,-118.2404,0
07/27/2020 12:00:00 AM,Northeast,BURGLARY FROM VEHICLE,34.118,-118.2707,0
04/09/2020 12:00:00 AM,Van Nuys,"VANDALISM - FELONY ($400 & OVER, ALL CHURCH VANDALISMS)",34.1507,-118.4539,0
12/23/2020 12:00:00 AM,Hollywood,SHOPLIFTING - PETTY THEFT ($950 & UNDER),34.0926,-118.3234,0
10/25/2020 12:00:00 AM,Harbor,INTIMATE PARTNER - SIMPLE ASSAULT,33.7733,-118.2776,0
11/29/2020 12:00:00 AM,Northeast,THEFT PLAIN - PETTY ($950 & UNDER),34.0842,-118.2519,0
06/24/2020 12:00:00 AM,Wilshire,BURGLARY,34.0761,-118.3604,0
03/12/2020 12:00:00 AM,Harbor,TRESPASSING,33.7549,-118.3061,0
02/19/2020 12:00:00 AM,Rampart,BATTERY - SIMPLE ASSAULT,34.0725,-118.2748,0
09/09/2020 12:00:00 AM,Van Nuys,BATTERY - SIMPLE ASSAULT,34.1505,-118.4458,0
03/17/2020 12:00:00 AM,Van Nuys,ROBBERY,34.2048,-118.4531,0
07/25/2020 12:00:00 AM,Northeast,"LETTERS, LEWD  -  TELEPHONE CALLS, LEWD",34.1387,-118.1873,0
04/08/2020 12:00:00 AM,Hollywood,RESISTING ARREST,34.0926,-118.3234,0
07/08/2020 12:00:00 AM,Van Nuys,VEHICLE - STOLEN,34.1817,-118.44,0
04/24/2020 12:00:00 AM,Newton,"VANDALISM - FELONY ($400 & OVER, ALL CHURCH VANDALISMS)",34.0247,-118.2734,0
06/15/2020 12:00:00 AM,West Valley,"VANDALISM - FELONY ($400 & OVER, ALL CHURCH VANDALISMS)",34.2048,-118.5273,0
05/31/2020 12:00:00 AM,Wilshire,"VANDALISM - FELONY ($400 & OVER, ALL CHURCH VANDALISMS)",34.0846,-118.3464,0
05/30/2020 12:00:00 AM,Wilshire,ASSAULT WITH DEADLY WEAPON ON POLICE OFFICER,34.0719,-118.3637,0
03/06/2020 12:00:00 AM,Central,BATTERY - SIMPLE ASSAULT,34.0453,-118.2443,0
04/30/2020 12:00:00 AM,Southwest,INTIMATE PARTNER - SIMPLE ASSAULT,34.0309,-118.3054,0
05/30/2020 12:00:00 AM,Southwest,BURGLARY,34.0242,-118.3722,0
12/04/2020 12:00:00 AM,Rampart,BATTERY - SIMPLE ASSAULT,34.0605,-118.2814,0
05/22/2020 12:00:00 AM,Van Nuys,BIKE - STOLEN,34.156,-118.4662,0
12/13/2020 12:00:00 AM,Hollywood,VEHICLE - STOLEN,34.0966,-118.3366,0
12/22/2020 12:00:00 AM,Hollywood,ATTEMPTED ROBBERY,34.1267,-118.3316,0
08/07/2020 12:00:00 AM,West Valley,BATTERY - SIMPLE ASSAULT,34.2146,-118.5317,0
04/01/2020 12:00:00 AM,Hollenbeck,THEFT FROM MOTOR VEHICLE - PETTY ($950 & UNDER),34.0234,-118.1999,0
08/03/2020 12:00:00 AM,Hollenbeck,BURGLARY,34.0702,-118.2201,0
08/27/2020 12:00:00 AM,Northeast,ATTEMPTED ROBBERY,34.1063,-118.1995,0
01/01/2020 12:00:00 AM,Newton,INTIMATE PARTNER - SIMPLE ASSAULT,33.9924,-118.2772,0
06/04/2020 12:00:00 AM,77th Street,SHOTS FIRED AT INHABITED DWELLING,33.9951,-118.316,0
07/12/2020 12:00:00 AM,77th Street,THEFT PLAIN - PETTY ($950 & UNDER),33.9883,-118.2915,0
10/21/2020 12:00:00 AM,West LA,THEFT FROM MOTOR VEHICLE - GRAND ($950.01 AND OVER),34.0611,-118.4224,0
05/20/2020 12:00:00 AM,Hollenbeck,PURSE SNATCHING,34.0469,-118.2032,0
04/05/2020 12:00:00 AM,Van Nuys,VEHICLE - STOLEN,34.1517,-118.4531,0
06/13/2020 12:00:00 AM,Southwest,VEHICLE - STOLEN,34.0337,-118.3344,0
07/01/2020 12:00:00 AM,Harbor,VEHICLE - STOLEN,33.7766,-118.2701,0
01/18/2020 12:00:00 AM,Newton,BURGLARY FROM VEHICLE,33.9873,-118.2739,0
09/23/2020 12:00:00 AM,77th Street,SHOTS FIRED AT INHABITED DWELLING,33.9511,-118.3057,0
07/21/2020 12:00:00 AM,West LA,BIKE - STOLEN,34.0478,-118.4184,0
10/13/2020 12:00:00 AM,Hollywood,ATTEMPTED ROBBERY,34.103,-118.3225,0
02/10/2020 12:00:00 AM,Hollenbeck,"VANDALISM - FELONY ($400 & OVER, ALL CHURCH VANDALISMS)",34.043,-118.2206,0
01/25/2020 12:00:00 AM,Wilshire,THEFT FROM MOTOR VEHICLE - PETTY ($950 & UNDER),34.0803,-118.3511,0
06/08/2020 12:00:00 AM,Rampart,BATTERY - SIMPLE ASSAULT,34.0685,-118.2775,0
10/18/2020 12:00:00 AM,Van Nuys,"ASSAULT WITH DEADLY WEAPON, AGGRAVATED ASSAULT",34.1721,-118.4574,0
01/06/2020 12:00:00 AM,Newton,INTIMATE PARTNER - SIMPLE ASSAULT,33.9957,-118.2502,0
01/08/2020 12:00:00 AM,77th Street,INTIMATE PARTNER - SIMPLE ASSAULT,33.9629,-118.2608,0
05/24/2020 12:00:00 AM,77th Street,ROBBERY,33.9638,-118.2629,0
10/27/2020 12:00:00 AM,Central,BURGLARY FROM VEHICLE,34.0471,-118.2394,0
06/04/2020 12:00:00 AM,Van Nuys,BATTERY - SIMPLE ASSAULT,34.1721,-118.4443,0
10/07/2020 12:00:00 AM,77th Street,BATTERY - SIMPLE ASSAULT,33.9747,-118.263,0
02/15/2020 12:00:00 AM,Hollenbeck,"VANDALISM - FELONY ($400 & OVER, ALL CHURCH VANDALISMS)",34.0428,-118.2167,0
03/09/2020 12:00:00 AM,Hollenbeck,LEWD CONDUCT,34.052,-118.1958,0
11/06/2020 12:00:00 AM,Rampart,BATTERY - SIMPLE ASSAULT,34.0423,-118.2804,0
06/23/2020 12:00:00 AM,77th Street,VEHICLE - STOLEN,33.9651,-118.2803,0
03/17/2020 12:00:00 AM,77th Street,OTHER MISCELLANEOUS CRIME,33.9806,-118.2871,0
09/14/2020 12:00:00 AM,Wilshire,BATTERY - SIMPLE ASSAULT,34.0819,-118.3452,0
01/04/2020 12:00:00 AM,Central,BURGLARY FROM VEHICLE,34.0364,-118.2303,0
10/10/2020 12:00:00 AM,77th Street,BURGLARY,33.9642,-118.2761,0
08/04/2020 12:00:00 AM,Southwest,BATTERY - SIMPLE ASSAULT,34.0323,-118.2915,0
02/13/2020 12:00:00 AM,Hollywood,VEHICLE - STOLEN,34.1016,-118.3387,0
02/10/2020 12:00:00 AM,Hollenbeck,CRIMINAL HOMICIDE,34.0545,-118.1992,0
06/11/2020 12:00:00 AM,Hollywood,BIKE - STOLEN,34.0962,-118.356,0
01/29/2020 12:00:00 AM,Van Nuys,VANDALISM - MISDEAMEANOR ($399 OR UNDER),34.2085,-118.4662,0
04/23/2020 12:00:00 AM,West LA,VEHICLE - STOLEN,34.0497,-118.4448,0
03/27/2020 12:00:00 AM,Rampart,BURGLARY FROM VEHICLE,34.0699,-118.2823,0
08/18/2020 12:00:00 AM,Van Nuys,VEHICLE - STOLEN,34.1876,-118.4422,0
01/17/2020 12:00:00 AM,Van Nuys,BATTERY - SIMPLE ASSAULT,34.1794,-118.4162,0
01/05/2020 12:00:00 AM,Newton,INTIMATE PARTNER - SIMPLE ASSAULT,34.0204,-118.2744,0
10/25/2020 12:00:00 AM,77th Street,INTIMATE PARTNER - SIMPLE ASSAULT,33.9638,-118.2629,0
06/26/2020 12:00:00 AM,Wilshire,BURGLARY,34.0483,-118.372,0
09/05/2020 12:00:00 AM,Northeast,BURGLARY FROM VEHICLE,34.114,-118.1949,0
02/06/2020 12:00:00 AM,Hollywood,THEFT PLAIN - PETTY ($950 & UNDER),34.1016,-118.3387,0
12/18/2020 12:00:00 AM,77th Street,INTIMATE PARTNER - SIMPLE ASSAULT,33.9864,-118.2838,0
04/30/2020 12:00:00 AM,Southwest,BURGLARY,34.0148,-118.3605,0
11/07/2020 12:00:00 AM,Southwest,BURGLARY,34.0274,-118.29,0
06/26/2020 12:00:00 AM,West LA,DOCUMENT FORGERY / STOLEN FELONY,34.042,-118.4701,0
01/18/2020 12:00:00 AM,Southwest,ORAL COPULATION,34.0071,-118.3477,0
07/29/2020 12:00:00 AM,Northeast,INTIMATE PARTNER - SIMPLE ASSAULT,34.1027,-118.2363,0
04/26/2020 12:00:00 AM,77th Street,VEHICLE - STOLEN,33.9897,-118.2856,0
05/22/2020 12:00:00 AM,Central,VEHICLE - STOLEN,34.0417,-118.2443,0
09/05/2020 12:00:00 AM,Van Nuys,VANDALISM - MISDEAMEANOR ($399 OR UNDER),34.1826,-118.4596,0
06/17/2020 12:00:00 AM,West Valley,VEHICLE - STOLEN,34.2039,-118.4793,0
04/19/2020 12:00:00 AM,Northeast,VEHICLE - STOLEN,34.1051,-118.2107,0
06/09/2020 12:00:00 AM,Rampart,BURGLARY,34.0812,-118.2953,0
05/05/2020 12:00:00 AM,Hollenbeck,BURGLARY FROM VEHICLE,34.0896,-118.2059,0
05/25/2020 12:00:00 AM,Southwest,"EMBEZZLEMENT, GRAND THEFT ($950.01 & OVER)",34.0183,-118.3204,0
09/18/2020 12:00:00 AM,Central,BATTERY - SIMPLE ASSAULT,34.0409,-118.2661,0
09/30/2020 12:00:00 AM,Van Nuys,BURGLARY,34.2138,-118.4618,0
05/17/2020 12:00:00 AM,Van Nuys,VEHICLE - STOLEN,34.1471,-118.4411,0
01/21/2020 12:00:00 AM,Northeast,INTIMATE PARTNER - AGGRAVATED ASSAULT,34.0982,-118.2961,0
09/01/2020 12:00:00 AM,West LA,INTIMATE PARTNER - SIMPLE ASSAULT,34.0348,-118.3822,0
09/26/2020 12:00:00 AM,Southwest,VEHICLE - STOLEN,34.0261,-118.2803,0
05/14/2020 12:00:00 AM,Rampart,OTHER ASSAULT,34.0699,-118.2597,0
03/12/2020 12:00:00 AM,Southwest,THEFT FROM MOTOR VEHICLE - GRAND ($950.01 AND OVER),34.0155,-118.3013,0
05/18/2020 12:00:00 AM,Van Nuys,THEFT OF IDENTITY,34.1867,-118.4575,0
03/10/2020 12:00:00 AM,Southwest,"VANDALISM - FELONY ($400 & OVER, ALL CHURCH VANDALISMS)",34.019,-118.3002,0
06/27/2020 12:00:00 AM,Harbor,THEFT FROM MOTOR VEHICLE - PETTY ($950 & UNDER),33.7768,-118.2675,0
04/07/2020 12:00:00 AM,West Valley,THEFT OF IDENTITY,34.1745,-118.5461,0
02/20/2020 12:00:00 AM,Harbor,"THEFT-GRAND ($950.01 & OVER)EXCPT,GUNS,FOWL,LIVESTK,PROD",33.8204,-118.3037,0
06/29/2020 12:00:00 AM,Hollywood,"VANDALISM - FELONY ($400 & OVER, ALL CHURCH VANDALISMS)",34.1036,-118.3049,0
09/15/2020 12:00:00 AM,77th Street,BATTERY - SIMPLE ASSAULT,33.9647,-118.2651,0
02/28/2020 12:00:00 AM,Hollywood,"THEFT-GRAND ($950.01 & OVER)EXCPT,GUNS,FOWL,LIVESTK,PROD",34.1016,-118.3417,0
08/07/2020 12:00:00 AM,Rampart,VANDALISM - MISDEAMEANOR ($399 OR UNDER),34.0747,-118.2686,0
03/19/2020 12:00:00 AM,Southwest,BRANDISH WEAPON,34.0364,-118.2964,0
01/03/2020 12:00:00 AM,Van Nuys,THEFT FROM MOTOR VEHICLE - PETTY ($950 & UNDER),34.1361,-118.4308,0
09/04/2020 12:00:00 AM,Van Nuys,VEHICLE - STOLEN,34.163,-118.4618,0
02/29/2020 12:00:00 AM,Newton,ROBBERY,34.0268,-118.2702,0
05/13/2020 12:00:00 AM,Harbor,BATTERY - SIMPLE ASSAULT,33.7279,-118.299,0
02/08/2020 12:00:00 AM,West LA,BURGLARY,34.0525,-118.3943,0
07/31/2020 12:00:00 AM,Northeast,"ASSAULT WITH DEADLY WEAPON, AGGRAVATED ASSAULT",34.0954,-118.2078,0
07/14/2020 12:00:00 AM,Harbor,VEHICLE - STOLEN,33.7415,-118.295,0
05/07/2020 12:00:00 AM,Rampart,THEFT PLAIN - PETTY ($950 & UNDER),34.0703,-118.2832,0
09/06/2020 12:00:00 AM,Northeast,"VANDALISM - FELONY ($400 & OVER, ALL CHURCH VANDALISMS)",34.0929,-118.2078,0
12/28/2020 12:00:00 AM,Southwest,VEHICLE - STOLEN,34.0164,-118.298,0
11/24/2020 12:00:00 AM,Van Nuys,BURGLARY FROM VEHICLE,34.1703,-118.467,0
09/10/2020 12:00:00 AM,77th Street,VEHICLE - STOLEN,33.9875,-118.2849,0
05/27/2020 12:00:00 AM,West Valley,BIKE - STOLEN,34.1802,-118.5291,0
12/17/2020 12:00:00 AM,Central,"ASSAULT WITH DEADLY WEAPON, AGGRAVATED ASSAULT",34.0442,-118.2482,0
07/03/2020 12:00:00 AM,Northeast,VEHICLE - STOLEN,34.1149,-118.2459,0
12/10/2020 12:00:00 AM,Hollywood,ROBBERY,34.1027,-118.3684,0
02/29/2020 12:00:00 AM,77th Street,BATTERY - SIMPLE ASSAULT,33.9892,-118.2871,0
12/22/2020 12:00:00 AM,Central,CRIMINAL THREATS - NO WEAPON DISPLAYED,34.0519,-118.2434,0
07/09/2020 12:00:00 AM,Northeast,VEHICLE - STOLEN,34.1098,-118.2367,0
03/05/2020 12:00:00 AM,Hollenbeck,BATTERY - SIMPLE ASSAULT,34.0575,-118.2093,0
06/19/2020 12:00:00 AM,Rampart,BURGLARY FROM VEHICLE,34.0839,-118.2803,0
09/25/2020 12:00:00 AM,Harbor,THEFT PLAIN - PETTY ($950 & UNDER),33.7756,-118.2634,0
04/14/2020 12:00:00 AM,Rampart,THEFT PLAIN - PETTY ($950 & UNDER),34.0609,-118.2823,0
08/16/2020 12:00:00 AM,Central,ATTEMPTED ROBBERY,34.0496,-118.258,0
12/18/2020 12:00:00 AM,77th Street,"VANDALISM - FELONY ($400 & OVER, ALL CHURCH VANDALISMS)",33.9897,-118.292,0
05/06/2020 12:00:00 AM,Wilshire,VEHICLE - STOLEN,34.0675,-118.3536,0
10/10/2020 12:00:00 AM,Harbor,BATTERY - SIMPLE ASSAULT,33.786,-118.3021,0
11/22/2020 12:00:00 AM,Rampart,BATTERY - SIMPLE ASSAULT,34.0399,-118.2841,0
12/02/2020 12:00:00 AM,Central,VEHICLE - STOLEN,34.0381,-118.2401,0
02/07/2020 12:00:00 AM,West Valley,THEFT FROM MOTOR VEHICLE - GRAND ($950.01 AND OVER),34.1954,-118.5577,0
05/23/2020 12:00:00 AM,Wilshire,BURGLARY,34.0495,-118.3215,0
04/20/2020 12:00:00 AM,Newton,"THEFT-GRAND ($950.01 & OVER)EXCPT,GUNS,FOWL,LIVESTK,PROD",33.9956,-118.274,0
12/15/2020 12:00:00 AM,Northeast,BURGLARY,34.1016,-118.2666,0
11/20/2020 12:00:00 AM,Northeast,BATTERY - SIMPLE ASSAULT,34.1063,-118.1995,0
12/09/2020 12:00:00 AM,Harbor,"VANDALISM - FELONY ($400 & OVER, ALL CHURCH VANDALISMS)",33.7902,-118.2468,0
03/23/2020 12:00:00 AM,Hollywood,BATTERY - SIMPLE ASSAULT,34.0864,-118.3091,0
02/22/2020 12:00:00 AM,West Valley,INTIMATE PARTNER - SIMPLE ASSAULT,34.1866,-118.5535,0
04/05/2020 12:00:00 AM,West LA,BURGLARY,34.0405,-118.5624,0
12/26/2020 12:00:00 AM,Van Nuys,TRESPASSING,34.2012,-118.4404,0
07/20/2020 12:00:00 AM,Hollenbeck,VANDALISM - MISDEAMEANOR ($399 OR UNDER),34.0462,-118.2153,0
07/26/2020 12:00:00 AM,Wilshire,VANDALISM - MISDEAMEANOR ($399 OR UNDER),34.0464,-118.3617,0
12/03/2020 12:00:00 AM,Central,THEFT PLAIN - PETTY ($950 & UNDER),34.0663,-118.2442,0
12/24/2020 12:00:00 AM,Northeast,TRESPASSING,34.0976,-118.2316,0
08/13/2020 12:00:00 AM,Hollywood,INTIMATE PARTNER - SIMPLE ASSAULT,34.0895,-118.3136,0
08/23/2020 12:00:00 AM,Van Nuys,"ASSAULT WITH DEADLY WEAPON, AGGRAVATED ASSAULT",34.2022,-118.4656,0
07/31/2020 12:00:00 AM,77th Street,BURGLARY,33.9818,-118.3177,0
03/28/2020 12:00:00 AM,Hollywood,VEHICLE - STOLEN,34.1146,-118.3607,0
03/04/2020 12:00:00 AM,West Valley,VEHICLE - STOLEN,34.1902,-118.5448,0
08/23/2020 12:00:00 AM,Wilshire,BRANDISH WEAPON,34.051,-118.3538,0
07/04/2020 12:00:00 AM,77th Street,ROBBERY,33.9923,-118.287,0
07/22/2020 12:00:00 AM,West LA,CHILD ABUSE (PHYSICAL) - SIMPLE ASSAULT,34.0964,-118.4302,0
01/17/2020 12:00:00 AM,Wilshire,THEFT FROM MOTOR VEHICLE - GRAND ($950.01 AND OVER),34.0437,-118.3342,0
07/19/2020 12:00:00 AM,Wilshire,CRIMINAL THREATS - NO WEAPON DISPLAYED,34.0385,-118.3189,0
04/15/2020 12:00:00 AM,Southwest,INTIMATE PARTNER - SIMPLE ASSAULT,34.0156,-118.3466,0
04/09/2020 12:00:00 AM,77th Street,THEFT PLAIN - PETTY ($950 & UNDER),33.9737,-118.2827,0
03/16/2020 12:00:00 AM,Hollenbeck,"ASSAULT WITH DEADLY WEAPON, AGGRAVATED ASSAULT",34.0409,-118.2033,0
07/12/2020 12:00:00 AM,Harbor,INTIMATE PARTNER - SIMPLE ASSAULT,33.7978,-118.3048,0
07/22/2020 12:00:00 AM,Wilshire,THEFT PLAIN - PETTY ($950 & UNDER),34.0496,-118.3747,0
10/18/2020 12:00:00 AM,West Valley,THEFT FROM MOTOR VEHICLE - PETTY ($950 & UNDER),34.1722,-118.5088,0
03/14/2020 12:00:00 AM,Hollywood,BATTERY - SIMPLE ASSAULT,34.0981,-118.3092,0
05/26/2020 12:00:00 AM,Van Nuys,BIKE - STOLEN,34.1903,-118.4574,0
08/27/2020 12:00:00 AM,77th Street,SEX OFFENDER REGISTRANT OUT OF COMPLIANCE,33.9703,-118.2783,0
11/27/2020 12:00:00 AM,Central,BATTERY - SIMPLE ASSAULT,34.036,-118.268,0
05/14/2020 12:00:00 AM,Hollywood,VIOLATION OF RESTRAINING ORDER,34.0944,-118.3495,0
02/01/2020 12:00:00 AM,West Valley,VEHICLE - STOLEN,34.212,-118.5579,0
08/21/2020 12:00:00 AM,Harbor,"RAPE, FORCIBLE",33.746,-118.2923,0
09/18/2020 12:00:00 AM,Van Nuys,VEHICLE - STOLEN,34.2094,-118.452,0
11/26/2020 12:00:00 AM,Rampart,"ASSAULT WITH DEADLY WEAPON, AGGRAVATED ASSAULT",34.055,-118.2735,0
04/17/2020 12:00:00 AM,Rampart,VEHICLE - STOLEN,34.0677,-118.2731,0
01/24/2020 12:00:00 AM,Northeast,INTIMATE PARTNER - AGGRAVATED ASSAULT,34.1118,-118.1944,0
09/10/2020 12:00:00 AM,Southwest,BURGLARY FROM VEHICLE,34.0255,-118.3549,0
01/12/2020 12:00:00 AM,Hollenbeck,INTIMATE PARTNER - SIMPLE ASSAULT,34.0676,-118.2202,0
03/23/2020 12:00:00 AM,Central,THEFT PLAIN - PETTY ($950 & UNDER),34.0364,-118.2603,0
02/11/2020 12:00:00 AM,77th Street,DISCHARGE FIREARMS/SHOTS FIRED,33.9651,-118.2754,0
11/27/2020 12:00:00 AM,Rampart,"VANDALISM - FELONY ($400 & OVER, ALL CHURCH VANDALISMS)",34.055,-118.2735,0
01/02/2020 12:00:00 AM,Central,SHOPLIFTING - PETTY THEFT ($950 & UNDER),34.0487,-118.2588,0
06/01/2020 12:00:00 AM,Van Nuys,BURGLARY,34.2048,-118.4531,0
06/08/2020 12:00:00 AM,Southwest,"ASSAULT WITH DEADLY WEAPON, AGGRAVATED ASSAULT",34.0278,-118.3378,0
02/08/2020 12:00:00 AM,Southwest,"THEFT-GRAND ($950.01 & OVER)EXCPT,GUNS,FOWL,LIVESTK,PROD",34.0268,-118.2808,0
11/10/2020 12:00:00 AM,Southwest,BURGLARY FROM VEHICLE,34.0309,-118.2991,0
01/05/2020 12:00:00 AM,Van Nuys,BATTERY - SIMPLE ASSAULT,34.1513,-118.4509,0
04/23/2020 12:00:00 AM,Harbor,BRANDISH WEAPON,33.7106,-118.2879,0
08/16/2020 12:00:00 AM,Van Nuys,"VANDALISM - FELONY ($400 & OVER, ALL CHURCH VANDALISMS)",34.1985,-118.4471,0
12/05/2020 12:00:00 AM,77th Street,"ASSAULT WITH DEADLY WEAPON, AGGRAVATED ASSAULT",33.9659,-118.2783,0
10/18/2020 12:00:00 AM,Harbor,INTIMATE PARTNER - SIMPLE ASSAULT,33.8201,-118.3015,0
06/08/2020 12:00:00 AM,Harbor,"BUNCO, GRAND THEFT",33.7973,-118.2908,0
09/17/2020 12:00:00 AM,West Valley,VEHICLE - STOLEN,34.168,-118.543,0
01/30/2020 12:00:00 AM,77th Street,VEHICLE - STOLEN,33.9785,-118.2918,0
01/15/2020 12:00:00 AM,Northeast,BURGLARY FROM VEHICLE,34.1158,-118.182,0
01/04/2020 12:00:00 AM,Newton,ROBBERY,33.9788,-118.2739,0
05/11/2020 12:00:00 AM,West Valley,THEFT PLAIN - PETTY ($950 & UNDER),34.166,-118.5095,0
08/07/2020 12:00:00 AM,Central,BURGLARY FROM VEHICLE,34.0369,-118.2583,0
07/18/2020 12:00:00 AM,West LA,SHOPLIFTING-GRAND THEFT ($950.01 & OVER),34.0473,-118.4768,0
02/09/2020 12:00:00 AM,Newton,VEHICLE - STOLEN,34.0201,-118.2717,0
03/02/2020 12:00:00 AM,West Valley,BATTERY - SIMPLE ASSAULT,34.1905,-118.4749,0
11/17/2020 12:00:00 AM,Rampart,CHILD ABUSE (PHYSICAL) - SIMPLE ASSAULT,34.0566,-118.2681,0
05/28/2020 12:00:00 AM,Northeast,THEFT PLAIN - PETTY ($950 & UNDER),34.1218,-118.2252,0
04/30/2020 12:00:00 AM,77th Street,THEFT PLAIN - PETTY ($950 & UNDER),33.9655,-118.2871,0
01/23/2020 12:00:00 AM,Hollenbeck,THEFT PLAIN - PETTY ($950 & UNDER),34.0302,-118.2006,0
04/07/2020 12:00:00 AM,Harbor,"THEFT-GRAND ($950.01 & OVER)EXCPT,GUNS,FOWL,LIVESTK,PROD",33.7556,-118.2922,0
09/15/2020 12:00:00 AM,Van Nuys,THEFT FROM MOTOR VEHICLE - PETTY ($950 & UNDER),34.2011,-118.4662,0
12/11/2020 12:00:00 AM,West LA,DOCUMENT FORGERY / STOLEN FELONY,34.0472,-118.4333,0
02/22/2020 12:00:00 AM,West LA,"VANDALISM - FELONY ($400 & OVER, ALL CHURCH VANDALISMS)",34.0497,-118.4448,0
01/18/2020 12:00:00 AM,West LA,"BURGLARY, ATTEMPTED",34.0317,-118.4423,0
02/26/2020 12:00:00 AM,Hollywood,VANDALISM - MISDEAMEANOR ($399 OR UNDER),34.095,-118.307,0
03/20/2020 12:00:00 AM,Newton,INTIMATE PARTNER - SIMPLE ASSAULT,33.9906,-118.2761,0
01/28/2020 12:00:00 AM,Van Nuys,BATTERY - SIMPLE ASSAULT,34.1922,-118.4236,0
07/30/2020 12:00:00 AM,Wilshire,BURGLARY,34.079,-118.3295,0
08/08/2020 12:00:00 AM,Van Nuys,SHOPLIFTING - PETTY THEFT ($950 & UNDER),34.2131,-118.4584,0
12/20/2020 12:00:00 AM,77th Street,"ASSAULT WITH DEADLY WEAPON, AGGRAVATED ASSAULT",33.9601,-118.2783,0
08/05/2020 12:00:00 AM,Southwest,BATTERY - SIMPLE ASSAULT,34.0127,-118.3525,0
07/28/2020 12:00:00 AM,Van Nuys,BURGLARY,34.1857,-118.4494,0
05/13/2020 12:00:00 AM,Southwest,BURGLARY,34.0191,-118.3507,0
07/10/2020 12:00:00 AM,Southwest,"ASSAULT WITH DEADLY WEAPON, AGGRAVATED ASSAULT",34.0074,-118.329,0
02/07/2020 12:00:00 AM,Northeast,VEHICLE - STOLEN,34.1,-118.2463,0
09/27/2020 12:00:00 AM,77th Street,"ASSAULT WITH DEADLY WEAPON, AGGRAVATED ASSAULT",33.9988,-118.2827,0
10/07/2020 12:00:00 AM,Wilshire,BATTERY - SIMPLE ASSAULT,34.0482,-118.3515,0
05/10/2020 12:00:00 AM,Van Nuys,THEFT FROM MOTOR VEHICLE - PETTY ($950 & UNDER),34.1466,-118.4225,0
04/19/2020 12:00:00 AM,Hollywood,VEHICLE - STOLEN,34.0853,-118.3244,0
12/08/2020 12:00:00 AM,West Valley,SHOPLIFTING - PETTY THEFT ($950 & UNDER),34.1573,-118.4901,0
07/31/2020 12:00:00 AM,Wilshire,VEHICLE - STOLEN,34.0715,-118.3679,0
04/19/2020 12:00:00 AM,Harbor,BATTERY - SIMPLE ASSAULT,33.7866,-118.3044,0
11/03/2020 12:00:00 AM,77th Street,INTIMATE PARTNER - AGGRAVATED ASSAULT,33.9754,-118.3095,0
02/18/2020 12:00:00 AM,Rampart,CHILD ABUSE (PHYSICAL) - SIMPLE ASSAULT,34.0444,-118.2809,0
06/29/2020 12:00:00 AM,Van Nuys,BURGLARY,34.1993,-118.4662,0
07/12/2020 12:00:00 AM,Hollywood,VEHICLE - STOLEN,34.0885,-118.3012,0
08/29/2020 12:00:00 AM,77th Street,VEHICLE - STOLEN,33.9674,-118.263,0
08/22/2020 12:00:00 AM,77th Street,VEHICLE - ATTEMPT STOLEN,34.0037,-118.3117,0
12/11/2020 12:00:00 AM,Hollenbeck,VEHICLE - STOLEN,34.0641,-118.1747,0
08/11/2020 12:00:00 AM,Northeast,BATTERY - SIMPLE ASSAULT,34.1428,-118.2281,0
09/13/2020 12:00:00 AM,77th Street,INTIMATE PARTNER - SIMPLE ASSAULT,33.9792,-118.2893,0
03/11/2020 12:00:00 AM,Van Nuys,VANDALISM - MISDEAMEANOR ($399 OR UNDER),34.1847,-118.4444,0
07/02/2020 12:00:00 AM,Hollenbeck,"ASSAULT WITH DEADLY WEAPON, AGGRAVATED ASSAULT",34.0506,-118.2124,0
03/31/2020 12:00:00 AM,Harbor,VEHICLE - STOLEN,33.7948,-118.2694,0
11/16/2020 12:00:00 AM,Central,BURGLARY,34.0481,-118.2507,0
11/02/2020 12:00:00 AM,Wilshire,BATTERY - SIMPLE ASSAULT,34.0431,-118.3482,0
01/08/2020 12:00:00 AM,Rampart,THEFT FROM MOTOR VEHICLE - GRAND ($950.01 AND OVER),34.0643,-118.2598,0
01/28/2020 12:00:00 AM,Wilshire,BATTERY - SIMPLE ASSAULT,34.0501,-118.3442,0
01/06/2020 12:00:00 AM,Wilshire,BATTERY - SIMPLE ASSAULT,34.0623,-118.344,0
03/30/2020 12:00:00 AM,Hollywood,VEHICLE - STOLEN,34.1018,-118.3071,0
02/29/2020 12:00:00 AM,77th Street,VEHICLE - STOLEN,33.9629,-118.2608,0
01/09/2020 12:00:00 AM,77th Street,VEHICLE - STOLEN,33.985,-118.2937,0
02/28/2020 12:00:00 AM,77th Street,"ASSAULT WITH DEADLY WEAPON, AGGRAVATED ASSAULT",33.9842,-118.2915,0
10/28/2020 12:00:00 AM,Hollenbeck,VANDALISM - MISDEAMEANOR ($399 OR UNDER),34.0445,-118.2116,0
11/09/2020 12:00:00 AM,Hollywood,VEHICLE - STOLEN,34.0944,-118.3539,0
10/16/2020 12:00:00 AM,Harbor,VEHICLE - ATTEMPT STOLEN,33.7188,-118.2898,0
01/30/2020 12:00:00 AM,Southwest,BURGLARY,34.0163,-118.3536,0
01/30/2020 12:00:00 AM,77th Street,"THEFT, PERSON",33.9746,-118.3003,0
10/14/2020 12:00:00 AM,Van Nuys,OTHER MISCELLANEOUS CRIME,34.2012,-118.4725,0
05/30/2020 12:00:00 AM,Wilshire,BURGLARY,34.0836,-118.3511,0
10/28/2020 12:00:00 AM,West LA,"BURGLARY, ATTEMPTED",34.0453,-118.3901,0
07/25/2020 12:00:00 AM,Southwest,ROBBERY,34.0155,-118.2978,0
10/20/2020 12:00:00 AM,Harbor,INTIMATE PARTNER - SIMPLE ASSAULT,33.7457,-118.3021,0
09/12/2020 12:00:00 AM,Central,"ASSAULT WITH DEADLY WEAPON, AGGRAVATED ASSAULT",34.0421,-118.2469,0
08/08/2020 12:00:00 AM,Harbor,THEFT FROM MOTOR VEHICLE - GRAND ($950.01 AND OVER),33.7948,-118.2694,0
05/02/2020 12:00:00 AM,Van Nuys,BATTERY - SIMPLE ASSAULT,34.154,-118.4225,0
05/14/2020 12:00:00 AM,Wilshire,BRANDISH WEAPON,34.0663,-118.3537,0
12/16/2020 12:00:00 AM,Hollywood,"LETTERS, LEWD  -  TELEPHONE CALLS, LEWD",34.0929,-118.3048,0
02/11/2020 12:00:00 AM,Harbor,VIOLATION OF COURT ORDER,33.7225,-118.3012,0
04/12/2020 12:00:00 AM,West LA,THEFT FROM MOTOR VEHICLE - PETTY ($950 & UNDER),34.0575,-118.4406,0
06/19/2020 12:00:00 AM,77th Street,CRIMINAL THREATS - NO WEAPON DISPLAYED,33.9703,-118.2783,0
11/06/2020 12:00:00 AM,Southwest,ROBBERY,34.0228,-118.3089,0
05/28/2020 12:00:00 AM,West LA,THEFT OF IDENTITY,34.0538,-118.4184,0
10/10/2020 12:00:00 AM,Rampart,BATTERY - SIMPLE ASSAULT,34.0746,-118.2707,0
02/20/2020 12:00:00 AM,Hollenbeck,VEHICLE - STOLEN,34.0388,-118.2008,0
10/05/2020 12:00:00 AM,Southwest,BURGLARY FROM VEHICLE,34.0158,-118.3524,0
06/07/2020 12:00:00 AM,Southwest,INTIMATE PARTNER - SIMPLE ASSAULT,34.0121,-118.3023,0
08/01/2020 12:00:00 AM,Southwest,"BUNCO, GRAND THEFT",34.0318,-118.3514,0
03/10/2020 12:00:00 AM,Rampart,"ASSAULT WITH DEADLY WEAPON, AGGRAVATED ASSAULT",34.0909,-118.2893,0
02/13/2020 12:00:00 AM,Central,BRANDISH WEAPON,34.0416,-118.2398,0
06/16/2020 12:00:00 AM,West LA,INTIMATE PARTNER - SIMPLE ASSAULT,34.0356,-118.385,0
08/12/2020 12:00:00 AM,Van Nuys,VIOLATION OF RESTRAINING ORDER,34.1776,-118.4313,0
07/26/2020 12:00:00 AM,Central,BATTERY - SIMPLE ASSAULT,34.0412,-118.2474,0
01/20/2020 12:00:00 AM,Newton,THEFT PLAIN - PETTY ($950 & UNDER),34.0296,-118.2614,0
05/10/2020 12:00:00 AM,Rampart,BURGLARY,34.0535,-118.2609,0
05/05/2020 12:00:00 AM,Wilshire,THEFT PLAIN - PETTY ($950 & UNDER),34.0501,-118.3442,0
01/25/2020 12:00:00 AM,West LA,VIOLATION OF COURT ORDER,34.0419,-118.4603,0
12/04/2020 12:00:00 AM,Van Nuys,VEHICLE - STOLEN,34.153,-118.4383,0
11/01/2020 12:00:00 AM,Harbor,VANDALISM - MISDEAMEANOR ($399 OR UNDER),33.785,-118.287,0
03/29/2020 12:00:00 AM,77th Street,ROBBERY,33.9747,-118.2761,0
11/22/2020 12:00:00 AM,Harbor,VANDALISM - MISDEAMEANOR ($399 OR UNDER),33.785,-118.2554,0
06/16/2020 12:00:00 AM,West Valley,THEFT FROM MOTOR VEHICLE - PETTY ($950 & UNDER),34.2021,-118.5317,0
03/12/2020 12:00:00 AM,Central,BIKE - STOLEN,34.0416,-118.262,0
01/27/2020 12:00:00 AM,Northeast,"ASSAULT WITH DEADLY WEAPON, AGGRAVATED ASSAULT",34.1167,-118.2527,0
03/11/2020 12:00:00 AM,Harbor,INTIMATE PARTNER - AGGRAVATED ASSAULT,33.7484,-118.2948,0
02/12/2020 12:00:00 AM,Southwest,CRIMINAL THREATS - NO WEAPON DISPLAYED,34.0067,-118.3515,0
11/03/2020 12:00:00 AM,77th Street,VEHICLE - STOLEN,33.9994,-118.3108,0
01/20/2020 12:00:00 AM,Southwest,SHOPLIFTING - PETTY THEFT ($950 & UNDER),34.0328,-118.2915,0
07/05/2020 12:00:00 AM,Southwest,THEFT PLAIN - PETTY ($950 & UNDER),34.023,-118.351,0
03/07/2020 12:00:00 AM,77th Street,BURGLARY,33.9728,-118.3155,0
02/10/2020 12:00:00 AM,Hollywood,BURGLARY,34.0926,-118.3352,0
02/19/2020 12:00:00 AM,Rampart,BATTERY - SIMPLE ASSAULT,34.0464,-118.2708,0
02/04/2020 12:00:00 AM,Central,THEFT PLAIN - PETTY ($950 & UNDER),34.0499,-118.2614,0
04/01/2020 12:00:00 AM,West LA,VEHICLE - STOLEN,34.0433,-118.4629,0
03/05/2020 12:00:00 AM,Northeast,BURGLARY,34.0929,-118.2098,0
07/28/2020 12:00:00 AM,Central,BURGLARY FROM VEHICLE,34.0473,-118.2425,0
02/12/2020 12:00:00 AM,Northeast,DOCUMENT FORGERY / STOLEN FELONY,34.0966,-118.2426,0
05/10/2020 12:00:00 AM,Van Nuys,INTIMATE PARTNER - SIMPLE ASSAULT,34.181,-118.4487,0
06/21/2020 12:00:00 AM,Harbor,"ASSAULT WITH DEADLY WEAPON, AGGRAVATED ASSAULT",33.7611,-118.2955,0
08/13/2020 12:00:00 AM,Rampart,"ASSAULT WITH DEADLY WEAPON, AGGRAVATED ASSAULT",34.0593,-118.275,0
01/06/2020 12:00:00 AM,Northeast,VIOLATION OF RESTRAINING ORDER,34.1289,-118.2684,0
01/14/2020 12:00:00 AM,Northeast,VEHICLE - STOLEN,34.0909,-118.295,0
11/06/2020 12:00:00 AM,Southwest,"VANDALISM - FELONY ($400 & OVER, ALL CHURCH VANDALISMS)",34.0164,-118.298,0
07/06/2020 12:00:00 AM,Central,VEHICLE - STOLEN,34.0583,-118.2378,0
05/05/2020 12:00:00 AM,Hollenbeck,INTIMATE PARTNER - SIMPLE ASSAULT,34.0473,-118.1999,0
05/09/2020 12:00:00 AM,Rampart,VEHICLE - STOLEN,34.0399,-118.2755,0
08/10/2020 12:00:00 AM,77th Street,"VANDALISM - FELONY ($400 & OVER, ALL CHURCH VANDALISMS)",33.9746,-118.3151,0
04/27/2020 12:00:00 AM,77th Street,VEHICLE - STOLEN,33.998,-118.3113,0
06/12/2020 12:00:00 AM,Southwest,BIKE - STOLEN,34.0263,-118.2808,0
04/02/2020 12:00:00 AM,Southwest,THEFT PLAIN - PETTY ($950 & UNDER),34.0326,-118.3405,0
02/25/2020 12:00:00 AM,West LA,BATTERY - SIMPLE ASSAULT,34.0385,-118.4617,0
06/19/2020 12:00:00 AM,Southwest,VIOLATION OF RESTRAINING ORDER,34.0271,-118.2991,0
10/14/2020 12:00:00 AM,Rampart,THEFT OF IDENTITY,34.0648,-118.2583,0
08/24/2020 12:00:00 AM,Central,BURGLARY FROM VEHICLE,34.0433,-118.2377,0
08/03/2020 12:00:00 AM,Central,BRANDISH WEAPON,34.0367,-118.2675,0
07/14/2020 12:00:00 AM,Southwest,VANDALISM - MISDEAMEANOR ($399 OR UNDER),34.01,-118.29,0
10/26/2020 12:00:00 AM,West LA,BURGLARY FROM VEHICLE,34.0458,-118.5197,0
08/25/2020 12:00:00 AM,Van Nuys,INTIMATE PARTNER - AGGRAVATED ASSAULT,34.1907,-118.4479,0
01/07/2020 12:00:00 AM,Northeast,THEFT OF IDENTITY,34.1313,-118.1956,0
07/31/2020 12:00:00 AM,Hollywood,VANDALISM - MISDEAMEANOR ($399 OR UNDER),34.1001,-118.3136,0
12/01/2020 12:00:00 AM,Wilshire,OTHER MISCELLANEOUS CRIME,34.0368,-118.3513,0
02/25/2020 12:00:00 AM,Hollywood,THEFT FROM MOTOR VEHICLE - GRAND ($950.01 AND OVER),34.1053,-118.3213,0
07/28/2020 12:00:00 AM,Wilshire,INTIMATE PARTNER - SIMPLE ASSAULT,34.0478,-118.3459,0
02/29/2020 12:00:00 AM,Southwest,"ASSAULT WITH DEADLY WEAPON, AGGRAVATED ASSAULT",34.0116,-118.3412,0
02/06/2020 12:00:00 AM,West LA,BURGLARY,34.0554,-118.4266,0
02/17/2020 12:00:00 AM,Rampart,BATTERY - SIMPLE ASSAULT,34.0435,-118.2789,0
12/15/2020 12:00:00 AM,Hollywood,BURGLARY,34.1038,-118.3151,0
06/10/2020 12:00:00 AM,Rampart,BURGLARY,34.0583,-118.2616,0
03/05/2020 12:00:00 AM,West Valley,"VANDALISM - FELONY ($400 & OVER, ALL CHURCH VANDALISMS)",34.1715,-118.5141,0
01/24/2020 12:00:00 AM,Hollenbeck,VEHICLE - STOLEN,34.0732,-118.1642,0
03/12/2020 12:00:00 AM,Newton,INTIMATE PARTNER - SIMPLE ASSAULT,33.9756,-118.2803,0
02/26/2020 12:00:00 AM,Newton,CRIMINAL THREATS - NO WEAPON DISPLAYED,34.0289,-118.2686,0
10/08/2020 12:00:00 AM,Hollywood,VANDALISM - MISDEAMEANOR ($399 OR UNDER),34.0853,-118.3277,0
02/13/2020 12:00:00 AM,77th Street,VIOLATION OF RESTRAINING ORDER,33.9875,-118.3046,0
08/14/2020 12:00:00 AM,Northeast,INTIMATE PARTNER - SIMPLE ASSAULT,34.0953,-118.2313,0
10/04/2020 12:00:00 AM,Harbor,THEFT PLAIN - PETTY ($950 & UNDER),33.8016,-118.3042,0
01/16/2020 12:00:00 AM,77th Street,VEHICLE - STOLEN,33.9696,-118.2739,0
09/25/2020 12:00:00 AM,Central,BRANDISH WEAPON,34.0496,-118.2476,0
06/18/2020 12:00:00 AM,West LA,THEFT PLAIN - PETTY ($950 & UNDER),34.0519,-118.4388,0
06/10/2020 12:00:00 AM,Harbor,INTIMATE PARTNER - SIMPLE ASSAULT,33.7928,-118.296,0
04/19/2020 12:00:00 AM,West LA,"ASSAULT WITH DEADLY WEAPON, AGGRAVATED ASSAULT",34.0416,-118.3836,0
10/10/2020 12:00:00 AM,Hollenbeck,BURGLARY,34.0432,-118.2085,0
05/19/2020 12:00:00 AM,Harbor,INTIMATE PARTNER - SIMPLE ASSAULT,33.7857,-118.2575,0
01/31/2020 12:00:00 AM,Southwest,INTIMATE PARTNER - AGGRAVATED ASSAULT,34.0333,-118.3469,0
10/16/2020 12:00:00 AM,Southwest,INTIMATE PARTNER - SIMPLE ASSAULT,34.0222,-118.3227,0
09/03/2020 12:00:00 AM,77th Street,INTIMATE PARTNER - SIMPLE ASSAULT,33.9741,-118.3068,0
06/12/2020 12:00:00 AM,77th Street,ROBBERY,33.9638,-118.2564,0
01/05/2020 12:00:00 AM,Harbor,BRANDISH WEAPON,33.7757,-118.2608,0
04/09/2020 12:00:00 AM,Hollywood,BRANDISH WEAPON,34.1038,-118.3151,0
07/28/2020 12:00:00 AM,Central,INTIMATE PARTNER - SIMPLE ASSAULT,34.062,-118.2425,0
03/02/2020 12:00:00 AM,Hollywood,VANDALISM - MISDEAMEANOR ($399 OR UNDER),34.0949,-118.3104,0
09/12/2020 12:00:00 AM,77th Street,"VANDALISM - FELONY ($400 & OVER, ALL CHURCH VANDALISMS)",33.9664,-118.3046,0
09/01/2020 12:00:00 AM,Southwest,THEFT PLAIN - PETTY ($950 & UNDER),34.0132,-118.3424,0
06/17/2020 12:00:00 AM,77th Street,ATTEMPTED ROBBERY,33.9978,-118.2915,0
02/18/2020 12:00:00 AM,West Valley,"BUNCO, PETTY THEFT",34.1994,-118.4837,0
05/23/2020 12:00:00 AM,Hollenbeck,THEFT PLAIN - PETTY ($950 & UNDER),34.1021,-118.1889,0
03/06/2020 12:00:00 AM,Hollywood,"VANDALISM - FELONY ($400 & OVER, ALL CHURCH VANDALISMS)",34.0981,-118.3136,0
12/15/2020 12:00:00 AM,West LA,THEFT FROM MOTOR VEHICLE - GRAND ($950.01 AND OVER),34.0451,-118.453,0
09/05/2020 12:00:00 AM,Northeast,VEHICLE - STOLEN,34.1137,-118.2353,0
03/12/2020 12:00:00 AM,Hollenbeck,"VANDALISM - FELONY ($400 & OVER, ALL CHURCH VANDALISMS)",34.066,-118.2154,0
01/09/2020 12:00:00 AM,Harbor,VEHICLE - STOLEN,33.7769,-118.2661,0
04/07/2020 12:00:00 AM,Newton,"THEFT-GRAND ($950.01 & OVER)EXCPT,GUNS,FOWL,LIVESTK,PROD",34.0102,-118.2686,0
10/18/2020 12:00:00 AM,Van Nuys,"THEFT-GRAND ($950.01 & OVER)EXCPT,GUNS,FOWL,LIVESTK,PROD",34.1876,-118.4422,0
08/08/2020 12:00:00 AM,Hollywood,SHOPLIFTING - PETTY THEFT ($950 & UNDER),34.098,-118.342,0
06/02/2020 12:00:00 AM,Wilshire,BURGLARY,34.0476,-118.3245,0
02/22/2020 12:00:00 AM,West LA,VIOLATION OF RESTRAINING ORDER,34.0591,-118.4426,0
12/08/2020 12:00:00 AM,Van Nuys,BURGLARY FROM VEHICLE,34.1939,-118.4729,0
09/25/2020 12:00:00 AM,Wilshire,BURGLARY,34.0478,-118.3686,0
07/27/2020 12:00:00 AM,West Valley,VEHICLE - STOLEN,34.1992,-118.5386,0
11/18/2020 12:00:00 AM,Rampart,BURGLARY FROM VEHICLE,34.0868,-118.28,0
02/16/2020 12:00:00 AM,Hollywood,INTIMATE PARTNER - SIMPLE ASSAULT,34.0981,-118.32,0
09/25/2020 12:00:00 AM,Harbor,BRANDISH WEAPON,33.7279,-118.2968,0
10/12/2020 12:00:00 AM,Wilshire,"VANDALISM - FELONY ($400 & OVER, ALL CHURCH VANDALISMS)",34.087,-118.3764,0
08/02/2020 12:00:00 AM,West Valley,"ASSAULT WITH DEADLY WEAPON, AGGRAVATED ASSAULT",34.2179,-118.4868,0
09/09/2020 12:00:00 AM,77th Street,INTIMATE PARTNER - SIMPLE ASSAULT,33.9717,-118.2846,0
04/07/2020 12:00:00 AM,77th Street,CHILD STEALING,33.9832,-118.3003,0
06/29/2020 12:00:00 AM,Wilshire,OTHER ASSAULT,34.0623,-118.3494,0
01/21/2020 12:00:00 AM,Harbor,INTIMATE PARTNER - SIMPLE ASSAULT,33.7415,-118.2857,0
04/15/2020 12:00:00 AM,77th Street,"THEFT-GRAND ($950.01 & OVER)EXCPT,GUNS,FOWL,LIVESTK,PROD",33.9622,-118.285,0
12/03/2020 12:00:00 AM,Harbor,BURGLARY,33.798,-118.2604,0
08/02/2020 12:00:00 AM,Southwest,INDECENT EXPOSURE,34.0327,-118.3136,0
03/07/2020 12:00:00 AM,Rampart,VIOLATION OF RESTRAINING ORDER,34.044,-118.28,0
09/07/2020 12:00:00 AM,Rampart,ROBBERY,34.053,-118.2649,0
03/11/2020 12:00:00 AM,Wilshire,"EMBEZZLEMENT, GRAND THEFT ($950.01 & OVER)",34.0534,-118.3436,0
04/17/2020 12:00:00 AM,Northeast,VEHICLE - STOLEN,34.0865,-118.2694,0
09/02/2020 12:00:00 AM,Wilshire,"THEFT, PERSON",34.0734,-118.3765,0
09/20/2020 12:00:00 AM,Northeast,THEFT OF IDENTITY,34.1164,-118.2332,0
09/23/2020 12:00:00 AM,Hollenbeck,THEFT FROM MOTOR VEHICLE - GRAND ($950.01 AND OVER),34.0806,-118.2192,0
03/11/2020 12:00:00 AM,77th Street,TRESPASSING,33.9709,-118.309,0
11/14/2020 12:00:00 AM,77th Street,ATTEMPTED ROBBERY,33.9727,-118.2739,0
01/24/2020 12:00:00 AM,Wilshire,BURGLARY,34.0586,-118.3636,0
03/20/2020 12:00:00 AM,77th Street,INTIMATE PARTNER - SIMPLE ASSAULT,33.9818,-118.3279,0
12/24/2020 12:00:00 AM,West Valley,VEHICLE - STOLEN,34.1903,-118.4836,0
01/04/2020 12:00:00 AM,Central,BURGLARY FROM VEHICLE,34.0446,-118.249,0
12/02/2020 12:00:00 AM,West LA,"BUNCO, GRAND THEFT",34.0454,-118.456,0
01/19/2020 12:00:00 AM,Newton,"VANDALISM - FELONY ($400 & OVER, ALL CHURCH VANDALISMS)",34.0275,-118.2386,0
07/12/2020 12:00:00 AM,77th Street,OTHER MISCELLANEOUS CRIME,33.9707,-118.2916,0
01/10/2020 12:00:00 AM,Hollywood,INTIMATE PARTNER - SIMPLE ASSAULT,34.1005,-118.3205,0
09/29/2020 12:00:00 AM,West LA,VEHICLE - STOLEN,34.0505,-118.4362,0
08/14/2020 12:00:00 AM,Southwest,"VANDALISM - FELONY ($400 & OVER, ALL CHURCH VANDALISMS)",34.017,-118.3477,0
09/01/2020 12:00:00 AM,Southwest,"THEFT-GRAND ($950.01 & OVER)EXCPT,GUNS,FOWL,LIVESTK,PROD",34.0099,-118.3446,0
04/21/2020 12:00:00 AM,West LA,BURGLARY,34.052,-118.4667,0
04/20/2020 12:00:00 AM,West LA,THEFT FROM MOTOR VEHICLE - PETTY ($950 & UNDER),34.0348,-118.3821,0
01/03/2020 12:00:00 AM,Wilshire,BURGLARY,34.0368,-118.3556,0
10/17/2020 12:00:00 AM,Wilshire,THEFT FROM MOTOR VEHICLE - PETTY ($950 & UNDER),34.0427,-118.3423,0
09/12/2020 12:00:00 AM,77th Street,INTIMATE PARTNER - SIMPLE ASSAULT,33.9521,-118.309,0
12/01/2020 12:00:00 AM,Northeast,THEFT OF IDENTITY,34.1212,-118.2672,0
05/17/2020 12:00:00 AM,West LA,VEHICLE - STOLEN,34.0395,-118.4037,0
04/03/2020 12:00:00 AM,Newton,"ASSAULT WITH DEADLY WEAPON, AGGRAVATED ASSAULT",33.9907,-118.2608,0
02/17/2020 12:00:00 AM,Newton,"VANDALISM - FELONY ($400 & OVER, ALL CHURCH VANDALISMS)",34.0286,-118.2545,0
05/29/2020 12:00:00 AM,Central,ARSON,34.0527,-118.2398,0
09/20/2020 12:00:00 AM,Rampart,KIDNAPPING,34.0721,-118.2818,0
12/21/2020 12:00:00 AM,Central,BATTERY - SIMPLE ASSAULT,34.044,-118.2467,0
02/08/2020 12:00:00 AM,Harbor,VANDALISM - MISDEAMEANOR ($399 OR UNDER),33.786,-118.3032,0
07/20/2020 12:00:00 AM,Southwest,THEFT FROM MOTOR VEHICLE - GRAND ($950.01 AND OVER),34.0214,-118.3166,0
05/02/2020 12:00:00 AM,Southwest,FAILURE TO YIELD,34.0334,-118.3523,0
03/15/2020 12:00:00 AM,77th Street,BRANDISH WEAPON,33.9887,-118.3196,0
10/25/2020 12:00:00 AM,Central,BURGLARY FROM VEHICLE,34.0437,-118.2617,0
04/24/2020 12:00:00 AM,Rampart,THEFT PLAIN - PETTY ($950 & UNDER),34.0549,-118.2614,0
05/16/2020 12:00:00 AM,Hollenbeck,BATTERY - SIMPLE ASSAULT,34.0265,-118.2219,0
08/27/2020 12:00:00 AM,Northeast,ARSON,34.1167,-118.2353,0
05/08/2020 12:00:00 AM,Hollywood,THEFT PLAIN - PETTY ($950 & UNDER),34.098,-118.3629,0
01/14/2020 12:00:00 AM,Central,BURGLARY FROM VEHICLE,34.0511,-118.2334,0
03/04/2020 12:00:00 AM,West LA,INTIMATE PARTNER - SIMPLE ASSAULT,34.0358,-118.4119,0
08/24/2020 12:00:00 AM,Wilshire,"ASSAULT WITH DEADLY WEAPON, AGGRAVATED ASSAULT",34.0734,-118.3765,0
02/12/2020 12:00:00 AM,Hollenbeck,VEHICLE - STOLEN,34.0286,-118.2206,0
08/02/2020 12:00:00 AM,West LA,"THEFT-GRAND ($950.01 & OVER)EXCPT,GUNS,FOWL,LIVESTK,PROD",34.0425,-118.4552,0
05/04/2020 12:00:00 AM,Harbor,BATTERY - SIMPLE ASSAULT,33.7306,-118.2879,0
06/01/2020 12:00:00 AM,Harbor,BRANDISH WEAPON,33.741,-118.2838,0
09/03/2020 12:00:00 AM,Van Nuys,INTIMATE PARTNER - SIMPLE ASSAULT,34.2011,-118.4662,0
01/07/2020 12:00:00 AM,Southwest,SHOPLIFTING - PETTY THEFT ($950 & UNDER),34.0126,-118.3403,0
06/16/2020 12:00:00 AM,Harbor,"VANDALISM - FELONY ($400 & OVER, ALL CHURCH VANDALISMS)",33.7115,-118.2889,0
08/22/2020 12:00:00 AM,77th Street,VEHICLE - STOLEN,33.9933,-118.3089,0
02/10/2020 12:00:00 AM,Northeast,BURGLARY FROM VEHICLE,34.1367,-118.1881,0
06/30/2020 12:00:00 AM,Rampart,"ASSAULT WITH DEADLY WEAPON, AGGRAVATED ASSAULT",34.0877,-118.2869,0
07/15/2020 12:00:00 AM,Rampart,VANDALISM - MISDEAMEANOR ($399 OR UNDER),34.0633,-118.2575,0
02/08/2020 12:00:00 AM,Wilshire,ROBBERY,34.0634,-118.3655,0
06/29/2020 12:00:00 AM,West LA,BIKE - STOLEN,34.0509,-118.431,0
05/30/2020 12:00:00 AM,Wilshire,ASSAULT WITH DEADLY WEAPON ON POLICE OFFICER,34.0719,-118.3614,0
08/07/2020 12:00:00 AM,Rampart,"VANDALISM - FELONY ($400 & OVER, ALL CHURCH VANDALISMS)",34.0776,-118.3004,0
10/12/2020 12:00:00 AM,Southwest,BURGLARY,34.0042,-118.2938,0
07/18/2020 12:00:00 AM,Hollenbeck,BRANDISH WEAPON,34.0471,-118.2083,0
05/13/2020 12:00:00 AM,Central,BURGLARY FROM VEHICLE,34.0467,-118.252,0
11/13/2020 12:00:00 AM,West LA,CHILD NEGLECT (SEE 300 W.I.C.),34.0356,-118.4419,0
06/17/2020 12:00:00 AM,77th Street,"ASSAULT WITH DEADLY WEAPON, AGGRAVATED ASSAULT",33.9656,-118.2827,0
03/17/2020 12:00:00 AM,77th Street,BRANDISH WEAPON,33.9753,-118.3309,0
01/23/2020 12:00:00 AM,West Valley,BURGLARY FROM VEHICLE,34.1905,-118.4773,0
01/04/2020 12:00:00 AM,Harbor,BURGLARY FROM VEHICLE,33.7406,-118.2923,0
02/08/2020 12:00:00 AM,West LA,VEHICLE - STOLEN,34.0326,-118.3799,0
08/05/2020 12:00:00 AM,West Valley,THEFT FROM MOTOR VEHICLE - PETTY ($950 & UNDER),34.1902,-118.5273,0
10/14/2020 12:00:00 AM,Southwest,THEFT FROM MOTOR VEHICLE - PETTY ($950 & UNDER),34.0239,-118.3384,0
01/19/2020 12:00:00 AM,Hollywood,VIOLATION OF COURT ORDER,34.1069,-118.3283,0
01/28/2020 12:00:00 AM,Hollywood,BURGLARY FROM VEHICLE,34.1322,-118.3384,0
02/02/2020 12:00:00 AM,Harbor,INTIMATE PARTNER - AGGRAVATED ASSAULT,33.7791,-118.2782,0
02/07/2020 12:00:00 AM,Newton,VANDALISM - MISDEAMEANOR ($399 OR UNDER),34.0039,-118.2542,0
08/28/2020 12:00:00 AM,Van Nuys,THEFT FROM MOTOR VEHICLE - PETTY ($950 & UNDER),34.2131,-118.4584,0
10/09/2020 12:00:00 AM,Van Nuys,BIKE - STOLEN,34.1814,-118.4263,0
06/19/2020 12:00:00 AM,West Valley,BURGLARY,34.166,-118.5095,0
01/04/2020 12:00:00 AM,Northeast,THEFT OF IDENTITY,34.1246,-118.2613,0
07/16/2020 12:00:00 AM,Harbor,BATTERY - SIMPLE ASSAULT,33.7862,-118.2908,0
10/23/2020 12:00:00 AM,77th Street,VEHICLE - STOLEN,33.9941,-118.292,0
10/19/2020 12:00:00 AM,Hollywood,THEFT PLAIN - PETTY ($950 & UNDER),34.0926,-118.3375,0
11/08/2020 12:00:00 AM,77th Street,VEHICLE - STOLEN,33.9807,-118.3265,0
01/27/2020 12:00:00 AM,Harbor,THEFT FROM MOTOR VEHICLE - GRAND ($950.01 AND OVER),33.8374,-118.3092,0
06/09/2020 12:00:00 AM,Northeast,VANDALISM - MISDEAMEANOR ($399 OR UNDER),34.0917,-118.2741,0
05/28/2020 12:00:00 AM,Wilshire,TRESPASSING,34.0693,-118.351,0
01/18/2020 12:00:00 AM,Hollywood,THEFT PLAIN - PETTY ($950 & UNDER),34.0966,-118.3049,0
09/24/2020 12:00:00 AM,Rampart,"ASSAULT WITH DEADLY WEAPON, AGGRAVATED ASSAULT",34.053,-118.2649,0
09/23/2020 12:00:00 AM,Rampart,VEHICLE - STOLEN,34.0777,-118.2958,0
04/05/2020 12:00:00 AM,Hollenbeck,VEHICLE - STOLEN,34.0788,-118.2196,0
02/17/2020 12:00:00 AM,Southwest,ROBBERY,34.0145,-118.2937,0
10/22/2020 12:00:00 AM,Harbor,BATTERY - SIMPLE ASSAULT,33.7288,-118.2929,0
02/02/2020 12:00:00 AM,Harbor,CRIMINAL THREATS - NO WEAPON DISPLAYED,33.7433,-118.2857,0
05/08/2020 12:00:00 AM,Northeast,BURGLARY FROM VEHICLE,34.0974,-118.245,0
06/14/2020 12:00:00 AM,Rampart,VIOLATION OF COURT ORDER,34.0558,-118.2609,0
06/16/2020 12:00:00 AM,77th Street,"ASSAULT WITH DEADLY WEAPON, AGGRAVATED ASSAULT",33.9764,-118.2916,0
07/02/2020 12:00:00 AM,Rampart,VEHICLE - STOLEN,34.05,-118.2714,0
11/26/2020 12:00:00 AM,Rampart,VEHICLE - STOLEN,34.0851,-118.2881,0
05/13/2020 12:00:00 AM,Northeast,BURGLARY FROM VEHICLE,34.1257,-118.2267,0
08/04/2020 12:00:00 AM,77th Street,CONTEMPT OF COURT,33.98,-118.3226,0
09/28/2020 12:00:00 AM,Harbor,SHOPLIFTING - PETTY THEFT ($950 & UNDER),33.7792,-118.2774,0
10/13/2020 12:00:00 AM,West LA,THEFT FROM MOTOR VEHICLE - PETTY ($950 & UNDER),34.0465,-118.4683,0
10/29/2020 12:00:00 AM,West LA,THEFT OF IDENTITY,34.0706,-118.4578,0
11/19/2020 12:00:00 AM,Central,THEFT FROM MOTOR VEHICLE - GRAND ($950.01 AND OVER),34.0446,-118.249,0
07/09/2020 12:00:00 AM,Harbor,VEHICLE - STOLEN,33.7941,-118.2919,0
01/23/2020 12:00:00 AM,Van Nuys,THEFT FROM MOTOR VEHICLE - PETTY ($950 & UNDER),34.1939,-118.44,0
03/08/2020 12:00:00 AM,West Valley,BATTERY - SIMPLE ASSAULT,34.1819,-118.536,0
06/08/2020 12:00:00 AM,West Valley,VANDALISM - MISDEAMEANOR ($399 OR UNDER),34.1682,-118.5406,0
08/19/2020 12:00:00 AM,Van Nuys,ROBBERY,34.1594,-118.4487,0
05/07/2020 12:00:00 AM,Harbor,TRESPASSING,33.727,-118.2946,0
05/29/2020 12:00:00 AM,77th Street,INTIMATE PARTNER - SIMPLE ASSAULT,34.0017,-118.298,0
07/28/2020 12:00:00 AM,Central,ROBBERY,34.0492,-118.2525,0
01/30/2020 12:00:00 AM,77th Street,VEHICLE - STOLEN,34.0029,-118.2827,0
09/21/2020 12:00:00 AM,Hollenbeck,EXTORTION,34.0474,-118.1957,0
01/14/2020 12:00:00 AM,Hollywood,VANDALISM - MISDEAMEANOR ($399 OR UNDER),34.0907,-118.3416,0
12/16/2020 12:00:00 AM,Southwest,SHOPLIFTING - PETTY THEFT ($950 & UNDER),34.0194,-118.3351,0
01/07/2020 12:00:00 AM,Wilshire,INTIMATE PARTNER - SIMPLE ASSAULT,34.0364,-118.3601,0
07/11/2020 12:00:00 AM,Hollywood,INTIMATE PARTNER - SIMPLE ASSAULT,34.1032,-118.3348,0
10/26/2020 12:00:00 AM,77th Street,BURGLARY FROM VEHICLE,33.9637,-118.3047,0
07/11/2020 12:00:00 AM,Hollenbeck,"ASSAULT WITH DEADLY WEAPON, AGGRAVATED ASSAULT",34.063,-118.1843,0
04/02/2020 12:00:00 AM,Van Nuys,CRIMINAL HOMICIDE,34.1721,-118.4642,0
03/29/2020 12:00:00 AM,Harbor,INTIMATE PARTNER - SIMPLE ASSAULT,33.7321,-118.295,0
05/23/2020 12:00:00 AM,Harbor,INTIMATE PARTNER - SIMPLE ASSAULT,33.7424,-118.2813,0
10/11/2020 12:00:00 AM,77th Street,INTIMATE PARTNER - SIMPLE ASSAULT,33.9727,-118.285,0
07/04/2020 12:00:00 AM,77th Street,INTIMATE PARTNER - SIMPLE ASSAULT,33.9964,-118.3002,0
10/06/2020 12:00:00 AM,77th Street,"ASSAULT WITH DEADLY WEAPON, AGGRAVATED ASSAULT",33.9613,-118.2871,0
05/30/2020 12:00:00 AM,Wilshire,ASSAULT WITH DEADLY WEAPON ON POLICE OFFICER,34.0761,-118.3563,0
10/04/2020 12:00:00 AM,77th Street,"VANDALISM - FELONY ($400 & OVER, ALL CHURCH VANDALISMS)",33.9783,-118.2838,0
07/04/2020 12:00:00 AM,Harbor,BURGLARY,33.801,-118.3074,0
11/04/2020 12:00:00 AM,77th Street,VEHICLE - STOLEN,33.9727,-118.294,0
04/06/2020 12:00:00 AM,Central,CRIMINAL THREATS - NO WEAPON DISPLAYED,34.0388,-118.2574,0
06/26/2020 12:00:00 AM,77th Street,VEHICLE - STOLEN,33.9953,-118.2885,0
12/02/2020 12:00:00 AM,Harbor,THEFT FROM MOTOR VEHICLE - GRAND ($950.01 AND OVER),33.7351,-118.2814,0
12/25/2020 12:00:00 AM,77th Street,"ASSAULT WITH DEADLY WEAPON, AGGRAVATED ASSAULT",33.9883,-118.298,0
01/03/2020 12:00:00 AM,77th Street,ROBBERY,33.9632,-118.2813,0
11/15/2020 12:00:00 AM,West Valley,BATTERY - SIMPLE ASSAULT,34.1866,-118.5582,0
09/08/2020 12:00:00 AM,77th Street,ROBBERY,33.9921,-118.298,0
05/31/2020 12:00:00 AM,Central,"VANDALISM - FELONY ($400 & OVER, ALL CHURCH VANDALISMS)",34.0495,-118.2494,0
03/21/2020 12:00:00 AM,Southwest,"BUNCO, GRAND THEFT",34.0156,-118.3565,0
01/17/2020 12:00:00 AM,Southwest,SHOPLIFTING-GRAND THEFT ($950.01 & OVER),34.0242,-118.3722,0
11/02/2020 12:00:00 AM,Hollywood,BATTERY - SIMPLE ASSAULT,34.098,-118.3266,0
04/20/2020 12:00:00 AM,Northeast,THEFT PLAIN - PETTY ($950 & UNDER),34.0951,-118.2312,0
09/21/2020 12:00:00 AM,West Valley,VEHICLE - STOLEN,34.2202,-118.5104,0
03/10/2020 12:00:00 AM,Rampart,ROBBERY,34.0461,-118.2801,0
08/19/2020 12:00:00 AM,Hollenbeck,VANDALISM - MISDEAMEANOR ($399 OR UNDER),34.0685,-118.2009,0
05/13/2020 12:00:00 AM,Northeast,VEHICLE - STOLEN,34.1173,-118.2371,0
10/31/2020 12:00:00 AM,77th Street,"ASSAULT WITH DEADLY WEAPON, AGGRAVATED ASSAULT",33.977,-118.3046,0
04/04/2020 12:00:00 AM,77th Street,VEHICLE - STOLEN,33.9709,-118.3046,0
06/19/2020 12:00:00 AM,Hollenbeck,INTIMATE PARTNER - SIMPLE ASSAULT,34.0445,-118.2116,0
02/19/2020 12:00:00 AM,77th Street,VEHICLE - STOLEN,33.9747,-118.2695,0
12/24/2020 12:00:00 AM,77th Street,"ASSAULT WITH DEADLY WEAPON, AGGRAVATED ASSAULT",33.985,-118.2915,0
06/05/2020 12:00:00 AM,Van Nuys,THEFT FROM MOTOR VEHICLE - PETTY ($950 & UNDER),34.205,-118.4339,0
10/26/2020 12:00:00 AM,West LA,"VANDALISM - FELONY ($400 & OVER, ALL CHURCH VANDALISMS)",34.0416,-118.4391,0
02/20/2020 12:00:00 AM,West LA,BIKE - STOLEN,34.045,-118.4557,0
08/26/2020 12:00:00 AM,Central,"VANDALISM - FELONY ($400 & OVER, ALL CHURCH VANDALISMS)",34.0522,-118.2434,0
08/24/2020 12:00:00 AM,Hollywood,VEHICLE - STOLEN,34.103,-118.3402,0
12/21/2020 12:00:00 AM,Van Nuys,"THEFT-GRAND ($950.01 & OVER)EXCPT,GUNS,FOWL,LIVESTK,PROD",34.2084,-118.4599,0
12/11/2020 12:00:00 AM,77th Street,VANDALISM - MISDEAMEANOR ($399 OR UNDER),33.9755,-118.2871,0
01/21/2020 12:00:00 AM,Hollywood,"VANDALISM - FELONY ($400 & OVER, ALL CHURCH VANDALISMS)",34.1,-118.3113,0
05/04/2020 12:00:00 AM,Southwest,VEHICLE - STOLEN,34.0173,-118.2973,0
11/10/2020 12:00:00 AM,Van Nuys,THEFT FROM MOTOR VEHICLE - GRAND ($950.01 AND OVER),34.1503,-118.4249,0
02/03/2020 12:00:00 AM,Hollywood,BATTERY - SIMPLE ASSAULT,34.0998,-118.3252,0
05/14/2020 12:00:00 AM,Rampart,BURGLARY FROM VEHICLE,34.0856,-118.2868,0
09/29/2020 12:00:00 AM,Hollenbeck,INTIMATE PARTNER - SIMPLE ASSAULT,34.0214,-118.209,0
05/06/2020 12:00:00 AM,77th Street,VEHICLE - STOLEN,33.9942,-118.2842,0
10/13/2020 12:00:00 AM,Southwest,BATTERY WITH SEXUAL CONTACT,34.0264,-118.3543,0
12/03/2020 12:00:00 AM,Southwest,VEHICLE - STOLEN,34.0064,-118.3089,0
05/26/2020 12:00:00 AM,Harbor,INTIMATE PARTNER - SIMPLE ASSAULT,33.7562,-118.3065,0
01/21/2020 12:00:00 AM,Southwest,BATTERY - SIMPLE ASSAULT,34.0238,-118.3669,0
08/30/2020 12:00:00 AM,Central,"VANDALISM - FELONY ($400 & OVER, ALL CHURCH VANDALISMS)",34.0388,-118.2411,0
06/30/2020 12:00:00 AM,Northeast,THEFT FROM MOTOR VEHICLE - GRAND ($950.01 AND OVER),34.1209,-118.1743,0
02/24/2020 12:00:00 AM,Newton,"VANDALISM - FELONY ($400 & OVER, ALL CHURCH VANDALISMS)",34.0092,-118.2784,0
08/18/2020 12:00:00 AM,Wilshire,BURGLARY FROM VEHICLE,34.0375,-118.3386,0
08/19/2020 12:00:00 AM,Hollywood,VEHICLE - STOLEN,34.0944,-118.355,0
01/23/2020 12:00:00 AM,Wilshire,VANDALISM - MISDEAMEANOR ($399 OR UNDER),34.0518,-118.3513,0
06/10/2020 12:00:00 AM,77th Street,OTHER ASSAULT,33.9628,-118.2717,0
05/23/2020 12:00:00 AM,Rampart,BURGLARY,34.0794,-118.2856,0
01/28/2020 12:00:00 AM,Newton,BURGLARY FROM VEHICLE,34.0114,-118.2624,0
03/07/2020 12:00:00 AM,Harbor,VANDALISM - MISDEAMEANOR ($399 OR UNDER),33.7369,-118.2814,0
12/20/2020 12:00:00 AM,77th Street,"ASSAULT WITH DEADLY WEAPON, AGGRAVATED ASSAULT",33.9736,-118.2916,0
02/05/2020 12:00:00 AM,Northeast,"THEFT, PERSON",34.0974,-118.2367,0
02/29/2020 12:00:00 AM,Hollenbeck,CHILD ABUSE (PHYSICAL) - SIMPLE ASSAULT,34.0355,-118.2183,0
11/19/2020 12:00:00 AM,Rampart,"VANDALISM - FELONY ($400 & OVER, ALL CHURCH VANDALISMS)",34.0721,-118.2818,0
06/13/2020 12:00:00 AM,77th Street,INTIMATE PARTNER - SIMPLE ASSAULT,33.9746,-118.3134,0
02/26/2020 12:00:00 AM,West Valley,"THEFT-GRAND ($950.01 & OVER)EXCPT,GUNS,FOWL,LIVESTK,PROD",34.1745,-118.5384,0
12/14/2020 12:00:00 AM,West LA,BURGLARY FROM VEHICLE,34.0433,-118.4629,0
08/08/2020 12:00:00 AM,Van Nuys,ROBBERY,34.1985,-118.4471,0
05/22/2020 12:00:00 AM,Hollenbeck,INTIMATE PARTNER - SIMPLE ASSAULT,34.0431,-118.2196,0
04/09/2020 12:00:00 AM,77th Street,"ASSAULT WITH DEADLY WEAPON, AGGRAVATED ASSAULT",33.9674,-118.2673,0
05/25/2020 12:00:00 AM,Southwest,THEFT PLAIN - PETTY ($950 & UNDER),34.0295,-118.3305,0
01/26/2020 12:00:00 AM,Hollywood,BURGLARY FROM VEHICLE,34.0944,-118.3539,0
05/26/2020 12:00:00 AM,Northeast,"ASSAULT WITH DEADLY WEAPON, AGGRAVATED ASSAULT",34.137,-118.2036,0
08/03/2020 12:00:00 AM,Hollywood,BURGLARY FROM VEHICLE,34.0962,-118.3266,0
03/19/2020 12:00:00 AM,77th Street,CRIMINAL THREATS - NO WEAPON DISPLAYED,33.9951,-118.3113,0
02/05/2020 12:00:00 AM,77th Street,VANDALISM - MISDEAMEANOR ($399 OR UNDER),33.9801,-118.2892,0
01/06/2020 12:00:00 AM,Southwest,BURGLARY,34.0203,-118.3692,0
12/07/2020 12:00:00 AM,77th Street,"ASSAULT WITH DEADLY WEAPON, AGGRAVATED ASSAULT",33.9781,-118.3323,0
09/20/2020 12:00:00 AM,Hollenbeck,VEHICLE - STOLEN,34.0167,-118.215,0
06/25/2020 12:00:00 AM,Harbor,VIOLATION OF RESTRAINING ORDER,33.7819,-118.2526,0
12/19/2020 12:00:00 AM,Wilshire,BURGLARY,34.0726,-118.3463,0
07/05/2020 12:00:00 AM,West Valley,"VANDALISM - FELONY ($400 & OVER, ALL CHURCH VANDALISMS)",34.1725,-118.5475,0
08/21/2020 12:00:00 AM,Rampart,"ASSAULT WITH DEADLY WEAPON, AGGRAVATED ASSAULT",34.0598,-118.2734,0
06/04/2020 12:00:00 AM,77th Street,THEFT OF IDENTITY,33.9932,-118.3236,0
01/10/2020 12:00:00 AM,West Valley,THEFT FROM MOTOR VEHICLE - PETTY ($950 & UNDER),34.1939,-118.5142,0
06/12/2020 12:00:00 AM,Hollywood,BRANDISH WEAPON,34.0853,-118.3222,0
08/26/2020 12:00:00 AM,Central,BATTERY POLICE (SIMPLE),34.0545,-118.2534,0
08/13/2020 12:00:00 AM,West Valley,ATTEMPTED ROBBERY,34.2029,-118.5524,0
02/06/2020 12:00:00 AM,Van Nuys,CHILD ABUSE (PHYSICAL) - SIMPLE ASSAULT,34.1887,-118.44,0
05/24/2020 12:00:00 AM,West LA,INTIMATE PARTNER - SIMPLE ASSAULT,34.0508,-118.4683,0
10/15/2020 12:00:00 AM,Hollenbeck,VANDALISM - MISDEAMEANOR ($399 OR UNDER),34.0862,-118.1784,0
05/05/2020 12:00:00 AM,Hollywood,VEHICLE - STOLEN,34.1089,-118.3224,0
01/07/2020 12:00:00 AM,Southwest,VIOLATION OF RESTRAINING ORDER,34.0141,-118.2974,0
09/19/2020 12:00:00 AM,77th Street,BURGLARY,33.9609,-118.2942,0
05/30/2020 12:00:00 AM,Wilshire,ASSAULT WITH DEADLY WEAPON ON POLICE OFFICER,34.0838,-118.3584,0
04/22/2020 12:00:00 AM,Northeast,THEFT FROM MOTOR VEHICLE - GRAND ($950.01 AND OVER),34.1191,-118.1952,0
12/09/2020 12:00:00 AM,Hollenbeck,BURGLARY,34.0499,-118.226,0
10/21/2020 12:00:00 AM,Harbor,"ASSAULT WITH DEADLY WEAPON, AGGRAVATED ASSAULT",33.7787,-118.2584,0
01/09/2020 12:00:00 AM,Rampart,"ASSAULT WITH DEADLY WEAPON, AGGRAVATED ASSAULT",34.0614,-118.279,0
04/30/2020 12:00:00 AM,Harbor,"VANDALISM - FELONY ($400 & OVER, ALL CHURCH VANDALISMS)",33.7772,-118.2609,0
06/24/2020 12:00:00 AM,Central,BURGLARY,34.0471,-118.266,0
02/07/2020 12:00:00 AM,Harbor,VANDALISM - MISDEAMEANOR ($399 OR UNDER),33.798,-118.2604,0
02/20/2020 12:00:00 AM,Harbor,VIOLATION OF COURT ORDER,33.7433,-118.2813,0
11/23/2020 12:00:00 AM,Central,BURGLARY FROM VEHICLE,34.0417,-118.2584,0
04/13/2020 12:00:00 AM,West LA,THEFT FROM MOTOR VEHICLE - PETTY ($950 & UNDER),34.041,-118.4437,0
06/21/2020 12:00:00 AM,West LA,BIKE - STOLEN,34.0548,-118.391,0
03/04/2020 12:00:00 AM,Rampart,BATTERY - SIMPLE ASSAULT,34.0625,-118.2714,0
12/08/2020 12:00:00 AM,West Valley,TRESPASSING,34.2177,-118.5303,0
08/15/2020 12:00:00 AM,Rampart,"VANDALISM - FELONY ($400 & OVER, ALL CHURCH VANDALISMS)",34.0798,-118.2903,0
10/30/2020 12:00:00 AM,77th Street,CONTEMPT OF COURT,33.9667,-118.2838,0
05/31/2020 12:00:00 AM,Northeast,VEHICLE - STOLEN,34.1115,-118.2894,0
12/25/2020 12:00:00 AM,Wilshire,"VANDALISM - FELONY ($400 & OVER, ALL CHURCH VANDALISMS)",34.0393,-118.3225,0
08/31/2020 12:00:00 AM,Wilshire,THEFT PLAIN - PETTY ($950 & UNDER),34.0622,-118.3434,0
02/27/2020 12:00:00 AM,Van Nuys,VEHICLE - STOLEN,34.1806,-118.4662,0
10/03/2020 12:00:00 AM,Wilshire,"RAPE, FORCIBLE",34.0735,-118.3777,0
08/12/2020 12:00:00 AM,Hollywood,BRANDISH WEAPON,34.098,-118.3353,0
06/25/2020 12:00:00 AM,Southwest,INTIMATE PARTNER - SIMPLE ASSAULT,34.0182,-118.3329,0
03/26/2020 12:00:00 AM,Southwest,BURGLARY FROM VEHICLE,34.0256,-118.3177,0
03/22/2020 12:00:00 AM,Newton,BATTERY - SIMPLE ASSAULT,33.9967,-118.2499,0
04/17/2020 12:00:00 AM,Hollenbeck,VEHICLE - STOLEN,34.0539,-118.2103,0
01/27/2020 12:00:00 AM,West Valley,VIOLATION OF COURT ORDER,34.1757,-118.5407,0
11/10/2020 12:00:00 AM,Rampart,VEHICLE - STOLEN,34.0541,-118.2621,0
07/13/2020 12:00:00 AM,Van Nuys,"VANDALISM - FELONY ($400 & OVER, ALL CHURCH VANDALISMS)",34.183,-118.4203,0
02/12/2020 12:00:00 AM,77th Street,THEFT FROM MOTOR VEHICLE - PETTY ($950 & UNDER),33.9708,-118.2827,0
10/20/2020 12:00:00 AM,Rampart,THEFT OF IDENTITY,34.088,-118.295,0
12/11/2020 12:00:00 AM,Southwest,INTIMATE PARTNER - AGGRAVATED ASSAULT,34.0162,-118.3595,0
06/12/2020 12:00:00 AM,Northeast,"BURGLARY, ATTEMPTED",34.1468,-118.2724,0
07/07/2020 12:00:00 AM,Northeast,"ASSAULT WITH DEADLY WEAPON, AGGRAVATED ASSAULT",34.1232,-118.2003,0
06/11/2020 12:00:00 AM,West Valley,"VANDALISM - FELONY ($400 & OVER, ALL CHURCH VANDALISMS)",34.184,-118.5011,0
06/28/2020 12:00:00 AM,Central,INTIMATE PARTNER - SIMPLE ASSAULT,34.0615,-118.2412,0
10/05/2020 12:00:00 AM,Van Nuys,VEHICLE - STOLEN,34.153,-118.4312,0
12/03/2020 12:00:00 AM,Van Nuys,BURGLARY FROM VEHICLE,34.1961,-118.451,0
01/01/2020 12:00:00 AM,Rampart,"ASSAULT WITH DEADLY WEAPON, AGGRAVATED ASSAULT",34.0584,-118.2708,0
10/04/2020 12:00:00 AM,Rampart,BATTERY - SIMPLE ASSAULT,34.0565,-118.2768,0
05/14/2020 12:00:00 AM,Southwest,ATTEMPTED ROBBERY,34.0223,-118.3329,0
06/24/2020 12:00:00 AM,Wilshire,THEFT FROM MOTOR VEHICLE - GRAND ($950.01 AND OVER),34.056,-118.3671,0
02/18/2020 12:00:00 AM,Southwest,SHOPLIFTING - PETTY THEFT ($950 & UNDER),34.0073,-118.298,0
06/11/2020 12:00:00 AM,Central,ROBBERY,34.0446,-118.245,0
08/17/2020 12:00:00 AM,Central,"THEFT-GRAND ($950.01 & OVER)EXCPT,GUNS,FOWL,LIVESTK,PROD",34.0428,-118.2353,0
07/28/2020 12:00:00 AM,Rampart,BURGLARY FROM VEHICLE,34.0667,-118.2546,0
04/08/2020 12:00:00 AM,77th Street,INTIMATE PARTNER - SIMPLE ASSAULT,33.9874,-118.2838,0
09/30/2020 12:00:00 AM,Southwest,CHILD ABUSE (PHYSICAL) - SIMPLE ASSAULT,34.0314,-118.3292,0
04/16/2020 12:00:00 AM,77th Street,"VANDALISM - FELONY ($400 & OVER, ALL CHURCH VANDALISMS)",33.9747,-118.263,0
09/27/2020 12:00:00 AM,Central,BATTERY - SIMPLE ASSAULT,34.0583,-118.2378,0
05/02/2020 12:00:00 AM,West LA,THEFT FROM MOTOR VEHICLE - ATTEMPT,34.0396,-118.4062,0
02/09/2020 12:00:00 AM,Wilshire,VANDALISM - MISDEAMEANOR ($399 OR UNDER),34.0716,-118.3614,0
11/30/2020 12:00:00 AM,Wilshire,TRESPASSING,34.0685,-118.3707,0
03/10/2020 12:00:00 AM,Hollenbeck,BURGLARY FROM VEHICLE,34.0677,-118.2064,0
08/16/2020 12:00:00 AM,Hollywood,BATTERY - SIMPLE ASSAULT,34.1284,-118.3456,0
05/14/2020 12:00:00 AM,West Valley,THEFT FROM MOTOR VEHICLE - PETTY ($950 & UNDER),34.1336,-118.4855,0
03/01/2020 12:00:00 AM,Hollenbeck,THEFT PLAIN - PETTY ($950 & UNDER),34.0437,-118.2098,0
11/21/2020 12:00:00 AM,West LA,TRESPASSING,34.0423,-118.4656,0
10/21/2020 12:00:00 AM,Harbor,CHILD ABUSE (PHYSICAL) - AGGRAVATED ASSAULT,33.805,-118.3074,0
10/01/2020 12:00:00 AM,Central,INTIMATE PARTNER - SIMPLE ASSAULT,34.0409,-118.2661,0
07/31/2020 12:00:00 AM,Southwest,BATTERY - SIMPLE ASSAULT,34.0073,-118.2894,0
02/26/2020 12:00:00 AM,Northeast,VANDALISM - MISDEAMEANOR ($399 OR UNDER),34.1327,-118.1959,0
04/09/2020 12:00:00 AM,77th Street,BURGLARY,33.982,-118.3089,0
06/05/2020 12:00:00 AM,Southwest,VIOLATION OF RESTRAINING ORDER,34.0317,-118.2769,0
11/11/2020 12:00:00 AM,Central,THEFT FROM MOTOR VEHICLE - GRAND ($950.01 AND OVER),34.0492,-118.2391,0
05/25/2020 12:00:00 AM,Wilshire,BURGLARY FROM VEHICLE,34.0837,-118.3717,0
07/27/2020 12:00:00 AM,West Valley,UNAUTHORIZED COMPUTER ACCESS,34.1902,-118.5335,0
11/19/2020 12:00:00 AM,Northeast,BRANDISH WEAPON,34.1152,-118.1898,0
12/13/2020 12:00:00 AM,77th Street,BATTERY - SIMPLE ASSAULT,33.9773,-118.2821,0
05/26/2020 12:00:00 AM,Harbor,"THEFT-GRAND ($950.01 & OVER)EXCPT,GUNS,FOWL,LIVESTK,PROD",33.7388,-118.2923,0
03/26/2020 12:00:00 AM,West LA,THREATENING PHONE CALLS/LETTERS,34.039,-118.4286,0
01/18/2020 12:00:00 AM,Central,BATTERY - SIMPLE ASSAULT,34.0547,-118.2505,0
11/21/2020 12:00:00 AM,Central,INDECENT EXPOSURE,34.0445,-118.2558,0
02/29/2020 12:00:00 AM,Rampart,"ASSAULT WITH DEADLY WEAPON, AGGRAVATED ASSAULT",34.0511,-118.2737,0
04/22/2020 12:00:00 AM,Northeast,BURGLARY,34.0967,-118.3005,0
03/29/2020 12:00:00 AM,Hollywood,INTIMATE PARTNER - SIMPLE ASSAULT,34.1107,-118.3646,0
01/26/2020 12:00:00 AM,Hollenbeck,BURGLARY,34.0712,-118.1732,0
08/12/2020 12:00:00 AM,77th Street,ROBBERY,33.9601,-118.2783,0
07/15/2020 12:00:00 AM,Van Nuys,BURGLARY,34.1531,-118.4618,0
07/30/2020 12:00:00 AM,Wilshire,ROBBERY,34.0558,-118.3706,0
02/19/2020 12:00:00 AM,77th Street,"BURGLARY, ATTEMPTED",33.9718,-118.3308,0
09/25/2020 12:00:00 AM,Northeast,THEFT PLAIN - PETTY ($950 & UNDER),34.0959,-118.2288,0
05/02/2020 12:00:00 AM,West LA,VANDALISM - MISDEAMEANOR ($399 OR UNDER),34.0548,-118.3837,0
02/01/2020 12:00:00 AM,West Valley,VEHICLE - STOLEN,34.2084,-118.5168,0
09/11/2020 12:00:00 AM,Harbor,THEFT FROM MOTOR VEHICLE - GRAND ($950.01 AND OVER),33.7365,-118.2923,0
02/21/2020 12:00:00 AM,West LA,BURGLARY,34.1033,-118.4057,0
02/14/2020 12:00:00 AM,Northeast,STALKING,34.1318,-118.1957,0
04/18/2020 12:00:00 AM,Southwest,"ASSAULT WITH DEADLY WEAPON, AGGRAVATED ASSAULT",34.0101,-118.3341,0
04/04/2020 12:00:00 AM,Hollenbeck,INTIMATE PARTNER - SIMPLE ASSAULT,34.04,-118.206,0
04/03/2020 12:00:00 AM,77th Street,VEHICLE - STOLEN,33.9891,-118.298,0
12/16/2020 12:00:00 AM,West LA,BURGLARY,34.047,-118.5259,0
06/02/2020 12:00:00 AM,Van Nuys,"ASSAULT WITH DEADLY WEAPON, AGGRAVATED ASSAULT",34.1887,-118.4487,0
03/02/2020 12:00:00 AM,West Valley,BURGLARY FROM VEHICLE,34.1939,-118.4749,0
11/17/2020 12:00:00 AM,Harbor,BRANDISH WEAPON,33.7136,-118.2904,0
04/08/2020 12:00:00 AM,Southwest,VEHICLE - STOLEN,34.0173,-118.3002,0
06/26/2020 12:00:00 AM,Southwest,ROBBERY,34.0169,-118.2915,0
11/23/2020 12:00:00 AM,Southwest,VEHICLE - STOLEN,34.0037,-118.3089,0
03/23/2020 12:00:00 AM,Rampart,INTIMATE PARTNER - SIMPLE ASSAULT,34.0756,-118.2683,0
03/03/2020 12:00:00 AM,Newton,"BURGLARY, ATTEMPTED",34.0313,-118.2505,0
07/07/2020 12:00:00 AM,Southwest,BATTERY - SIMPLE ASSAULT,34.0204,-118.33,0
08/10/2020 12:00:00 AM,Wilshire,VIOLATION OF COURT ORDER,34.0669,-118.3419,0
05/22/2020 12:00:00 AM,West Valley,VEHICLE - STOLEN,34.212,-118.5374,0
09/28/2020 12:00:00 AM,Hollywood,OTHER ASSAULT,34.0938,-118.3109,0
09/13/2020 12:00:00 AM,West Valley,VEHICLE - STOLEN,34.1707,-118.5244,0
05/21/2020 12:00:00 AM,Southwest,"VANDALISM - FELONY ($400 & OVER, ALL CHURCH VANDALISMS)",34.0108,-118.3222,0
08/06/2020 12:00:00 AM,77th Street,BATTERY POLICE (SIMPLE),33.9611,-118.2564,0
09/10/2020 12:00:00 AM,Wilshire,TRESPASSING,34.0743,-118.368,0
04/26/2020 12:00:00 AM,Rampart,"ASSAULT WITH DEADLY WEAPON, AGGRAVATED ASSAULT",34.0567,-118.2815,0
10/22/2020 12:00:00 AM,West LA,THEFT FROM MOTOR VEHICLE - PETTY ($950 & UNDER),34.0475,-118.4763,0
11/22/2020 12:00:00 AM,Wilshire,TRESPASSING,34.0629,-118.3483,0
01/05/2020 12:00:00 AM,Central,"THEFT, PERSON",34.046,-118.2509,0
04/29/2020 12:00:00 AM,Van Nuys,BATTERY - SIMPLE ASSAULT,34.206,-118.4445,0
01/20/2020 12:00:00 AM,77th Street,BURGLARY,33.9477,-118.3139,0
02/27/2020 12:00:00 AM,Hollenbeck,THEFT PLAIN - PETTY ($950 & UNDER),34.0624,-118.2032,0
04/23/2020 12:00:00 AM,Southwest,DISCHARGE FIREARMS/SHOTS FIRED,34.0164,-118.3312,0
02/06/2020 12:00:00 AM,Southwest,PURSE SNATCHING,34.0037,-118.2871,0
12/09/2020 12:00:00 AM,Central,"ASSAULT WITH DEADLY WEAPON, AGGRAVATED ASSAULT",34.0446,-118.249,0
03/22/2020 12:00:00 AM,Hollenbeck,VANDALISM - MISDEAMEANOR ($399 OR UNDER),34.0956,-118.1685,0
12/22/2020 12:00:00 AM,Southwest,VEHICLE - STOLEN,34.0275,-118.3552,0
08/03/2020 12:00:00 AM,Wilshire,"VANDALISM - FELONY ($400 & OVER, ALL CHURCH VANDALISMS)",34.0419,-118.3327,0
09/06/2020 12:00:00 AM,West LA,BURGLARY,34.041,-118.4437,0
04/08/2020 12:00:00 AM,Central,BATTERY - SIMPLE ASSAULT,34.0458,-118.243,0
10/12/2020 12:00:00 AM,Northeast,THEFT FROM MOTOR VEHICLE - GRAND ($950.01 AND OVER),34.1357,-118.1975,0
04/04/2020 12:00:00 AM,Hollenbeck,VEHICLE - STOLEN,34.0757,-118.2177,0
09/30/2020 12:00:00 AM,West LA,BURGLARY FROM VEHICLE,34.0466,-118.4479,0
08/05/2020 12:00:00 AM,Newton,INTIMATE PARTNER - SIMPLE ASSAULT,33.9958,-118.2789,0
06/01/2020 12:00:00 AM,Northeast,CHILD ANNOYING (17YRS & UNDER),34.1142,-118.2513,0
10/09/2020 12:00:00 AM,Harbor,BURGLARY,33.7361,-118.3056,0
10/08/2020 12:00:00 AM,Harbor,BIKE - STOLEN,33.7798,-118.2664,0
06/01/2020 12:00:00 AM,Hollywood,OTHER MISCELLANEOUS CRIME,34.1039,-118.3297,0
09/23/2020 12:00:00 AM,77th Street,SHOTS FIRED AT INHABITED DWELLING,33.9447,-118.3068,0
11/27/2020 12:00:00 AM,Hollywood,RESISTING ARREST,34.0864,-118.3059,0
01/02/2020 12:00:00 AM,Hollywood,THEFT FROM MOTOR VEHICLE - GRAND ($950.01 AND OVER),34.1,-118.3113,0
12/22/2020 12:00:00 AM,Hollywood,VEHICLE - STOLEN,34.1053,-118.3224,0
07/28/2020 12:00:00 AM,Hollywood,VEHICLE - STOLEN,34.0908,-118.3032,0
04/24/2020 12:00:00 AM,Central,BURGLARY,34.0415,-118.2332,0
02/12/2020 12:00:00 AM,Van Nuys,TRESPASSING,34.1538,-118.4292,0
01/27/2020 12:00:00 AM,Northeast,VEHICLE - STOLEN,34.1115,-118.2894,0
03/15/2020 12:00:00 AM,Southwest,VANDALISM - MISDEAMEANOR ($399 OR UNDER),34.0146,-118.3301,0
12/08/2020 12:00:00 AM,Southwest,DISCHARGE FIREARMS/SHOTS FIRED,34.0085,-118.2915,0
07/18/2020 12:00:00 AM,77th Street,"ASSAULT WITH DEADLY WEAPON, AGGRAVATED ASSAULT",33.973,-118.2573,0
08/16/2020 12:00:00 AM,Central,"THEFT-GRAND ($950.01 & OVER)EXCPT,GUNS,FOWL,LIVESTK,PROD",34.0419,-118.2564,0
07/29/2020 12:00:00 AM,Southwest,BATTERY - SIMPLE ASSAULT,34.0037,-118.3298,0
10/23/2020 12:00:00 AM,Northeast,VEHICLE - STOLEN,34.1145,-118.2362,0
11/11/2020 12:00:00 AM,West LA,BURGLARY,34.0515,-118.5241,0
01/17/2020 12:00:00 AM,Central,"ASSAULT WITH DEADLY WEAPON, AGGRAVATED ASSAULT",34.0494,-118.2581,0
04/27/2020 12:00:00 AM,Wilshire,RECKLESS DRIVING,34.046,-118.3454,0
06/21/2020 12:00:00 AM,Wilshire,EXTORTION,34.0743,-118.3648,0
11/12/2020 12:00:00 AM,77th Street,"VANDALISM - FELONY ($400 & OVER, ALL CHURCH VANDALISMS)",33.9851,-118.2856,0
12/19/2020 12:00:00 AM,Van Nuys,VEHICLE - STOLEN,34.1907,-118.4479,0
02/27/2020 12:00:00 AM,Central,BATTERY - SIMPLE ASSAULT,34.0581,-118.2371,0
01/04/2020 12:00:00 AM,77th Street,SHOTS FIRED AT INHABITED DWELLING,33.9987,-118.2915,0
08/27/2020 12:00:00 AM,77th Street,THEFT FROM MOTOR VEHICLE - PETTY ($950 & UNDER),34.0019,-118.3007,0
08/21/2020 12:00:00 AM,Hollywood,OTHER ASSAULT,34.1015,-118.3425,0
07/04/2020 12:00:00 AM,Hollenbeck,BATTERY - SIMPLE ASSAULT,34.0436,-118.2051,0
01/21/2020 12:00:00 AM,Newton,BATTERY - SIMPLE ASSAULT,34.0076,-118.2521,0
09/25/2020 12:00:00 AM,Southwest,"BURGLARY, ATTEMPTED",34.0099,-118.3446,0
11/30/2020 12:00:00 AM,Harbor,VANDALISM - MISDEAMEANOR ($399 OR UNDER),33.7866,-118.2717,0
11/12/2020 12:00:00 AM,West Valley,"VANDALISM - FELONY ($400 & OVER, ALL CHURCH VANDALISMS)",34.1629,-118.5263,0
05/08/2020 12:00:00 AM,West LA,VEHICLE - STOLEN,34.0467,-118.4341,0
06/12/2020 12:00:00 AM,77th Street,THEFT OF IDENTITY,33.9812,-118.3309,0
04/29/2020 12:00:00 AM,Harbor,BURGLARY FROM VEHICLE,33.7352,-118.2879,0
03/27/2020 12:00:00 AM,Harbor,BURGLARY FROM VEHICLE,33.8609,-118.2993,0
04/14/2020 12:00:00 AM,Harbor,INTIMATE PARTNER - AGGRAVATED ASSAULT,33.737,-118.3077,0
10/25/2020 12:00:00 AM,Northeast,VIOLATION OF RESTRAINING ORDER,34.0804,-118.2658,0
02/15/2020 12:00:00 AM,Rampart,DOCUMENT FORGERY / STOLEN FELONY,34.0596,-118.2749,0
08/17/2020 12:00:00 AM,Rampart,BATTERY - SIMPLE ASSAULT,34.0579,-118.2759,0
06/18/2020 12:00:00 AM,Northeast,VEHICLE - STOLEN,34.1194,-118.1905,0
03/30/2020 12:00:00 AM,Wilshire,VANDALISM - MISDEAMEANOR ($399 OR UNDER),34.0699,-118.3511,0
07/06/2020 12:00:00 AM,Central,BATTERY POLICE (SIMPLE),34.0584,-118.2399,0
02/01/2020 12:00:00 AM,Central,ARSON,34.0445,-118.2523,0
12/04/2020 12:00:00 AM,Hollenbeck,"VANDALISM - FELONY ($400 & OVER, ALL CHURCH VANDALISMS)",34.0489,-118.2124,0
08/05/2020 12:00:00 AM,Southwest,THEFT OF IDENTITY,34.0261,-118.3248,0
01/24/2020 12:00:00 AM,77th Street,THEFT FROM MOTOR VEHICLE - PETTY ($950 & UNDER),33.9891,-118.3216,0
03/20/2020 12:00:00 AM,77th Street,VEHICLE - ATTEMPT STOLEN,33.9719,-118.3177,0
02/27/2020 12:00:00 AM,77th Street,VANDALISM - MISDEAMEANOR ($399 OR UNDER),34.0017,-118.298,0
04/26/2020 12:00:00 AM,Central,BURGLARY,34.0461,-118.2461,0
04/20/2020 12:00:00 AM,Van Nuys,"VANDALISM - FELONY ($400 & OVER, ALL CHURCH VANDALISMS)",34.2012,-118.4312,0
08/31/2020 12:00:00 AM,Hollywood,INTIMATE PARTNER - SIMPLE ASSAULT,34.103,-118.3225,0
04/20/2020 12:00:00 AM,West Valley,THEFT FROM MOTOR VEHICLE - PETTY ($950 & UNDER),34.1669,-118.5356,0
10/06/2020 12:00:00 AM,Southwest,BIKE - STOLEN,34.0284,-118.2846,0
03/24/2020 12:00:00 AM,Central,BATTERY - SIMPLE ASSAULT,34.0435,-118.2427,0
04/13/2020 12:00:00 AM,Van Nuys,THEFT FROM MOTOR VEHICLE - GRAND ($950.01 AND OVER),34.1491,-118.4491,0
07/30/2020 12:00:00 AM,West Valley,VIOLATION OF COURT ORDER,34.1975,-118.5273,0
07/09/2020 12:00:00 AM,Harbor,VANDALISM - MISDEAMEANOR ($399 OR UNDER),33.7749,-118.2764,0
11/22/2020 12:00:00 AM,77th Street,THEFT FROM MOTOR VEHICLE - PETTY ($950 & UNDER),33.9883,-118.3002,0
04/20/2020 12:00:00 AM,Northeast,"VANDALISM - FELONY ($400 & OVER, ALL CHURCH VANDALISMS)",34.1338,-118.1957,0
02/01/2020 12:00:00 AM,77th Street,THEFT FROM MOTOR VEHICLE - PETTY ($950 & UNDER),33.9746,-118.3014,0
11/19/2020 12:00:00 AM,Hollywood,THEFT FROM MOTOR VEHICLE - PETTY ($950 & UNDER),34.1048,-118.3394,0
06/12/2020 12:00:00 AM,West Valley,INTIMATE PARTNER - SIMPLE ASSAULT,34.1599,-118.4766,0
02/07/2020 12:00:00 AM,Van Nuys,VIOLATION OF COURT ORDER,34.203,-118.4575,0
11/02/2020 12:00:00 AM,Van Nuys,VEHICLE - STOLEN,34.1684,-118.4586,0
05/11/2020 12:00:00 AM,Northeast,VEHICLE - STOLEN,34.0955,-118.2223,0
10/27/2020 12:00:00 AM,Central,VEHICLE - STOLEN,34.0446,-118.249,0
08/13/2020 12:00:00 AM,Rampart,BURGLARY FROM VEHICLE,34.0684,-118.2705,0
07/28/2020 12:00:00 AM,Hollywood,BURGLARY,34.0981,-118.3599,0
01/19/2020 12:00:00 AM,Hollywood,"THEFT-GRAND ($950.01 & OVER)EXCPT,GUNS,FOWL,LIVESTK,PROD",34.1007,-118.3494,0
02/20/2020 12:00:00 AM,Rampart,"BUNCO, GRAND THEFT",34.0598,-118.2734,0
04/01/2020 12:00:00 AM,Newton,BURGLARY FROM VEHICLE,34.0163,-118.2624,0
01/15/2020 12:00:00 AM,Hollywood,BURGLARY FROM VEHICLE,34.0998,-118.3211,0
07/16/2020 12:00:00 AM,Hollenbeck,BATTERY - SIMPLE ASSAULT,34.0667,-118.2212,0
07/28/2020 12:00:00 AM,Rampart,THEFT FROM MOTOR VEHICLE - PETTY ($950 & UNDER),34.0398,-118.278,0
08/06/2020 12:00:00 AM,West Valley,THEFT PLAIN - PETTY ($950 & UNDER),34.1763,-118.5262,0
04/16/2020 12:00:00 AM,West LA,TRESPASSING,34.0588,-118.4439,0
10/11/2020 12:00:00 AM,Hollenbeck,"THEFT-GRAND ($950.01 & OVER)EXCPT,GUNS,FOWL,LIVESTK,PROD",34.0937,-118.1902,0
01/08/2020 12:00:00 AM,Hollenbeck,THEFT FROM MOTOR VEHICLE - GRAND ($950.01 AND OVER),34.0267,-118.1985,0
03/11/2020 12:00:00 AM,Southwest,THEFT FROM MOTOR VEHICLE - PETTY ($950 & UNDER),34.0051,-118.3002,0
03/14/2020 12:00:00 AM,Hollywood,VEHICLE - STOLEN,34.0962,-118.3471,0
05/15/2020 12:00:00 AM,Van Nuys,THEFT PLAIN - PETTY ($950 & UNDER),34.174,-118.4661,0
07/01/2020 12:00:00 AM,77th Street,"SEX,UNLAWFUL(INC MUTUAL CONSENT, PENETRATION W/ FRGN OBJ",33.9788,-118.3226,0
08/06/2020 12:00:00 AM,77th Street,CRIMINAL THREATS - NO WEAPON DISPLAYED,33.9855,-118.3002,0
01/06/2020 12:00:00 AM,Northeast,BIKE - STOLEN,34.116,-118.2955,0
08/02/2020 12:00:00 AM,West Valley,BATTERY - SIMPLE ASSAULT,34.203,-118.4749,0
06/29/2020 12:00:00 AM,Hollywood,VEHICLE - STOLEN,34.1007,-118.3494,0
07/22/2020 12:00:00 AM,Southwest,VANDALISM - MISDEAMEANOR ($399 OR UNDER),34.0117,-118.3383,0
05/07/2020 12:00:00 AM,Central,VEHICLE - STOLEN,34.0459,-118.2669,0
10/07/2020 12:00:00 AM,West LA,BURGLARY FROM VEHICLE,34.046,-118.5593,0
03/12/2020 12:00:00 AM,Newton,VANDALISM - MISDEAMEANOR ($399 OR UNDER),34.0029,-118.2783,0
03/14/2020 12:00:00 AM,Hollywood,"BUNCO, PETTY THEFT",34.1007,-118.3494,0
12/11/2020 12:00:00 AM,Hollywood,PIMPING,34.0998,-118.33,0
03/28/2020 12:00:00 AM,West Valley,BRANDISH WEAPON,34.1866,-118.5535,0
07/09/2020 12:00:00 AM,Southwest,INTIMATE PARTNER - SIMPLE ASSAULT,34.0091,-118.3089,0
02/12/2020 12:00:00 AM,West LA,BURGLARY FROM VEHICLE,34.0459,-118.4507,0
11/07/2020 12:00:00 AM,Central,BATTERY - SIMPLE ASSAULT,34.0493,-118.2417,0
01/20/2020 12:00:00 AM,Newton,"ASSAULT WITH DEADLY WEAPON, AGGRAVATED ASSAULT",33.9993,-118.2696,0
11/12/2020 12:00:00 AM,West LA,BATTERY - SIMPLE ASSAULT,34.0557,-118.444,0
09/02/2020 12:00:00 AM,Southwest,THEFT FROM MOTOR VEHICLE - PETTY ($950 & UNDER),34.0046,-118.3089,0
02/01/2020 12:00:00 AM,Hollywood,BATTERY - SIMPLE ASSAULT,34.1017,-118.3245,0
11/29/2020 12:00:00 AM,Hollenbeck,BURGLARY,34.0198,-118.2097,0
08/26/2020 12:00:00 AM,Northeast,BATTERY - SIMPLE ASSAULT,34.1127,-118.207,0
05/28/2020 12:00:00 AM,Central,ROBBERY,34.0433,-118.2504,0
05/24/2020 12:00:00 AM,77th Street,VANDALISM - MISDEAMEANOR ($399 OR UNDER),33.9642,-118.2586,0
03/15/2020 12:00:00 AM,Hollywood,"ASSAULT WITH DEADLY WEAPON, AGGRAVATED ASSAULT",34.0889,-118.3277,0
09/19/2020 12:00:00 AM,Hollywood,OTHER ASSAULT,34.1052,-118.3194,0
08/07/2020 12:00:00 AM,77th Street,BATTERY - SIMPLE ASSAULT,33.9637,-118.309,0
04/06/2020 12:00:00 AM,Van Nuys,VANDALISM - MISDEAMEANOR ($399 OR UNDER),34.1794,-118.4312,0
03/04/2020 12:00:00 AM,Van Nuys,SHOPLIFTING-GRAND THEFT ($950.01 & OVER),34.1576,-118.438,0
02/06/2020 12:00:00 AM,Hollywood,"ASSAULT WITH DEADLY WEAPON, AGGRAVATED ASSAULT",34.098,-118.3441,0
08/23/2020 12:00:00 AM,Rampart,"ASSAULT WITH DEADLY WEAPON, AGGRAVATED ASSAULT",34.0543,-118.2782,0
10/08/2020 12:00:00 AM,Rampart,THEFT FROM MOTOR VEHICLE - PETTY ($950 & UNDER),34.0552,-118.2675,0
04/19/2020 12:00:00 AM,Van Nuys,TRESPASSING,34.1493,-118.4307,0
02/04/2020 12:00:00 AM,Hollywood,THEFT OF IDENTITY,34.0926,-118.3363,0
12/20/2020 12:00:00 AM,Hollywood,"ASSAULT WITH DEADLY WEAPON, AGGRAVATED ASSAULT",34.0998,-118.33,0
10/16/2020 12:00:00 AM,Harbor,VIOLATION OF RESTRAINING ORDER,33.8057,-118.3088,0
09/16/2020 12:00:00 AM,Hollenbeck,VEHICLE - STOLEN,34.0333,-118.1946,0
05/04/2020 12:00:00 AM,Harbor,THEFT FROM MOTOR VEHICLE - PETTY ($950 & UNDER),33.7261,-118.3012,0
02/28/2020 12:00:00 AM,Harbor,THEFT FROM MOTOR VEHICLE - PETTY ($950 & UNDER),33.8677,-118.2858,0
02/12/2020 12:00:00 AM,Hollenbeck,INTIMATE PARTNER - AGGRAVATED ASSAULT,34.0517,-118.2178,0
01/02/2020 12:00:00 AM,Harbor,"BUNCO, ATTEMPT",33.7538,-118.293,0
08/07/2020 12:00:00 AM,Southwest,"ASSAULT WITH DEADLY WEAPON, AGGRAVATED ASSAULT",34.0248,-118.3691,0
03/21/2020 12:00:00 AM,Van Nuys,"VANDALISM - FELONY ($400 & OVER, ALL CHURCH VANDALISMS)",34.183,-118.4214,0
10/27/2020 12:00:00 AM,Van Nuys,INTIMATE PARTNER - SIMPLE ASSAULT,34.193,-118.4378,0
09/20/2020 12:00:00 AM,West LA,THEFT PLAIN - PETTY ($950 & UNDER),34.06,-118.42,0
02/14/2020 12:00:00 AM,Hollenbeck,CONTEMPT OF COURT,34.0457,-118.218,0
02/22/2020 12:00:00 AM,77th Street,"VANDALISM - FELONY ($400 & OVER, ALL CHURCH VANDALISMS)",33.9646,-118.3046,0
12/12/2020 12:00:00 AM,Hollywood,BURGLARY,34.0907,-118.3393,0
06/27/2020 12:00:00 AM,West LA,BATTERY - SIMPLE ASSAULT,34.0313,-118.4464,0
11/26/2020 12:00:00 AM,77th Street,VEHICLE - STOLEN,33.957,-118.3079,0
07/15/2020 12:00:00 AM,West LA,"ASSAULT WITH DEADLY WEAPON, AGGRAVATED ASSAULT",34.0366,-118.427,0
02/02/2020 12:00:00 AM,77th Street,THEFT PLAIN - PETTY ($950 & UNDER),33.989,-118.3308,0
02/17/2020 12:00:00 AM,West Valley,BURGLARY,34.196,-118.547,0
10/11/2020 12:00:00 AM,Central,"VANDALISM - FELONY ($400 & OVER, ALL CHURCH VANDALISMS)",34.0552,-118.2333,0
11/04/2020 12:00:00 AM,Central,"ASSAULT WITH DEADLY WEAPON, AGGRAVATED ASSAULT",34.0448,-118.2474,0
01/04/2020 12:00:00 AM,Hollenbeck,"VANDALISM - FELONY ($400 & OVER, ALL CHURCH VANDALISMS)",34.0523,-118.2169,0
04/05/2020 12:00:00 AM,77th Street,CRIMINAL HOMICIDE,33.9563,-118.3079,0
03/09/2020 12:00:00 AM,Harbor,"ASSAULT WITH DEADLY WEAPON, AGGRAVATED ASSAULT",33.7424,-118.2923,0
06/20/2020 12:00:00 AM,Harbor,VEHICLE - STOLEN,33.7815,-118.265,0
02/25/2020 12:00:00 AM,Hollywood,VEHICLE - STOLEN,34.0933,-118.3025,0
12/11/2020 12:00:00 AM,Rampart,BATTERY - SIMPLE ASSAULT,34.0606,-118.2648,0
12/31/2020 12:00:00 AM,77th Street,CRIMINAL THREATS - NO WEAPON DISPLAYED,33.9936,-118.3215,0
11/15/2020 12:00:00 AM,Central,VANDALISM - MISDEAMEANOR ($399 OR UNDER),34.0504,-118.2409,0
01/16/2020 12:00:00 AM,Van Nuys,THEFT OF IDENTITY,34.1897,-118.4509,0
12/10/2020 12:00:00 AM,Harbor,"ASSAULT WITH DEADLY WEAPON, AGGRAVATED ASSAULT",33.7388,-118.2906,0
03/03/2020 12:00:00 AM,Northeast,TRESPASSING,34.0784,-118.2577,0
03/07/2020 12:00:00 AM,Mission,VEHICLE - STOLEN,34.2283,-118.4677,0
07/19/2020 12:00:00 AM,Hollywood,"VANDALISM - FELONY ($400 & OVER, ALL CHURCH VANDALISMS)",34.0908,-118.306,0
08/02/2020 12:00:00 AM,Van Nuys,BATTERY - SIMPLE ASSAULT,34.1975,-118.4487,0
04/01/2020 12:00:00 AM,Van Nuys,THEFT OF IDENTITY,34.203,-118.4601,0
11/08/2020 12:00:00 AM,Harbor,"VANDALISM - FELONY ($400 & OVER, ALL CHURCH VANDALISMS)",33.737,-118.2818,0
08/18/2020 12:00:00 AM,Central,BATTERY - SIMPLE ASSAULT,34.0532,-118.2425,0
01/21/2020 12:00:00 AM,West Valley,BURGLARY,34.2048,-118.54,0
11/15/2020 12:00:00 AM,West Valley,BURGLARY,34.1723,-118.5273,0
03/03/2020 12:00:00 AM,Central,"THEFT, PERSON",34.0563,-118.2374,0
08/04/2020 12:00:00 AM,Southwest,"ASSAULT WITH DEADLY WEAPON, AGGRAVATED ASSAULT",34.0309,-118.3028,0
03/14/2020 12:00:00 AM,Rampart,VEHICLE - STOLEN,34.0529,-118.2733,0
02/24/2020 12:00:00 AM,Van Nuys,BATTERY - SIMPLE ASSAULT,34.1847,-118.4509,0
01/11/2020 12:00:00 AM,Southwest,ROBBERY,34.0146,-118.313,0
10/02/2020 12:00:00 AM,77th Street,BATTERY - SIMPLE ASSAULT,33.9922,-118.3276,0
01/30/2020 12:00:00 AM,Van Nuys,THEFT FROM MOTOR VEHICLE - PETTY ($950 & UNDER),34.1649,-118.4454,0
03/16/2020 12:00:00 AM,Hollywood,THEFT PLAIN - PETTY ($950 & UNDER),34.098,-118.3416,0
09/14/2020 12:00:00 AM,Southwest,THEFT FROM MOTOR VEHICLE - GRAND ($950.01 AND OVER),34.0268,-118.2896,0
11/14/2020 12:00:00 AM,Northeast,"BURGLARY, ATTEMPTED",34.1001,-118.2901,0
07/05/2020 12:00:00 AM,Central,VANDALISM - MISDEAMEANOR ($399 OR UNDER),34.0493,-118.2417,0
03/22/2020 12:00:00 AM,77th Street,CRIMINAL THREATS - NO WEAPON DISPLAYED,33.9754,-118.3024,0
10/13/2020 12:00:00 AM,West Valley,ROBBERY,34.2138,-118.5492,0
06/27/2020 12:00:00 AM,West LA,THEFT PLAIN - PETTY ($950 & UNDER),34.0517,-118.442,0
12/14/2020 12:00:00 AM,Wilshire,THEFT PLAIN - PETTY ($950 & UNDER),34.048,-118.3439,0
10/16/2020 12:00:00 AM,Rampart,OTHER ASSAULT,34.057,-118.2691,0
03/17/2020 12:00:00 AM,Van Nuys,THEFT PLAIN - PETTY ($950 & UNDER),34.1536,-118.453,0
07/01/2020 12:00:00 AM,Van Nuys,THEFT PLAIN - PETTY ($950 & UNDER),34.1576,-118.4389,0
07/25/2020 12:00:00 AM,77th Street,"VANDALISM - FELONY ($400 & OVER, ALL CHURCH VANDALISMS)",33.986,-118.2816,0
09/22/2020 12:00:00 AM,77th Street,"ASSAULT WITH DEADLY WEAPON, AGGRAVATED ASSAULT",33.9748,-118.2575,0
02/14/2020 12:00:00 AM,77th Street,HUMAN TRAFFICKING - COMMERCIAL SEX ACTS,33.982,-118.2827,0
01/21/2020 12:00:00 AM,West Valley,BURGLARY,34.1487,-118.5205,0
02/29/2020 12:00:00 AM,Hollywood,"LETTERS, LEWD  -  TELEPHONE CALLS, LEWD",34.0853,-118.3244,0
03/21/2020 12:00:00 AM,Hollywood,OTHER MISCELLANEOUS CRIME,34.0967,-118.3005,0
12/18/2020 12:00:00 AM,Northeast,"VANDALISM - FELONY ($400 & OVER, ALL CHURCH VANDALISMS)",34.1192,-118.2797,0
06/14/2020 12:00:00 AM,Harbor,VEHICLE - STOLEN,33.7477,-118.2929,0
03/01/2020 12:00:00 AM,West Valley,THEFT PLAIN - PETTY ($950 & UNDER),34.1469,-118.4717,0
04/02/2020 12:00:00 AM,West LA,SHOPLIFTING - PETTY THEFT ($950 & UNDER),34.0473,-118.4768,0
12/06/2020 12:00:00 AM,Hollenbeck,VIOLATION OF COURT ORDER,34.0918,-118.1887,0
01/22/2020 12:00:00 AM,77th Street,BURGLARY FROM VEHICLE,33.9884,-118.2958,0
05/01/2020 12:00:00 AM,Hollenbeck,THEFT FROM MOTOR VEHICLE - PETTY ($950 & UNDER),34.0979,-118.1839,0
04/22/2020 12:00:00 AM,Van Nuys,THEFT OF IDENTITY,34.2012,-118.4596,0
08/03/2020 12:00:00 AM,Southwest,THEFT FROM MOTOR VEHICLE - ATTEMPT,34.0281,-118.2788,0
07/27/2020 12:00:00 AM,Southwest,EXTORTION,34.0054,-118.2842,0
08/30/2020 12:00:00 AM,Northeast,BIKE - STOLEN,34.119,-118.2422,0
11/23/2020 12:00:00 AM,Southwest,INTIMATE PARTNER - SIMPLE ASSAULT,34.0105,-118.3262,0
06/18/2020 12:00:00 AM,Southwest,VEHICLE - STOLEN,34.0326,-118.3416,0
02/13/2020 12:00:00 AM,Rampart,BATTERY - SIMPLE ASSAULT,34.0444,-118.2827,0
04/22/2020 12:00:00 AM,Central,SEX OFFENDER REGISTRANT OUT OF COMPLIANCE,34.0448,-118.2474,0
08/02/2020 12:00:00 AM,West Valley,BURGLARY,34.167,-118.5203,0
12/07/2020 12:00:00 AM,West LA,VEHICLE - STOLEN,34.0544,-118.3816,0
11/02/2020 12:00:00 AM,West LA,SHOPLIFTING - PETTY THEFT ($950 & UNDER),34.0427,-118.4585,0
02/18/2020 12:00:00 AM,West LA,CRIMINAL THREATS - NO WEAPON DISPLAYED,34.029,-118.4541,0
08/13/2020 12:00:00 AM,Van Nuys,BURGLARY FROM VEHICLE,34.1846,-118.4531,0
11/29/2020 12:00:00 AM,Hollenbeck,VANDALISM - MISDEAMEANOR ($399 OR UNDER),34.095,-118.2045,0
05/15/2020 12:00:00 AM,Harbor,THEFT FROM MOTOR VEHICLE - PETTY ($950 & UNDER),33.7926,-118.3043,0
12/20/2020 12:00:00 AM,West LA,"VANDALISM - FELONY ($400 & OVER, ALL CHURCH VANDALISMS)",34.0474,-118.445,0
01/25/2020 12:00:00 AM,Newton,"VANDALISM - FELONY ($400 & OVER, ALL CHURCH VANDALISMS)",33.9896,-118.2445,0
12/17/2020 12:00:00 AM,Central,VEHICLE - STOLEN,34.0511,-118.2427,0
10/19/2020 12:00:00 AM,77th Street,VEHICLE - STOLEN,33.98,-118.3187,0
11/13/2020 12:00:00 AM,Northeast,"VANDALISM - FELONY ($400 & OVER, ALL CHURCH VANDALISMS)",34.1199,-118.2431,0
08/04/2020 12:00:00 AM,Van Nuys,BATTERY - SIMPLE ASSAULT,34.1766,-118.448,0
12/24/2020 12:00:00 AM,Hollenbeck,VANDALISM - MISDEAMEANOR ($399 OR UNDER),34.0867,-118.1768,0
09/21/2020 12:00:00 AM,West Valley,INTIMATE PARTNER - SIMPLE ASSAULT,34.1675,-118.5055,0
09/01/2020 12:00:00 AM,Harbor,VANDALISM - MISDEAMEANOR ($399 OR UNDER),33.7433,-118.2945,0
01/09/2020 12:00:00 AM,Wilshire,TRESPASSING,34.0375,-118.3742,0
04/08/2020 12:00:00 AM,West LA,VEHICLE - STOLEN,34.0665,-118.4534,0
03/12/2020 12:00:00 AM,Northeast,BURGLARY FROM VEHICLE,34.1098,-118.2056,0
12/04/2020 12:00:00 AM,Harbor,VANDALISM - MISDEAMEANOR ($399 OR UNDER),33.8617,-118.2905,0
11/02/2020 12:00:00 AM,Southwest,VANDALISM - MISDEAMEANOR ($399 OR UNDER),34.0327,-118.3058,0
05/26/2020 12:00:00 AM,Hollywood,CRIMINAL THREATS - NO WEAPON DISPLAYED,34.1036,-118.3049,0
03/24/2020 12:00:00 AM,Rampart,BURGLARY FROM VEHICLE,34.0509,-118.2642,0
05/24/2020 12:00:00 AM,West LA,VEHICLE - STOLEN,34.0417,-118.4499,0
02/01/2020 12:00:00 AM,Southwest,CRM AGNST CHLD (13 OR UNDER) (14-15 & SUSP 10 YRS OLDER),34.0291,-118.3669,0
07/21/2020 12:00:00 AM,Rampart,VANDALISM - MISDEAMEANOR ($399 OR UNDER),34.0619,-118.2817,0
04/13/2020 12:00:00 AM,Northeast,"ASSAULT WITH DEADLY WEAPON, AGGRAVATED ASSAULT",34.0771,-118.2534,0
04/25/2020 12:00:00 AM,West LA,THEFT FROM MOTOR VEHICLE - GRAND ($950.01 AND OVER),34.0374,-118.4342,0
07/19/2020 12:00:00 AM,77th Street,BATTERY - SIMPLE ASSAULT,33.9624,-118.2883,0
12/21/2020 12:00:00 AM,West LA,BURGLARY FROM VEHICLE,34.0359,-118.3891,0
07/29/2020 12:00:00 AM,Southwest,THEFT PLAIN - PETTY ($950 & UNDER),34.034,-118.309,0
11/28/2020 12:00:00 AM,Southwest,INTIMATE PARTNER - AGGRAVATED ASSAULT,34.0276,-118.3384,0
10/02/2020 12:00:00 AM,Hollenbeck,INTIMATE PARTNER - SIMPLE ASSAULT,34.0226,-118.2182,0
01/04/2020 12:00:00 AM,Central,BURGLARY FROM VEHICLE,34.0359,-118.2648,0
07/10/2020 12:00:00 AM,Hollywood,BIKE - STOLEN,34.0987,-118.3337,0
08/25/2020 12:00:00 AM,77th Street,BATTERY - SIMPLE ASSAULT,33.9563,-118.3069,0
06/19/2020 12:00:00 AM,Hollywood,"VANDALISM - FELONY ($400 & OVER, ALL CHURCH VANDALISMS)",34.0998,-118.3211,0
05/16/2020 12:00:00 AM,Northeast,INTIMATE PARTNER - SIMPLE ASSAULT,34.114,-118.1949,0
12/08/2020 12:00:00 AM,Central,THEFT PLAIN - PETTY ($950 & UNDER),34.0552,-118.2333,0
06/16/2020 12:00:00 AM,West LA,DISTURBING THE PEACE,34.1263,-118.4452,0
04/08/2020 12:00:00 AM,Hollenbeck,VEHICLE - STOLEN,34.051,-118.222,0
11/04/2020 12:00:00 AM,West LA,VANDALISM - MISDEAMEANOR ($399 OR UNDER),34.0474,-118.445,0
06/13/2020 12:00:00 AM,Hollywood,VEHICLE - STOLEN,34.098,-118.3387,0
10/17/2020 12:00:00 AM,77th Street,BATTERY - SIMPLE ASSAULT,33.9762,-118.2981,0
11/18/2020 12:00:00 AM,Central,"VANDALISM - FELONY ($400 & OVER, ALL CHURCH VANDALISMS)",34.0663,-118.2302,0
10/15/2020 12:00:00 AM,Van Nuys,VEHICLE - STOLEN,34.2048,-118.4356,0
05/11/2020 12:00:00 AM,Northeast,BIKE - STOLEN,34.1391,-118.2141,0
07/29/2020 12:00:00 AM,Central,"VANDALISM - FELONY ($400 & OVER, ALL CHURCH VANDALISMS)",34.0434,-118.255,0
01/30/2020 12:00:00 AM,Harbor,VEHICLE - STOLEN,33.7928,-118.2959,0
02/24/2020 12:00:00 AM,77th Street,INTIMATE PARTNER - SIMPLE ASSAULT,33.9737,-118.2871,0
10/24/2020 12:00:00 AM,West LA,"THEFT-GRAND ($950.01 & OVER)EXCPT,GUNS,FOWL,LIVESTK,PROD",34.0501,-118.4144,0
08/19/2020 12:00:00 AM,Southwest,"VANDALISM - FELONY ($400 & OVER, ALL CHURCH VANDALISMS)",34.0309,-118.3002,0
08/14/2020 12:00:00 AM,Hollenbeck,BATTERY - SIMPLE ASSAULT,34.0436,-118.2051,0
07/04/2020 12:00:00 AM,Hollenbeck,VEHICLE - STOLEN,34.034,-118.1944,0
04/05/2020 12:00:00 AM,77th Street,"ASSAULT WITH DEADLY WEAPON, AGGRAVATED ASSAULT",33.9564,-118.3079,0
09/13/2020 12:00:00 AM,Hollywood,VEHICLE - STOLEN,34.0908,-118.3052,0
09/16/2020 12:00:00 AM,Van Nuys,"THEFT-GRAND ($950.01 & OVER)EXCPT,GUNS,FOWL,LIVESTK,PROD",34.1527,-118.4596,0
03/02/2020 12:00:00 AM,Van Nuys,"ASSAULT WITH DEADLY WEAPON, AGGRAVATED ASSAULT",34.1976,-118.4356,0
08/04/2020 12:00:00 AM,West LA,"VANDALISM - FELONY ($400 & OVER, ALL CHURCH VANDALISMS)",34.0566,-118.4291,0
11/25/2020 12:00:00 AM,Hollywood,ROBBERY,34.0908,-118.3223,0
04/25/2020 12:00:00 AM,Van Nuys,BURGLARY,34.1613,-118.4509,0
10/09/2020 12:00:00 AM,77th Street,"BURGLARY FROM VEHICLE, ATTEMPTED",33.9725,-118.2827,0
04/01/2020 12:00:00 AM,Rampart,BATTERY - SIMPLE ASSAULT,34.0563,-118.281,0
04/10/2020 12:00:00 AM,77th Street,"VANDALISM - FELONY ($400 & OVER, ALL CHURCH VANDALISMS)",33.9746,-118.3078,0
04/10/2020 12:00:00 AM,Central,BURGLARY FROM VEHICLE,34.0382,-118.2417,0
08/24/2020 12:00:00 AM,Wilshire,BATTERY - SIMPLE ASSAULT,34.0415,-118.3595,0
01/17/2020 12:00:00 AM,77th Street,"ASSAULT WITH DEADLY WEAPON, AGGRAVATED ASSAULT",33.9789,-118.2981,0
10/16/2020 12:00:00 AM,Van Nuys,THEFT FROM MOTOR VEHICLE - PETTY ($950 & UNDER),34.171,-118.4586,0
01/23/2020 12:00:00 AM,Van Nuys,INTIMATE PARTNER - SIMPLE ASSAULT,34.192,-118.44,0
01/08/2020 12:00:00 AM,Hollywood,BURGLARY,34.0913,-118.3927,0
12/17/2020 12:00:00 AM,West LA,BURGLARY FROM VEHICLE,34.0306,-118.387,0
12/10/2020 12:00:00 AM,Harbor,VANDALISM - MISDEAMEANOR ($399 OR UNDER),33.7489,-118.2798,0
09/27/2020 12:00:00 AM,West LA,BURGLARY,34.052,-118.3986,0
09/08/2020 12:00:00 AM,Southwest,"ASSAULT WITH DEADLY WEAPON, AGGRAVATED ASSAULT",34.021,-118.3329,0
06/12/2020 12:00:00 AM,West LA,"VANDALISM - FELONY ($400 & OVER, ALL CHURCH VANDALISMS)",34.045,-118.4557,0
02/24/2020 12:00:00 AM,Central,BATTERY - SIMPLE ASSAULT,34.046,-118.2509,0
10/19/2020 12:00:00 AM,Hollenbeck,BURGLARY,34.0915,-118.1987,0
09/01/2020 12:00:00 AM,Harbor,BATTERY - SIMPLE ASSAULT,33.7725,-118.2658,0
07/25/2020 12:00:00 AM,West Valley,BURGLARY FROM VEHICLE,34.2101,-118.5544,0
05/15/2020 12:00:00 AM,77th Street,INTIMATE PARTNER - AGGRAVATED ASSAULT,33.977,-118.3003,0
04/04/2020 12:00:00 AM,Newton,VIOLATION OF COURT ORDER,33.9984,-118.2478,0
10/30/2020 12:00:00 AM,West Valley,THEFT FROM MOTOR VEHICLE - GRAND ($950.01 AND OVER),34.19,-118.5262,0
02/17/2020 12:00:00 AM,Northeast,BURGLARY FROM VEHICLE,34.1167,-118.1815,0
02/06/2020 12:00:00 AM,77th Street,THEFT FROM MOTOR VEHICLE - PETTY ($950 & UNDER),33.9933,-118.3089,0
02/07/2020 12:00:00 AM,77th Street,ROBBERY,33.9591,-118.309,0
04/20/2020 12:00:00 AM,West Valley,THEFT OF IDENTITY,34.2204,-118.5579,0
01/25/2020 12:00:00 AM,Van Nuys,BURGLARY FROM VEHICLE,34.2085,-118.4618,0
11/28/2020 12:00:00 AM,West Valley,THEFT FROM MOTOR VEHICLE - PETTY ($950 & UNDER),34.1939,-118.493,0
06/18/2020 12:00:00 AM,Hollywood,BURGLARY FROM VEHICLE,34.1171,-118.3843,0
07/20/2020 12:00:00 AM,77th Street,INTIMATE PARTNER - SIMPLE ASSAULT,33.9638,-118.2629,0
04/12/2020 12:00:00 AM,77th Street,INTIMATE PARTNER - SIMPLE ASSAULT,33.9891,-118.3196,0
03/13/2020 12:00:00 AM,Van Nuys,BURGLARY,34.1585,-118.4352,0
04/30/2020 12:00:00 AM,Rampart,"VANDALISM - FELONY ($400 & OVER, ALL CHURCH VANDALISMS)",34.0873,-118.296,0
08/18/2020 12:00:00 AM,77th Street,THEFT PLAIN - PETTY ($950 & UNDER),34.0019,-118.3057,0
10/27/2020 12:00:00 AM,77th Street,VEHICLE - STOLEN,33.9856,-118.3152,0
09/15/2020 12:00:00 AM,Rampart,"THEFT, PERSON",34.0519,-118.2755,0
01/06/2020 12:00:00 AM,77th Street,"THEFT-GRAND ($950.01 & OVER)EXCPT,GUNS,FOWL,LIVESTK,PROD",33.9891,-118.3285,0
03/02/2020 12:00:00 AM,77th Street,INTIMATE PARTNER - AGGRAVATED ASSAULT,33.9487,-118.3057,0
06/15/2020 12:00:00 AM,West LA,TRESPASSING,34.0531,-118.3941,0
05/23/2020 12:00:00 AM,77th Street,"ASSAULT WITH DEADLY WEAPON, AGGRAVATED ASSAULT",33.9609,-118.3134,0
04/05/2020 12:00:00 AM,Harbor,BRANDISH WEAPON,33.7424,-118.2835,0
02/16/2020 12:00:00 AM,Wilshire,CHILD ABUSE (PHYSICAL) - SIMPLE ASSAULT,34.0473,-118.3213,0
04/19/2020 12:00:00 AM,Harbor,INTIMATE PARTNER - SIMPLE ASSAULT,33.791,-118.2658,0
02/05/2020 12:00:00 AM,77th Street,VIOLATION OF RESTRAINING ORDER,33.9608,-118.2739,0
02/03/2020 12:00:00 AM,Central,"THEFT, PERSON",34.0458,-118.2614,0
01/19/2020 12:00:00 AM,Southwest,CHILD ABUSE (PHYSICAL) - SIMPLE ASSAULT,34.0133,-118.3486,0
02/08/2020 12:00:00 AM,Hollenbeck,BURGLARY FROM VEHICLE,34.0583,-118.1978,0
12/04/2020 12:00:00 AM,West LA,THEFT PLAIN - PETTY ($950 & UNDER),34.0463,-118.4338,0
07/10/2020 12:00:00 AM,Central,"ASSAULT WITH DEADLY WEAPON, AGGRAVATED ASSAULT",34.0685,-118.246,0
02/14/2020 12:00:00 AM,West Valley,VANDALISM - MISDEAMEANOR ($399 OR UNDER),34.2084,-118.5099,0
12/27/2020 12:00:00 AM,Hollenbeck,VEHICLE - STOLEN,34.0596,-118.1928,0
11/11/2020 12:00:00 AM,Central,BURGLARY FROM VEHICLE,34.0466,-118.2427,0
03/20/2020 12:00:00 AM,77th Street,ROBBERY,33.9921,-118.298,0
06/03/2020 12:00:00 AM,77th Street,"VANDALISM - FELONY ($400 & OVER, ALL CHURCH VANDALISMS)",33.9637,-118.2739,0
04/26/2020 12:00:00 AM,West Valley,"ASSAULT WITH DEADLY WEAPON, AGGRAVATED ASSAULT",34.1975,-118.5099,0
03/09/2020 12:00:00 AM,West LA,"LETTERS, LEWD  -  TELEPHONE CALLS, LEWD",34.0349,-118.3893,0
12/11/2020 12:00:00 AM,West Valley,RECKLESS DRIVING,34.1722,-118.5098,0
09/14/2020 12:00:00 AM,Southwest,FALSE POLICE REPORT,34.0261,-118.366,0
08/28/2020 12:00:00 AM,Harbor,BIKE - STOLEN,33.8584,-118.3068,0
08/03/2020 12:00:00 AM,Hollywood,"LETTERS, LEWD  -  TELEPHONE CALLS, LEWD",34.0862,-118.3266,0
03/14/2020 12:00:00 AM,Northeast,VANDALISM - MISDEAMEANOR ($399 OR UNDER),34.1351,-118.2153,0
06/08/2020 12:00:00 AM,Northeast,THEFT FROM MOTOR VEHICLE - PETTY ($950 & UNDER),34.1218,-118.1708,0
04/25/2020 12:00:00 AM,Central,ATTEMPTED ROBBERY,34.0516,-118.2561,0
03/05/2020 12:00:00 AM,West LA,VEHICLE - STOLEN,34.0442,-118.4493,0
06/14/2020 12:00:00 AM,77th Street,"VANDALISM - FELONY ($400 & OVER, ALL CHURCH VANDALISMS)",33.9786,-118.2827,0
08/21/2020 12:00:00 AM,Central,SEXUAL PENETRATION W/FOREIGN OBJECT,34.0495,-118.2546,0
09/17/2020 12:00:00 AM,Harbor,THEFT FROM MOTOR VEHICLE - GRAND ($950.01 AND OVER),33.7851,-118.2541,0
08/01/2020 12:00:00 AM,Harbor,"ASSAULT WITH DEADLY WEAPON, AGGRAVATED ASSAULT",33.7823,-118.2419,0
08/22/2020 12:00:00 AM,Hollenbeck,INTIMATE PARTNER - SIMPLE ASSAULT,34.0786,-118.2174,0
04/03/2020 12:00:00 AM,Rampart,VEHICLE - STOLEN,34.0552,-118.2675,0
03/29/2020 12:00:00 AM,Van Nuys,THEFT FROM MOTOR VEHICLE - PETTY ($950 & UNDER),34.181,-118.4487,0
08/18/2020 12:00:00 AM,Southwest,VANDALISM - MISDEAMEANOR ($399 OR UNDER),34.0053,-118.3337,0
07/19/2020 12:00:00 AM,Hollenbeck,BURGLARY,34.0233,-118.2222,0
02/05/2020 12:00:00 AM,West LA,VANDALISM - MISDEAMEANOR ($399 OR UNDER),34.0617,-118.4446,0
08/06/2020 12:00:00 AM,Central,BURGLARY,34.0424,-118.2538,0
08/31/2020 12:00:00 AM,77th Street,"ASSAULT WITH DEADLY WEAPON, AGGRAVATED ASSAULT",33.9746,-118.2916,0
02/01/2020 12:00:00 AM,Wilshire,BURGLARY,34.0417,-118.3594,0
03/31/2020 12:00:00 AM,77th Street,"ASSAULT WITH DEADLY WEAPON, AGGRAVATED ASSAULT",33.9932,-118.3193,0
09/28/2020 12:00:00 AM,Southwest,ROBBERY,34.0099,-118.2941,0
05/31/2020 12:00:00 AM,Wilshire,"ASSAULT WITH DEADLY WEAPON, AGGRAVATED ASSAULT",34.0761,-118.3742,0
11/12/2020 12:00:00 AM,West LA,ROBBERY,34.0404,-118.4279,0
04/20/2020 12:00:00 AM,77th Street,ROBBERY,33.9711,-118.2629,0
07/16/2020 12:00:00 AM,Van Nuys,BURGLARY,34.1731,-118.4651,0
12/21/2020 12:00:00 AM,77th Street,BRANDISH WEAPON,33.9693,-118.285,0
04/14/2020 12:00:00 AM,Northeast,BATTERY - SIMPLE ASSAULT,34.0999,-118.2296,0
05/26/2020 12:00:00 AM,Van Nuys,BRANDISH WEAPON,34.1576,-118.4443,0
03/11/2020 12:00:00 AM,West LA,"ASSAULT WITH DEADLY WEAPON, AGGRAVATED ASSAULT",34.0447,-118.3775,0
08/14/2020 12:00:00 AM,Van Nuys,THEFT FROM MOTOR VEHICLE - PETTY ($950 & UNDER),34.205,-118.4339,0
06/08/2020 12:00:00 AM,Rampart,DOCUMENT FORGERY / STOLEN FELONY,34.0562,-118.257,0
01/02/2020 12:00:00 AM,Central,ROBBERY,34.0473,-118.2566,0
05/16/2020 12:00:00 AM,Southwest,VEHICLE - STOLEN,34.0024,-118.3181,0
08/22/2020 12:00:00 AM,Central,"VANDALISM - FELONY ($400 & OVER, ALL CHURCH VANDALISMS)",34.0459,-118.2352,0
11/15/2020 12:00:00 AM,Hollenbeck,VEHICLE - STOLEN,34.0689,-118.1878,0
08/06/2020 12:00:00 AM,Southwest,"ASSAULT WITH DEADLY WEAPON, AGGRAVATED ASSAULT",34.0037,-118.3306,0
01/10/2020 12:00:00 AM,Central,THEFT PLAIN - PETTY ($950 & UNDER),34.046,-118.2493,0
11/03/2020 12:00:00 AM,Central,BURGLARY,34.0469,-118.2569,0
05/29/2020 12:00:00 AM,Central,BURGLARY,34.046,-118.2509,0
03/09/2020 12:00:00 AM,Harbor,THEFT FROM MOTOR VEHICLE - PETTY ($950 & UNDER),33.7874,-118.2507,0
10/06/2020 12:00:00 AM,Harbor,"VANDALISM - FELONY ($400 & OVER, ALL CHURCH VANDALISMS)",33.7383,-118.2835,0
03/04/2020 12:00:00 AM,Harbor,VEHICLE - STOLEN,33.7796,-118.2699,0
02/29/2020 12:00:00 AM,77th Street,VEHICLE - STOLEN,33.9647,-118.2651,0
06/10/2020 12:00:00 AM,77th Street,"THEFT, PERSON",33.9746,-118.3046,0
11/07/2020 12:00:00 AM,Hollenbeck,VIOLATION OF RESTRAINING ORDER,34.029,-118.2037,0
01/01/2020 12:00:00 AM,Harbor,ROBBERY,33.7815,-118.2667,0
04/07/2020 12:00:00 AM,Central,BURGLARY FROM VEHICLE,34.0423,-118.2595,0
01/28/2020 12:00:00 AM,West LA,BURGLARY,34.0554,-118.4232,0
06/16/2020 12:00:00 AM,Hollywood,ROBBERY,34.1006,-118.3417,0
03/04/2020 12:00:00 AM,Northeast,CRIMINAL THREATS - NO WEAPON DISPLAYED,34.1131,-118.1894,0
05/26/2020 12:00:00 AM,Van Nuys,"ASSAULT WITH DEADLY WEAPON, AGGRAVATED ASSAULT",34.1939,-118.4662,0
01/02/2020 12:00:00 AM,Northeast,THEFT FROM MOTOR VEHICLE - PETTY ($950 & UNDER),34.0816,-118.2686,0
10/27/2020 12:00:00 AM,Hollenbeck,BURGLARY,34.0649,-118.2089,0
08/01/2020 12:00:00 AM,West LA,THEFT OF IDENTITY,34.1132,-118.4249,0
11/28/2020 12:00:00 AM,Rampart,INTIMATE PARTNER - SIMPLE ASSAULT,34.0646,-118.2799,0
05/17/2020 12:00:00 AM,77th Street,VEHICLE - STOLEN,33.997,-118.2871,0
08/30/2020 12:00:00 AM,77th Street,VEHICLE - STOLEN,33.9889,-118.3504,0
10/31/2020 12:00:00 AM,Rampart,VANDALISM - MISDEAMEANOR ($399 OR UNDER),34.0677,-118.252,0
01/21/2020 12:00:00 AM,Newton,INTIMATE PARTNER - SIMPLE ASSAULT,34.006,-118.2513,0
02/08/2020 12:00:00 AM,77th Street,BATTERY - SIMPLE ASSAULT,33.9776,-118.3294,0
02/11/2020 12:00:00 AM,Central,"THEFT-GRAND ($950.01 & OVER)EXCPT,GUNS,FOWL,LIVESTK,PROD",34.053,-118.2513,0
08/10/2020 12:00:00 AM,Hollywood,THEFT OF IDENTITY,34.0934,-118.3317,0
09/10/2020 12:00:00 AM,77th Street,OTHER ASSAULT,33.9892,-118.3089,0
08/11/2020 12:00:00 AM,77th Street,CONTEMPT OF COURT,33.9932,-118.322,0
09/21/2020 12:00:00 AM,Van Nuys,VEHICLE - STOLEN,34.183,-118.4699,0
12/26/2020 12:00:00 AM,Harbor,"ASSAULT WITH DEADLY WEAPON, AGGRAVATED ASSAULT",33.736,-118.2858,0
12/04/2020 12:00:00 AM,77th Street,CRIMINAL THREATS - NO WEAPON DISPLAYED,33.9891,-118.3225,0
08/02/2020 12:00:00 AM,Northeast,"BURGLARY, ATTEMPTED",34.1047,-118.2379,0
06/01/2020 12:00:00 AM,West Valley,BURGLARY,34.2011,-118.5426,0
04/04/2020 12:00:00 AM,West LA,BATTERY - SIMPLE ASSAULT,34.0428,-118.3774,0
09/25/2020 12:00:00 AM,Harbor,BATTERY - SIMPLE ASSAULT,33.8355,-118.3077,0
03/05/2020 12:00:00 AM,77th Street,BRANDISH WEAPON,33.9974,-118.2982,0
10/02/2020 12:00:00 AM,Rampart,INTIMATE PARTNER - SIMPLE ASSAULT,34.0677,-118.282,0
03/10/2020 12:00:00 AM,Harbor,"BURGLARY, ATTEMPTED",33.794,-118.2899,0
05/11/2020 12:00:00 AM,77th Street,INTIMATE PARTNER - SIMPLE ASSAULT,33.995,-118.2856,0
08/08/2020 12:00:00 AM,Van Nuys,THEFT FROM MOTOR VEHICLE - PETTY ($950 & UNDER),34.1846,-118.4575,0
01/09/2020 12:00:00 AM,West Valley,"ASSAULT WITH DEADLY WEAPON, AGGRAVATED ASSAULT",34.1866,-118.5535,0
05/30/2020 12:00:00 AM,77th Street,ROBBERY,33.9642,-118.2761,0
11/14/2020 12:00:00 AM,Hollywood,"VANDALISM - FELONY ($400 & OVER, ALL CHURCH VANDALISMS)",34.1016,-118.3458,0
04/22/2020 12:00:00 AM,West LA,"BUNCO, GRAND THEFT",34.0649,-118.4372,0
07/11/2020 12:00:00 AM,Hollenbeck,"THEFT-GRAND ($950.01 & OVER)EXCPT,GUNS,FOWL,LIVESTK,PROD",34.0745,-118.217,0
11/15/2020 12:00:00 AM,Southwest,VANDALISM - MISDEAMEANOR ($399 OR UNDER),34.0273,-118.297,0
08/31/2020 12:00:00 AM,West LA,BIKE - STOLEN,34.0442,-118.4615,0
06/15/2020 12:00:00 AM,Wilshire,THEFT FROM MOTOR VEHICLE - GRAND ($950.01 AND OVER),34.0736,-118.3408,0
01/28/2020 12:00:00 AM,West LA,"VANDALISM - FELONY ($400 & OVER, ALL CHURCH VANDALISMS)",34.0453,-118.4329,0
04/30/2020 12:00:00 AM,West Valley,THEFT FROM MOTOR VEHICLE - PETTY ($950 & UNDER),34.1654,-118.5186,0
02/29/2020 12:00:00 AM,Southwest,TRESPASSING,34.0185,-118.3128,0
08/22/2020 12:00:00 AM,Hollywood,BURGLARY,34.0907,-118.3336,0
10/15/2020 12:00:00 AM,West LA,BURGLARY,34.0429,-118.4255,0
04/29/2020 12:00:00 AM,77th Street,"ASSAULT WITH DEADLY WEAPON, AGGRAVATED ASSAULT",33.9891,-118.3247,0
08/30/2020 12:00:00 AM,Van Nuys,SHOPLIFTING - PETTY THEFT ($950 & UNDER),34.1778,-118.4662,0
06/20/2020 12:00:00 AM,West Valley,BURGLARY FROM VEHICLE,34.2039,-118.4749,0
05/06/2020 12:00:00 AM,Central,ROBBERY,34.0445,-118.2523,0
10/11/2020 12:00:00 AM,Wilshire,THEFT OF IDENTITY,34.0847,-118.3686,0
08/18/2020 12:00:00 AM,Van Nuys,BURGLARY FROM VEHICLE,34.2085,-118.4662,0
04/01/2020 12:00:00 AM,Wilshire,INTIMATE PARTNER - AGGRAVATED ASSAULT,34.0364,-118.3601,0
08/24/2020 12:00:00 AM,Wilshire,VANDALISM - MISDEAMEANOR ($399 OR UNDER),34.0499,-118.352,0
02/03/2020 12:00:00 AM,West Valley,BURGLARY,34.2048,-118.54,0
03/21/2020 12:00:00 AM,Van Nuys,THEFT OF IDENTITY,34.1436,-118.4225,0
02/08/2020 12:00:00 AM,Rampart,BURGLARY FROM VEHICLE,34.0804,-118.2791,0
08/14/2020 12:00:00 AM,Central,"THEFT-GRAND ($950.01 & OVER)EXCPT,GUNS,FOWL,LIVESTK,PROD",34.0469,-118.2535,0
11/10/2020 12:00:00 AM,77th Street,"THEFT-GRAND ($950.01 & OVER)EXCPT,GUNS,FOWL,LIVESTK,PROD",33.9835,-118.3309,0
09/18/2020 12:00:00 AM,Van Nuys,BRANDISH WEAPON,34.1814,-118.4263,0
12/09/2020 12:00:00 AM,Hollenbeck,VEHICLE - STOLEN,34.0243,-118.1931,0
04/24/2020 12:00:00 AM,77th Street,ROBBERY,33.9891,-118.3285,0
12/03/2020 12:00:00 AM,Wilshire,VEHICLE - STOLEN,34.0497,-118.3442,0
02/01/2020 12:00:00 AM,Wilshire,"VANDALISM - FELONY ($400 & OVER, ALL CHURCH VANDALISMS)",34.0693,-118.3583,0
04/20/2020 12:00:00 AM,Van Nuys,INTIMATE PARTNER - SIMPLE ASSAULT,34.1903,-118.4399,0
01/21/2020 12:00:00 AM,West Valley,"BUNCO, GRAND THEFT",34.2012,-118.4957,0
07/02/2020 12:00:00 AM,West Valley,THEFT FROM MOTOR VEHICLE - PETTY ($950 & UNDER),34.1993,-118.5437,0
11/18/2020 12:00:00 AM,West LA,"THEFT-GRAND ($950.01 & OVER)EXCPT,GUNS,FOWL,LIVESTK,PROD",34.0358,-118.5324,0
02/01/2020 12:00:00 AM,West LA,THEFT PLAIN - PETTY ($950 & UNDER),34.0571,-118.3949,0
01/23/2020 12:00:00 AM,Northeast,THEFT PLAIN - PETTY ($950 & UNDER),34.1034,-118.2619,0
01/11/2020 12:00:00 AM,Central,INTIMATE PARTNER - SIMPLE ASSAULT,34.038,-118.243,0
05/09/2020 12:00:00 AM,Van Nuys,THEFT OF IDENTITY,34.1397,-118.4142,0
01/09/2020 12:00:00 AM,77th Street,THEFT OF IDENTITY,33.9711,-118.2629,0
01/20/2020 12:00:00 AM,Southwest,OTHER MISCELLANEOUS CRIME,34.0238,-118.3423,0
11/11/2020 12:00:00 AM,Van Nuys,ROBBERY,34.1547,-118.453,0
03/26/2020 12:00:00 AM,Rampart,THEFT PLAIN - PETTY ($950 & UNDER),34.0565,-118.2768,0
03/10/2020 12:00:00 AM,Wilshire,THEFT OF IDENTITY,34.0704,-118.3552,0
04/02/2020 12:00:00 AM,Harbor,BURGLARY FROM VEHICLE,33.8612,-118.3,0
08/15/2020 12:00:00 AM,Northeast,VEHICLE - STOLEN,34.0808,-118.2655,0
09/09/2020 12:00:00 AM,Wilshire,THEFT FROM MOTOR VEHICLE - GRAND ($950.01 AND OVER),34.0661,-118.3648,0
11/02/2020 12:00:00 AM,Northeast,BATTERY - SIMPLE ASSAULT,34.125,-118.2317,0
08/31/2020 12:00:00 AM,Wilshire,BATTERY - SIMPLE ASSAULT,34.0412,-118.3434,0
05/15/2020 12:00:00 AM,Southwest,VIOLATION OF COURT ORDER,34.0168,-118.2931,0
05/04/2020 12:00:00 AM,Hollenbeck,THEFT PLAIN - PETTY ($950 & UNDER),34.0457,-118.2053,0
08/28/2020 12:00:00 AM,Central,"VANDALISM - FELONY ($400 & OVER, ALL CHURCH VANDALISMS)",34.0437,-118.2582,0
12/04/2020 12:00:00 AM,Harbor,VEHICLE - STOLEN,33.7841,-118.2975,0
07/07/2020 12:00:00 AM,West Valley,VEHICLE - STOLEN,34.2075,-118.541,0
08/11/2020 12:00:00 AM,Van Nuys,BURGLARY FROM VEHICLE,34.1649,-118.4596,0
09/05/2020 12:00:00 AM,Rampart,BATTERY - SIMPLE ASSAULT,34.0508,-118.2683,0
08/02/2020 12:00:00 AM,77th Street,VEHICLE - STOLEN,33.9875,-118.3046,0
08/16/2020 12:00:00 AM,Harbor,INTIMATE PARTNER - AGGRAVATED ASSAULT,33.7857,-118.2575,0
04/26/2020 12:00:00 AM,Hollywood,INTIMATE PARTNER - SIMPLE ASSAULT,34.1016,-118.3333,0
06/08/2020 12:00:00 AM,Central,THEFT PLAIN - PETTY ($950 & UNDER),34.0394,-118.2496,0
10/06/2020 12:00:00 AM,West LA,"ASSAULT WITH DEADLY WEAPON, AGGRAVATED ASSAULT",34.0541,-118.478,0
02/03/2020 12:00:00 AM,West Valley,"ASSAULT WITH DEADLY WEAPON, AGGRAVATED ASSAULT",34.2212,-118.5012,0
11/08/2020 12:00:00 AM,77th Street,VEHICLE - ATTEMPT STOLEN,33.9923,-118.2871,0
04/07/2020 12:00:00 AM,West Valley,TRESPASSING,34.1993,-118.5386,0
09/09/2020 12:00:00 AM,Southwest,BIKE - STOLEN,34.0293,-118.2815,0
09/16/2020 12:00:00 AM,Southwest,BURGLARY,34.0073,-118.3108,0
11/24/2020 12:00:00 AM,Van Nuys,"VANDALISM - FELONY ($400 & OVER, ALL CHURCH VANDALISMS)",34.1745,-118.4356,0
04/25/2020 12:00:00 AM,Wilshire,BATTERY - SIMPLE ASSAULT,34.0817,-118.3272,0
09/26/2020 12:00:00 AM,Rampart,"ASSAULT WITH DEADLY WEAPON, AGGRAVATED ASSAULT",34.0674,-118.2753,0
11/04/2020 12:00:00 AM,Harbor,"BUNCO, GRAND THEFT",33.7219,-118.2892,0
08/03/2020 12:00:00 AM,77th Street,VEHICLE - STOLEN,33.9684,-118.2827,0
01/13/2020 12:00:00 AM,Van Nuys,VEHICLE - STOLEN,34.174,-118.4279,0
11/13/2020 12:00:00 AM,Southwest,"BUNCO, GRAND THEFT",34.0219,-118.2959,0
02/16/2020 12:00:00 AM,Wilshire,ROBBERY,34.0468,-118.3305,0
07/10/2020 12:00:00 AM,Northeast,BURGLARY,34.1157,-118.1842,0
09/21/2020 12:00:00 AM,West Valley,TRESPASSING,34.1608,-118.4771,0
07/07/2020 12:00:00 AM,Harbor,VEHICLE - STOLEN,33.8122,-118.299,0
03/09/2020 12:00:00 AM,Central,SHOPLIFTING - PETTY THEFT ($950 & UNDER),34.0561,-118.2375,0
07/29/2020 12:00:00 AM,Wilshire,VEHICLE - STOLEN,34.0871,-118.3462,0
08/11/2020 12:00:00 AM,West LA,BURGLARY,34.0473,-118.4768,0
03/18/2020 12:00:00 AM,Harbor,BATTERY - SIMPLE ASSAULT,33.7827,-118.2378,0
03/15/2020 12:00:00 AM,77th Street,ROBBERY,33.9854,-118.3352,0
06/07/2020 12:00:00 AM,Harbor,"VANDALISM - FELONY ($400 & OVER, ALL CHURCH VANDALISMS)",33.7926,-118.3043,0
03/07/2020 12:00:00 AM,Harbor,VIOLATION OF COURT ORDER,33.7433,-118.2813,0
12/17/2020 12:00:00 AM,Van Nuys,BATTERY - SIMPLE ASSAULT,34.1951,-118.4487,0
03/05/2020 12:00:00 AM,West Valley,BURGLARY,34.166,-118.5095,0
03/11/2020 12:00:00 AM,Hollenbeck,THEFT PLAIN - PETTY ($950 & UNDER),34.045,-118.1956,0
04/14/2020 12:00:00 AM,Northeast,VEHICLE - STOLEN,34.1074,-118.2003,0
05/22/2020 12:00:00 AM,West LA,BIKE - STOLEN,34.0419,-118.554,0
02/12/2020 12:00:00 AM,West LA,THEFT FROM MOTOR VEHICLE - PETTY ($950 & UNDER),34.0577,-118.4681,0
06/04/2020 12:00:00 AM,Wilshire,VANDALISM - MISDEAMEANOR ($399 OR UNDER),34.0761,-118.3563,0
01/21/2020 12:00:00 AM,Harbor,VEHICLE - STOLEN,33.7839,-118.2381,0
10/27/2020 12:00:00 AM,77th Street,VEHICLE - STOLEN,33.9924,-118.3046,0
11/18/2020 12:00:00 AM,West LA,THEFT FROM MOTOR VEHICLE - PETTY ($950 & UNDER),34.0704,-118.4605,0
12/25/2020 12:00:00 AM,West LA,THEFT FROM MOTOR VEHICLE - GRAND ($950.01 AND OVER),34.0425,-118.3818,0
03/14/2020 12:00:00 AM,Van Nuys,"VANDALISM - FELONY ($400 & OVER, ALL CHURCH VANDALISMS)",34.1994,-118.4662,0
01/12/2020 12:00:00 AM,Central,VEHICLE - STOLEN,34.0457,-118.2365,0
03/06/2020 12:00:00 AM,Hollenbeck,DISCHARGE FIREARMS/SHOTS FIRED,34.0878,-118.1716,0
05/08/2020 12:00:00 AM,Southwest,INTIMATE PARTNER - SIMPLE ASSAULT,34.0073,-118.2894,0
06/11/2020 12:00:00 AM,Hollywood,THEFT PLAIN - PETTY ($950 & UNDER),34.098,-118.3469,0
01/01/2020 12:00:00 AM,Newton,"VANDALISM - FELONY ($400 & OVER, ALL CHURCH VANDALISMS)",34.0306,-118.23,0
07/22/2020 12:00:00 AM,Central,"VANDALISM - FELONY ($400 & OVER, ALL CHURCH VANDALISMS)",34.0539,-118.2436,0
06/20/2020 12:00:00 AM,West LA,THEFT PLAIN - PETTY ($950 & UNDER),34.057,-118.4428,0
03/14/2020 12:00:00 AM,Rampart,VEHICLE - STOLEN,34.0738,-118.2568,0
01/18/2020 12:00:00 AM,Central,"BUNCO, GRAND THEFT",34.0607,-118.2494,0
09/18/2020 12:00:00 AM,Van Nuys,BATTERY - SIMPLE ASSAULT,34.1976,-118.4574,0
08/03/2020 12:00:00 AM,Hollenbeck,VEHICLE - STOLEN,34.0797,-118.1921,0
02/24/2020 12:00:00 AM,Southwest,THEFT PLAIN - PETTY ($950 & UNDER),34.0274,-118.285,0
10/04/2020 12:00:00 AM,West Valley,"VANDALISM - FELONY ($400 & OVER, ALL CHURCH VANDALISMS)",34.1939,-118.536,0
03/24/2020 12:00:00 AM,West LA,VEHICLE - STOLEN,34.0412,-118.3813,0
11/01/2020 12:00:00 AM,Central,THEFT FROM MOTOR VEHICLE - GRAND ($950.01 AND OVER),34.0539,-118.2503,0
08/23/2020 12:00:00 AM,Northeast,CRIMINAL THREATS - NO WEAPON DISPLAYED,34.1036,-118.2983,0
02/11/2020 12:00:00 AM,Newton,ROBBERY,34.0174,-118.2621,0
04/21/2020 12:00:00 AM,Rampart,CRIMINAL THREATS - NO WEAPON DISPLAYED,34.0474,-118.2714,0
07/21/2020 12:00:00 AM,Harbor,VIOLATION OF RESTRAINING ORDER,33.7819,-118.2526,0
09/16/2020 12:00:00 AM,Wilshire,THEFT FROM MOTOR VEHICLE - GRAND ($950.01 AND OVER),34.0548,-118.3489,0
05/04/2020 12:00:00 AM,Hollenbeck,THEFT FROM MOTOR VEHICLE - PETTY ($950 & UNDER),34.0728,-118.1688,0
06/14/2020 12:00:00 AM,77th Street,"ASSAULT WITH DEADLY WEAPON, AGGRAVATED ASSAULT",33.947,-118.309,0
02/05/2020 12:00:00 AM,Van Nuys,BATTERY - SIMPLE ASSAULT,34.2012,-118.4684,0
03/25/2020 12:00:00 AM,Newton,INTIMATE PARTNER - SIMPLE ASSAULT,34.0038,-118.2805,0
03/02/2020 12:00:00 AM,Southwest,VEHICLE - STOLEN,34.0182,-118.3452,0
03/29/2020 12:00:00 AM,Hollenbeck,"BURGLARY, ATTEMPTED",34.018,-118.2028,0
09/24/2020 12:00:00 AM,Southwest,BATTERY - SIMPLE ASSAULT,34.0326,-118.3405,0
11/04/2020 12:00:00 AM,Southwest,SHOPLIFTING - PETTY THEFT ($950 & UNDER),34.0126,-118.3403,0
11/11/2020 12:00:00 AM,Rampart,INTIMATE PARTNER - AGGRAVATED ASSAULT,34.0747,-118.2653,0
06/01/2020 12:00:00 AM,Hollenbeck,VEHICLE - STOLEN,34.0243,-118.2198,0
05/21/2020 12:00:00 AM,Southwest,BATTERY - SIMPLE ASSAULT,34.0074,-118.285,0
04/01/2020 12:00:00 AM,Central,BURGLARY FROM VEHICLE,34.0632,-118.2408,0
10/31/2020 12:00:00 AM,Newton,"ASSAULT WITH DEADLY WEAPON, AGGRAVATED ASSAULT",33.9974,-118.2783,0
11/28/2020 12:00:00 AM,Southwest,VEHICLE - STOLEN,34.0184,-118.2952,0
08/12/2020 12:00:00 AM,Central,"ASSAULT WITH DEADLY WEAPON, AGGRAVATED ASSAULT",34.0519,-118.2531,0
09/11/2020 12:00:00 AM,Hollenbeck,VEHICLE - STOLEN,34.1091,-118.1799,0
01/06/2020 12:00:00 AM,Newton,BURGLARY FROM VEHICLE,34.0344,-118.23,0
03/27/2020 12:00:00 AM,Southwest,BURGLARY,34.0109,-118.3351,0
10/03/2020 12:00:00 AM,West LA,THEFT FROM MOTOR VEHICLE - GRAND ($950.01 AND OVER),34.0597,-118.3836,0
12/21/2020 12:00:00 AM,Wilshire,BURGLARY,34.0669,-118.3419,0
04/09/2020 12:00:00 AM,Southwest,THEFT FROM MOTOR VEHICLE - PETTY ($950 & UNDER),34.0219,-118.2959,0
10/31/2020 12:00:00 AM,Hollywood,BURGLARY FROM VEHICLE,34.1015,-118.3417,0
08/31/2020 12:00:00 AM,Hollenbeck,THEFT FROM MOTOR VEHICLE - PETTY ($950 & UNDER),34.0188,-118.201,0
03/03/2020 12:00:00 AM,Van Nuys,SHOPLIFTING-GRAND THEFT ($950.01 & OVER),34.1509,-118.4487,0
02/10/2020 12:00:00 AM,Wilshire,BRANDISH WEAPON,34.0418,-118.3213,0
12/04/2020 12:00:00 AM,West LA,VEHICLE - STOLEN,34.0352,-118.387,0
09/20/2020 12:00:00 AM,West Valley,INTIMATE PARTNER - AGGRAVATED ASSAULT,34.2084,-118.5012,0
03/12/2020 12:00:00 AM,Newton,VIOLATION OF COURT ORDER,34.0175,-118.2574,0
04/21/2020 12:00:00 AM,Southwest,BATTERY - SIMPLE ASSAULT,34.017,-118.3477,0
10/20/2020 12:00:00 AM,Van Nuys,BURGLARY,34.1535,-118.4531,0
07/13/2020 12:00:00 AM,Harbor,BRANDISH WEAPON,33.7938,-118.296,0
09/13/2020 12:00:00 AM,Wilshire,STALKING,34.0762,-118.3347,0
06/05/2020 12:00:00 AM,Harbor,VANDALISM - MISDEAMEANOR ($399 OR UNDER),33.7798,-118.2656,0
02/13/2020 12:00:00 AM,Central,BURGLARY FROM VEHICLE,34.071,-118.2302,0
02/17/2020 12:00:00 AM,West Valley,VANDALISM - MISDEAMEANOR ($399 OR UNDER),34.1413,-118.506,0
10/09/2020 12:00:00 AM,Northeast,BATTERY - SIMPLE ASSAULT,34.0776,-118.2635,0
08/22/2020 12:00:00 AM,77th Street,BATTERY - SIMPLE ASSAULT,33.9665,-118.2652,0
02/13/2020 12:00:00 AM,Hollenbeck,"VANDALISM - FELONY ($400 & OVER, ALL CHURCH VANDALISMS)",34.0737,-118.2117,0
01/01/2020 12:00:00 AM,Northeast,BURGLARY,34.1112,-118.2853,0
04/22/2020 12:00:00 AM,Central,BURGLARY FROM VEHICLE,34.043,-118.2571,0
05/31/2020 12:00:00 AM,Central,INTIMATE PARTNER - AGGRAVATED ASSAULT,34.032,-118.2657,0
04/01/2020 12:00:00 AM,Harbor,TRESPASSING,33.7897,-118.2787,0
05/01/2020 12:00:00 AM,Hollenbeck,"VANDALISM - FELONY ($400 & OVER, ALL CHURCH VANDALISMS)",34.0514,-118.2001,0
06/10/2020 12:00:00 AM,Wilshire,BATTERY - SIMPLE ASSAULT,34.0633,-118.3473,0
06/22/2020 12:00:00 AM,Central,ROBBERY,34.049,-118.2381,0
07/25/2020 12:00:00 AM,Van Nuys,SHOPLIFTING - PETTY THEFT ($950 & UNDER),34.1794,-118.4319,0
05/30/2020 12:00:00 AM,Southwest,BURGLARY FROM VEHICLE,34.0142,-118.3423,0
03/05/2020 12:00:00 AM,West LA,INTIMATE PARTNER - AGGRAVATED ASSAULT,34.0657,-118.4505,0
12/22/2020 12:00:00 AM,77th Street,BRANDISH WEAPON,33.9914,-118.2909,0
03/21/2020 12:00:00 AM,Harbor,"BUNCO, GRAND THEFT",33.7261,-118.299,0
08/26/2020 12:00:00 AM,West LA,THEFT FROM MOTOR VEHICLE - PETTY ($950 & UNDER),34.041,-118.3802,0
01/21/2020 12:00:00 AM,Northeast,VANDALISM - MISDEAMEANOR ($399 OR UNDER),34.1121,-118.2436,0
04/17/2020 12:00:00 AM,Wilshire,VEHICLE - STOLEN,34.0351,-118.353,0
08/24/2020 12:00:00 AM,Harbor,"THEFT-GRAND ($950.01 & OVER)EXCPT,GUNS,FOWL,LIVESTK,PROD",33.7619,-118.3064,0
10/08/2020 12:00:00 AM,Rampart,SHOPLIFTING - PETTY THEFT ($950 & UNDER),34.0502,-118.2765,0
08/24/2020 12:00:00 AM,77th Street,THEFT OF IDENTITY,33.9645,-118.2739,0
09/21/2020 12:00:00 AM,Wilshire,THEFT OF IDENTITY,34.0497,-118.3442,0
02/12/2020 12:00:00 AM,Northeast,BURGLARY FROM VEHICLE,34.0957,-118.2894,0
11/14/2020 12:00:00 AM,Hollywood,BURGLARY,34.1015,-118.3434,0
03/07/2020 12:00:00 AM,Northeast,THEFT FROM MOTOR VEHICLE - GRAND ($950.01 AND OVER),34.1064,-118.2647,0
06/18/2020 12:00:00 AM,77th Street,VANDALISM - MISDEAMEANOR ($399 OR UNDER),33.9622,-118.2842,0
04/12/2020 12:00:00 AM,Newton,CRM AGNST CHLD (13 OR UNDER) (14-15 & SUSP 10 YRS OLDER),33.982,-118.2696,0
10/20/2020 12:00:00 AM,Hollenbeck,VEHICLE - STOLEN,34.0767,-118.1937,0
01/30/2020 12:00:00 AM,Newton,OTHER MISCELLANEOUS CRIME,33.9806,-118.2681,0
01/14/2020 12:00:00 AM,Northeast,SHOPLIFTING - PETTY THEFT ($950 & UNDER),34.0986,-118.2962,0
06/14/2020 12:00:00 AM,77th Street,"ASSAULT WITH DEADLY WEAPON, AGGRAVATED ASSAULT",33.9915,-118.3002,0
02/10/2020 12:00:00 AM,Wilshire,"THEFT-GRAND ($950.01 & OVER)EXCPT,GUNS,FOWL,LIVESTK,PROD",34.0526,-118.3721,0
04/24/2020 12:00:00 AM,Southwest,INTIMATE PARTNER - SIMPLE ASSAULT,34.0252,-118.3439,0
12/20/2020 12:00:00 AM,77th Street,VEHICLE - STOLEN,33.962,-118.263,0
03/18/2020 12:00:00 AM,Harbor,VANDALISM - MISDEAMEANOR ($399 OR UNDER),33.7723,-118.271,0
02/12/2020 12:00:00 AM,Newton,VEHICLE - STOLEN,34.0057,-118.2728,0
08/15/2020 12:00:00 AM,Harbor,VEHICLE - STOLEN,33.7944,-118.2576,0
06/04/2020 12:00:00 AM,Southwest,VEHICLE - STOLEN,34.0073,-118.2894,0
09/13/2020 12:00:00 AM,Hollywood,THEFT PLAIN - PETTY ($950 & UNDER),34.088,-118.3223,0
11/20/2020 12:00:00 AM,West LA,ROBBERY,34.0415,-118.4627,0
08/09/2020 12:00:00 AM,Wilshire,THEFT PLAIN - PETTY ($950 & UNDER),34.0518,-118.3583,0
03/11/2020 12:00:00 AM,Southwest,THEFT FROM MOTOR VEHICLE - GRAND ($950.01 AND OVER),34.0215,-118.2868,0
10/26/2020 12:00:00 AM,West LA,BURGLARY,34.0548,-118.4673,0
11/15/2020 12:00:00 AM,77th Street,CRIMINAL THREATS - NO WEAPON DISPLAYED,33.9789,-118.2981,0
08/30/2020 12:00:00 AM,Central,TRESPASSING,34.0717,-118.2493,0
04/11/2020 12:00:00 AM,West Valley,"VANDALISM - FELONY ($400 & OVER, ALL CHURCH VANDALISMS)",34.18,-118.5386,0
11/07/2020 12:00:00 AM,West LA,BURGLARY FROM VEHICLE,34.0604,-118.4684,0
10/25/2020 12:00:00 AM,Hollenbeck,THEFT OF IDENTITY,34.0912,-118.161,0
10/22/2020 12:00:00 AM,Hollywood,BURGLARY FROM VEHICLE,34.0998,-118.3338,0
09/01/2020 12:00:00 AM,Rampart,VEHICLE - STOLEN,34.0474,-118.2714,0
08/27/2020 12:00:00 AM,77th Street,SHOTS FIRED AT INHABITED DWELLING,33.9923,-118.287,0
08/13/2020 12:00:00 AM,Wilshire,BURGLARY,34.0649,-118.3451,0
03/20/2020 12:00:00 AM,Rampart,VEHICLE - STOLEN,34.0706,-118.2793,0
03/29/2020 12:00:00 AM,Hollywood,ATTEMPTED ROBBERY,34.1054,-118.306,0
02/02/2020 12:00:00 AM,77th Street,THEFT FROM MOTOR VEHICLE - PETTY ($950 & UNDER),33.966,-118.2783,0
04/20/2020 12:00:00 AM,Central,BATTERY - SIMPLE ASSAULT,34.0426,-118.2528,0
05/12/2020 12:00:00 AM,West LA,CRIMINAL THREATS - NO WEAPON DISPLAYED,34.047,-118.4588,0
04/12/2020 12:00:00 AM,West LA,INTIMATE PARTNER - AGGRAVATED ASSAULT,34.031,-118.411,0
05/15/2020 12:00:00 AM,Harbor,"ASSAULT WITH DEADLY WEAPON, AGGRAVATED ASSAULT",33.7897,-118.2787,0
10/08/2020 12:00:00 AM,77th Street,VEHICLE - STOLEN,33.9966,-118.3089,0
10/08/2020 12:00:00 AM,77th Street,BURGLARY FROM VEHICLE,33.9622,-118.2827,0
07/26/2020 12:00:00 AM,Southwest,BURGLARY FROM VEHICLE,34.0007,-118.3203,0
06/18/2020 12:00:00 AM,Harbor,BATTERY - SIMPLE ASSAULT,33.7796,-118.2699,0
01/12/2020 12:00:00 AM,Harbor,"VANDALISM - FELONY ($400 & OVER, ALL CHURCH VANDALISMS)",33.7388,-118.2835,0
11/02/2020 12:00:00 AM,Hollenbeck,VEHICLE - STOLEN,34.0166,-118.2064,0
01/31/2020 12:00:00 AM,Central,VANDALISM - MISDEAMEANOR ($399 OR UNDER),34.046,-118.2326,0
09/11/2020 12:00:00 AM,Rampart,"THEFT-GRAND ($950.01 & OVER)EXCPT,GUNS,FOWL,LIVESTK,PROD",34.0593,-118.261,0
08/19/2020 12:00:00 AM,Southwest,THEFT FROM MOTOR VEHICLE - GRAND ($950.01 AND OVER),34.0037,-118.3176,0
03/02/2020 12:00:00 AM,Northeast,THEFT FROM MOTOR VEHICLE - ATTEMPT,34.1412,-118.2117,0
01/09/2020 12:00:00 AM,Harbor,THEFT OF IDENTITY,33.7334,-118.2902,0
05/22/2020 12:00:00 AM,Rampart,VEHICLE - STOLEN,34.0794,-118.2953,0
06/05/2020 12:00:00 AM,Harbor,INTIMATE PARTNER - SIMPLE ASSAULT,33.7958,-118.2937,0
09/29/2020 12:00:00 AM,Northeast,VEHICLE - STOLEN,34.0946,-118.2802,0
12/24/2020 12:00:00 AM,Central,VEHICLE - STOLEN,34.0424,-118.2538,0
08/15/2020 12:00:00 AM,Rampart,"VANDALISM - FELONY ($400 & OVER, ALL CHURCH VANDALISMS)",34.0721,-118.2818,0
04/28/2020 12:00:00 AM,Central,BURGLARY,34.0551,-118.2323,0
02/01/2020 12:00:00 AM,Central,SHOPLIFTING - PETTY THEFT ($950 & UNDER),34.048,-118.2577,0
10/12/2020 12:00:00 AM,77th Street,ROBBERY,33.9892,-118.3089,0
03/30/2020 12:00:00 AM,Central,BURGLARY,34.0454,-118.2333,0
12/03/2020 12:00:00 AM,Hollenbeck,ROBBERY,34.0499,-118.2286,0
02/18/2020 12:00:00 AM,Newton,VANDALISM - MISDEAMEANOR ($399 OR UNDER),34.0035,-118.2691,0
04/14/2020 12:00:00 AM,Hollenbeck,BURGLARY FROM VEHICLE,34.0702,-118.213,0
04/10/2020 12:00:00 AM,Newton,VEHICLE - STOLEN,33.9861,-118.2705,0
02/18/2020 12:00:00 AM,Hollenbeck,THEFT FROM MOTOR VEHICLE - PETTY ($950 & UNDER),34.0779,-118.1671,0
04/06/2020 12:00:00 AM,Wilshire,BURGLARY,34.0374,-118.374,0
06/18/2020 12:00:00 AM,West Valley,THEFT PLAIN - PETTY ($950 & UNDER),34.1807,-118.536,0
12/26/2020 12:00:00 AM,Central,SHOPLIFTING - PETTY THEFT ($950 & UNDER),34.0483,-118.2631,0
11/20/2020 12:00:00 AM,77th Street,VANDALISM - MISDEAMEANOR ($399 OR UNDER),33.9872,-118.2915,0
10/03/2020 12:00:00 AM,West LA,THEFT FROM MOTOR VEHICLE - GRAND ($950.01 AND OVER),34.0478,-118.4553,0
03/01/2020 12:00:00 AM,Wilshire,BURGLARY,34.0761,-118.3563,0
02/15/2020 12:00:00 AM,Southwest,THREATENING PHONE CALLS/LETTERS,34.0093,-118.3057,0
08/29/2020 12:00:00 AM,Hollywood,VEHICLE - STOLEN,34.0928,-118.3136,0
09/23/2020 12:00:00 AM,77th Street,SHOTS FIRED AT INHABITED DWELLING,33.9511,-118.3057,0
09/16/2020 12:00:00 AM,Southwest,ATTEMPTED ROBBERY,34.0325,-118.3625,0
08/29/2020 12:00:00 AM,Southwest,BATTERY - SIMPLE ASSAULT,34.0334,-118.3639,0
04/22/2020 12:00:00 AM,77th Street,DOCUMENT FORGERY / STOLEN FELONY,33.9892,-118.3089,0
01/30/2020 12:00:00 AM,Rampart,VANDALISM - MISDEAMEANOR ($399 OR UNDER),34.0763,-118.2613,0
12/09/2020 12:00:00 AM,West Valley,DISCHARGE FIREARMS/SHOTS FIRED,34.1902,-118.5335,0
08/11/2020 12:00:00 AM,77th Street,"THEFT-GRAND ($950.01 & OVER)EXCPT,GUNS,FOWL,LIVESTK,PROD",33.9745,-118.3302,0
02/20/2020 12:00:00 AM,Hollywood,BATTERY - SIMPLE ASSAULT,34.098,-118.3267,0
09/26/2020 12:00:00 AM,Wilshire,BATTERY - SIMPLE ASSAULT,34.0514,-118.3206,0
11/04/2020 12:00:00 AM,77th Street,OTHER MISCELLANEOUS CRIME,33.9679,-118.2739,0
05/19/2020 12:00:00 AM,Harbor,"ASSAULT WITH DEADLY WEAPON, AGGRAVATED ASSAULT",33.7734,-118.2763,0
01/11/2020 12:00:00 AM,Van Nuys,CONTEMPT OF COURT,34.1976,-118.4455,0
06/26/2020 12:00:00 AM,77th Street,VEHICLE - STOLEN,33.9699,-118.2757,0
03/05/2020 12:00:00 AM,Hollywood,BURGLARY,34.1037,-118.3267,0
09/07/2020 12:00:00 AM,Van Nuys,INTIMATE PARTNER - SIMPLE ASSAULT,34.2031,-118.4291,0
11/23/2020 12:00:00 AM,Harbor,"ASSAULT WITH DEADLY WEAPON, AGGRAVATED ASSAULT",33.7424,-118.2857,0
12/05/2020 12:00:00 AM,Newton,SHOTS FIRED AT INHABITED DWELLING,34.0075,-118.2643,0
07/22/2020 12:00:00 AM,77th Street,INTIMATE PARTNER - AGGRAVATED ASSAULT,33.9643,-118.2915,0
07/06/2020 12:00:00 AM,Van Nuys,THEFT FROM MOTOR VEHICLE - PETTY ($950 & UNDER),34.1505,-118.44,0
01/25/2020 12:00:00 AM,Newton,VEHICLE - STOLEN,34.0308,-118.2574,0
08/14/2020 12:00:00 AM,77th Street,BATTERY - SIMPLE ASSAULT,33.9806,-118.3003,0
06/23/2020 12:00:00 AM,Wilshire,BRANDISH WEAPON,34.044,-118.3415,0
02/19/2020 12:00:00 AM,Newton,"VANDALISM - FELONY ($400 & OVER, ALL CHURCH VANDALISMS)",34.0242,-118.2623,0
10/27/2020 12:00:00 AM,Harbor,VEHICLE - STOLEN,33.7649,-118.3076,0
06/25/2020 12:00:00 AM,Harbor,VEHICLE - STOLEN,33.7769,-118.2662,0
02/22/2020 12:00:00 AM,Central,"ASSAULT WITH DEADLY WEAPON, AGGRAVATED ASSAULT",34.0409,-118.2574,0
10/09/2020 12:00:00 AM,Southwest,THEFT PLAIN - PETTY ($950 & UNDER),34.0305,-118.2865,0
02/18/2020 12:00:00 AM,Central,ATTEMPTED ROBBERY,34.0439,-118.2479,0
02/27/2020 12:00:00 AM,Wilshire,"ASSAULT WITH DEADLY WEAPON, AGGRAVATED ASSAULT",34.0408,-118.3369,0
05/22/2020 12:00:00 AM,West LA,"VANDALISM - FELONY ($400 & OVER, ALL CHURCH VANDALISMS)",34.0383,-118.4324,0
11/14/2020 12:00:00 AM,Wilshire,BURGLARY FROM VEHICLE,34.0715,-118.3679,0
03/29/2020 12:00:00 AM,Hollenbeck,"ASSAULT WITH DEADLY WEAPON, AGGRAVATED ASSAULT",34.0515,-118.213,0
11/15/2020 12:00:00 AM,Rampart,INTIMATE PARTNER - AGGRAVATED ASSAULT,34.0596,-118.2701,0
10/30/2020 12:00:00 AM,West Valley,"ASSAULT WITH DEADLY WEAPON, AGGRAVATED ASSAULT",34.1938,-118.5481,0
05/17/2020 12:00:00 AM,Wilshire,SEXUAL PENETRATION W/FOREIGN OBJECT,34.064,-118.3525,0
05/04/2020 12:00:00 AM,77th Street,VEHICLE - STOLEN,33.9691,-118.309,0
03/02/2020 12:00:00 AM,Van Nuys,BATTERY - SIMPLE ASSAULT,34.1939,-118.4641,0
07/18/2020 12:00:00 AM,Hollenbeck,VIOLATION OF TEMPORARY RESTRAINING ORDER,34.0748,-118.1994,0
05/05/2020 12:00:00 AM,Southwest,THEFT PLAIN - PETTY ($950 & UNDER),34.0109,-118.3113,0
04/18/2020 12:00:00 AM,Northeast,THEFT FROM MOTOR VEHICLE - ATTEMPT,34.1347,-118.1919,0
01/16/2020 12:00:00 AM,Harbor,BATTERY - SIMPLE ASSAULT,33.7297,-118.3012,0
11/20/2020 12:00:00 AM,Hollywood,"THEFT-GRAND ($950.01 & OVER)EXCPT,GUNS,FOWL,LIVESTK,PROD",34.1004,-118.3022,0
05/23/2020 12:00:00 AM,West LA,"THEFT-GRAND ($950.01 & OVER)EXCPT,GUNS,FOWL,LIVESTK,PROD",34.0442,-118.3827,0
03/06/2020 12:00:00 AM,Northeast,"ASSAULT WITH DEADLY WEAPON, AGGRAVATED ASSAULT",34.1145,-118.2333,0
10/19/2020 12:00:00 AM,77th Street,"ASSAULT WITH DEADLY WEAPON, AGGRAVATED ASSAULT",33.9737,-118.321,0
09/23/2020 12:00:00 AM,Wilshire,ROBBERY,34.0836,-118.3511,0
07/25/2020 12:00:00 AM,Northeast,"ASSAULT WITH DEADLY WEAPON, AGGRAVATED ASSAULT",34.1186,-118.245,0
08/21/2020 12:00:00 AM,Hollywood,VEHICLE - STOLEN,34.1091,-118.3878,0
06/16/2020 12:00:00 AM,77th Street,VANDALISM - MISDEAMEANOR ($399 OR UNDER),33.9855,-118.3186,0
03/22/2020 12:00:00 AM,Hollywood,BURGLARY FROM VEHICLE,34.1194,-118.3189,0
04/17/2020 12:00:00 AM,Southwest,TRESPASSING,34.027,-118.3661,0
06/22/2020 12:00:00 AM,Southwest,BURGLARY FROM VEHICLE,34.0325,-118.3524,0
09/06/2020 12:00:00 AM,Van Nuys,THEFT PLAIN - PETTY ($950 & UNDER),34.1885,-118.4662,0
12/20/2020 12:00:00 AM,Wilshire,OTHER ASSAULT,34.0476,-118.3676,0
05/14/2020 12:00:00 AM,Central,BATTERY - SIMPLE ASSAULT,34.0525,-118.2432,0
05/27/2020 12:00:00 AM,Hollenbeck,BURGLARY,34.021,-118.2145,0
01/10/2020 12:00:00 AM,Hollywood,"RAPE, FORCIBLE",34.1032,-118.3374,0
03/16/2020 12:00:00 AM,Central,THEFT PLAIN - PETTY ($950 & UNDER),34.0446,-118.245,0
07/01/2020 12:00:00 AM,West LA,"THEFT-GRAND ($950.01 & OVER)EXCPT,GUNS,FOWL,LIVESTK,PROD",34.0672,-118.435,0
08/07/2020 12:00:00 AM,Hollywood,VANDALISM - MISDEAMEANOR ($399 OR UNDER),34.0898,-118.3244,0
10/11/2020 12:00:00 AM,Hollenbeck,VANDALISM - MISDEAMEANOR ($399 OR UNDER),34.0277,-118.2023,0
06/11/2020 12:00:00 AM,Wilshire,ROBBERY,34.0485,-118.3335,0
04/06/2020 12:00:00 AM,Southwest,"ASSAULT WITH DEADLY WEAPON, AGGRAVATED ASSAULT",34.0255,-118.2915,0
04/27/2020 12:00:00 AM,Hollywood,VEHICLE - STOLEN,34.1017,-118.355,0
10/31/2020 12:00:00 AM,77th Street,BATTERY - SIMPLE ASSAULT,33.9721,-118.2574,0
03/22/2020 12:00:00 AM,77th Street,BATTERY - SIMPLE ASSAULT,33.9737,-118.2871,0
05/19/2020 12:00:00 AM,West LA,BURGLARY,34.0465,-118.4588,0
01/13/2020 12:00:00 AM,Newton,ROBBERY,33.9843,-118.2739,0
10/20/2020 12:00:00 AM,Wilshire,BURGLARY FROM VEHICLE,34.0762,-118.3555,0
02/24/2020 12:00:00 AM,Central,BOMB SCARE,34.0431,-118.2692,0
03/05/2020 12:00:00 AM,Central,THEFT PLAIN - PETTY ($950 & UNDER),34.0479,-118.2612,0
03/17/2020 12:00:00 AM,77th Street,BURGLARY FROM VEHICLE,33.9719,-118.3155,0
06/30/2020 12:00:00 AM,77th Street,"RAPE, FORCIBLE",33.9566,-118.3003,0
09/10/2020 12:00:00 AM,West Valley,BURGLARY,34.2192,-118.5535,0
09/13/2020 12:00:00 AM,77th Street,INTIMATE PARTNER - SIMPLE ASSAULT,33.9969,-118.3002,0
07/17/2020 12:00:00 AM,Northeast,BATTERY - SIMPLE ASSAULT,34.1071,-118.194,0
06/08/2020 12:00:00 AM,Wilshire,BURGLARY FROM VEHICLE,34.0485,-118.3558,0
08/05/2020 12:00:00 AM,Wilshire,CRIMINAL THREATS - NO WEAPON DISPLAYED,34.0405,-118.3548,0
09/27/2020 12:00:00 AM,Central,ROBBERY,34.0437,-118.2582,0
11/16/2020 12:00:00 AM,West LA,"THEFT-GRAND ($950.01 & OVER)EXCPT,GUNS,FOWL,LIVESTK,PROD",34.0998,-118.4436,0
11/22/2020 12:00:00 AM,Wilshire,INTIMATE PARTNER - SIMPLE ASSAULT,34.0455,-118.3676,0
01/19/2020 12:00:00 AM,Harbor,VEHICLE - STOLEN,33.7478,-118.2835,0
03/31/2020 12:00:00 AM,Northeast,THEFT OF IDENTITY,34.104,-118.1915,0
10/01/2020 12:00:00 AM,West Valley,THEFT PLAIN - PETTY ($950 & UNDER),34.2192,-118.5601,0
04/14/2020 12:00:00 AM,Van Nuys,THEFT OF IDENTITY,34.149,-118.4225,0
08/17/2020 12:00:00 AM,Hollenbeck,SHOPLIFTING - PETTY THEFT ($950 & UNDER),34.0623,-118.198,0
12/17/2020 12:00:00 AM,Hollenbeck,BURGLARY FROM VEHICLE,34.0956,-118.1685,0
08/05/2020 12:00:00 AM,Southwest,BRANDISH WEAPON,34.0127,-118.3525,0
01/31/2020 12:00:00 AM,Wilshire,THEFT PLAIN - PETTY ($950 & UNDER),34.0708,-118.3563,0
08/19/2020 12:00:00 AM,Rampart,VANDALISM - MISDEAMEANOR ($399 OR UNDER),34.0617,-118.2795,0
10/03/2020 12:00:00 AM,Central,VEHICLE - STOLEN,34.0571,-118.2405,0
09/28/2020 12:00:00 AM,Southwest,"BUNCO, GRAND THEFT",34.0297,-118.362,0
08/06/2020 12:00:00 AM,77th Street,THEFT PLAIN - PETTY ($950 & UNDER),33.9737,-118.2827,0
06/05/2020 12:00:00 AM,Central,VIOLATION OF RESTRAINING ORDER,34.0395,-118.2451,0
09/23/2020 12:00:00 AM,Northeast,VIOLATION OF RESTRAINING ORDER,34.104,-118.1971,0
11/02/2020 12:00:00 AM,Northeast,CRIMINAL THREATS - NO WEAPON DISPLAYED,34.0982,-118.2943,0
10/12/2020 12:00:00 AM,Rampart,VEHICLE - STOLEN,34.0909,-118.2917,0
11/02/2020 12:00:00 AM,Wilshire,"VANDALISM - FELONY ($400 & OVER, ALL CHURCH VANDALISMS)",34.051,-118.3538,0
02/16/2020 12:00:00 AM,Southwest,ROBBERY,34.0184,-118.3672,0
09/01/2020 12:00:00 AM,77th Street,VEHICLE - STOLEN,33.977,-118.2981,0
08/28/2020 12:00:00 AM,Wilshire,VEHICLE - STOLEN,34.0853,-118.3462,0
05/30/2020 12:00:00 AM,Wilshire,BURGLARY,34.0819,-118.3385,0
02/11/2020 12:00:00 AM,Hollenbeck,CRIMINAL THREATS - NO WEAPON DISPLAYED,34.0611,-118.2086,0
06/15/2020 12:00:00 AM,77th Street,VEHICLE - STOLEN,33.9924,-118.2827,0
07/25/2020 12:00:00 AM,77th Street,THEFT PLAIN - PETTY ($950 & UNDER),33.9756,-118.3323,0
04/23/2020 12:00:00 AM,West Valley,CRIMINAL THREATS - NO WEAPON DISPLAYED,34.1543,-118.4689,0
09/21/2020 12:00:00 AM,Harbor,THEFT PLAIN - PETTY ($950 & UNDER),33.817,-118.2996,0
10/16/2020 12:00:00 AM,Wilshire,VEHICLE - STOLEN,34.049,-118.3411,0
04/11/2020 12:00:00 AM,Rampart,BURGLARY,34.0902,-118.2818,0
01/12/2020 12:00:00 AM,Central,THEFT PLAIN - PETTY ($950 & UNDER),34.0452,-118.2569,0
03/05/2020 12:00:00 AM,Hollywood,BATTERY - SIMPLE ASSAULT,34.098,-118.3267,0
10/18/2020 12:00:00 AM,West Valley,BURGLARY,34.203,-118.499,0
08/25/2020 12:00:00 AM,Central,BATTERY WITH SEXUAL CONTACT,34.0416,-118.244,0
06/02/2020 12:00:00 AM,Rampart,BATTERY - SIMPLE ASSAULT,34.0689,-118.2639,0
08/09/2020 12:00:00 AM,Northeast,CRIMINAL THREATS - NO WEAPON DISPLAYED,34.0947,-118.2877,0
03/06/2020 12:00:00 AM,Central,ATTEMPTED ROBBERY,34.0459,-118.2579,0
10/19/2020 12:00:00 AM,Central,"VANDALISM - FELONY ($400 & OVER, ALL CHURCH VANDALISMS)",34.0406,-118.2578,0
11/10/2020 12:00:00 AM,Hollenbeck,THEFT OF IDENTITY,34.0898,-118.2045,0
11/14/2020 12:00:00 AM,Southwest,VEHICLE - STOLEN,34.0348,-118.3078,0
08/04/2020 12:00:00 AM,Van Nuys,FALSE POLICE REPORT,34.1721,-118.44,0
04/19/2020 12:00:00 AM,Southwest,"THEFT-GRAND ($950.01 & OVER)EXCPT,GUNS,FOWL,LIVESTK,PROD",34.0055,-118.3089,0
06/14/2020 12:00:00 AM,West LA,THEFT FROM MOTOR VEHICLE - PETTY ($950 & UNDER),34.0502,-118.4439,0
05/22/2020 12:00:00 AM,Hollywood,THEFT PLAIN - PETTY ($950 & UNDER),34.1017,-118.3093,0
06/29/2020 12:00:00 AM,Hollywood,OTHER MISCELLANEOUS CRIME,34.098,-118.342,0
07/26/2020 12:00:00 AM,West LA,BURGLARY,34.0333,-118.4418,0
12/16/2020 12:00:00 AM,Hollywood,BATTERY - SIMPLE ASSAULT,34.0854,-118.3136,0
12/03/2020 12:00:00 AM,Rampart,VEHICLE - STOLEN,34.0641,-118.252,0
02/06/2020 12:00:00 AM,Southwest,BURGLARY FROM VEHICLE,34.0327,-118.3177,0
01/13/2020 12:00:00 AM,Hollenbeck,THEFT PLAIN - PETTY ($950 & UNDER),34.0738,-118.1966,0
01/25/2020 12:00:00 AM,Rampart,INTIMATE PARTNER - SIMPLE ASSAULT,34.0633,-118.2738,0
01/05/2020 12:00:00 AM,Central,VANDALISM - MISDEAMEANOR ($399 OR UNDER),34.0433,-118.2504,0
11/01/2020 12:00:00 AM,Central,BATTERY - SIMPLE ASSAULT,34.0438,-118.2547,0
01/24/2020 12:00:00 AM,Van Nuys,BRANDISH WEAPON,34.1939,-118.4487,0
06/09/2020 12:00:00 AM,77th Street,"VANDALISM - FELONY ($400 & OVER, ALL CHURCH VANDALISMS)",33.9746,-118.2892,0
12/24/2020 12:00:00 AM,Wilshire,BATTERY - SIMPLE ASSAULT,34.0847,-118.3686,0
08/03/2020 12:00:00 AM,Wilshire,BATTERY - SIMPLE ASSAULT,34.0636,-118.3451,0
11/05/2020 12:00:00 AM,Harbor,VEHICLE - STOLEN,33.8688,-118.2907,0
12/21/2020 12:00:00 AM,Rampart,BATTERY - SIMPLE ASSAULT,34.049,-118.2816,0
12/26/2020 12:00:00 AM,Van Nuys,BATTERY - SIMPLE ASSAULT,34.1827,-118.4553,0
05/29/2020 12:00:00 AM,Hollywood,INTIMATE PARTNER - SIMPLE ASSAULT,34.1106,-118.3646,0
03/28/2020 12:00:00 AM,Hollenbeck,VEHICLE - STOLEN,34.0921,-118.1668,0
10/23/2020 12:00:00 AM,Hollenbeck,VEHICLE - ATTEMPT STOLEN,34.0253,-118.2224,0
10/11/2020 12:00:00 AM,Northeast,BURGLARY FROM VEHICLE,34.0916,-118.2708,0
01/29/2020 12:00:00 AM,West LA,VIOLATION OF COURT ORDER,34.0597,-118.4685,0
10/29/2020 12:00:00 AM,Harbor,SHOPLIFTING-GRAND THEFT ($950.01 & OVER),33.7501,-118.3092,0
07/22/2020 12:00:00 AM,West Valley,BATTERY POLICE (SIMPLE),34.1866,-118.5535,0
07/04/2020 12:00:00 AM,77th Street,"BURGLARY, ATTEMPTED",33.9922,-118.3276,0
05/20/2020 12:00:00 AM,West LA,BURGLARY,34.0511,-118.4643,0
09/12/2020 12:00:00 AM,Southwest,BATTERY - SIMPLE ASSAULT,34.0349,-118.2959,0
04/04/2020 12:00:00 AM,Hollenbeck,VEHICLE - STOLEN,34.0341,-118.197,0
09/23/2020 12:00:00 AM,Hollenbeck,THEFT FROM MOTOR VEHICLE - GRAND ($950.01 AND OVER),34.0345,-118.2228,0
02/10/2020 12:00:00 AM,Wilshire,CRIMINAL THREATS - NO WEAPON DISPLAYED,34.0853,-118.3511,0
09/27/2020 12:00:00 AM,Hollywood,CRIMINAL THREATS - NO WEAPON DISPLAYED,34.0864,-118.3059,0
07/09/2020 12:00:00 AM,Van Nuys,BURGLARY,34.1502,-118.4443,0
10/02/2020 12:00:00 AM,Wilshire,BURGLARY FROM VEHICLE,34.0715,-118.3679,0
08/20/2020 12:00:00 AM,Van Nuys,THEFT PLAIN - PETTY ($950 & UNDER),34.1837,-118.4465,0
09/12/2020 12:00:00 AM,Northeast,THEFT FROM MOTOR VEHICLE - PETTY ($950 & UNDER),34.117,-118.2717,0
05/30/2020 12:00:00 AM,Wilshire,ASSAULT WITH DEADLY WEAPON ON POLICE OFFICER,34.0837,-118.3532,0
01/24/2020 12:00:00 AM,77th Street,VEHICLE - STOLEN,33.9737,-118.3309,0
10/23/2020 12:00:00 AM,West Valley,"ASSAULT WITH DEADLY WEAPON, AGGRAVATED ASSAULT",34.1603,-118.5033,0
05/12/2020 12:00:00 AM,Newton,BRANDISH WEAPON,34.0076,-118.2653,0
09/28/2020 12:00:00 AM,West Valley,TRESPASSING,34.1649,-118.4836,0
06/17/2020 12:00:00 AM,Hollywood,BURGLARY FROM VEHICLE,34.0926,-118.3332,0
06/13/2020 12:00:00 AM,Wilshire,BURGLARY,34.0454,-118.3433,0
09/18/2020 12:00:00 AM,Hollywood,BURGLARY,34.1017,-118.3553,0
12/17/2020 12:00:00 AM,Southwest,INTIMATE PARTNER - SIMPLE ASSAULT,34.0246,-118.3032,0
08/25/2020 12:00:00 AM,Van Nuys,INTIMATE PARTNER - SIMPLE ASSAULT,34.2013,-118.4689,0
04/30/2020 12:00:00 AM,Wilshire,CRIMINAL THREATS - NO WEAPON DISPLAYED,34.0492,-118.3204,0
05/24/2020 12:00:00 AM,Hollenbeck,"ASSAULT WITH DEADLY WEAPON, AGGRAVATED ASSAULT",34.0921,-118.2028,0
01/07/2020 12:00:00 AM,Southwest,THEFT PLAIN - PETTY ($950 & UNDER),34.0355,-118.2975,0
01/25/2020 12:00:00 AM,Hollywood,CRIMINAL THREATS - NO WEAPON DISPLAYED,34.1016,-118.3282,0
04/27/2020 12:00:00 AM,Central,"VANDALISM - FELONY ($400 & OVER, ALL CHURCH VANDALISMS)",34.0668,-118.2359,0
07/09/2020 12:00:00 AM,Van Nuys,VANDALISM - MISDEAMEANOR ($399 OR UNDER),34.1721,-118.459,0
03/25/2020 12:00:00 AM,Northeast,VEHICLE - STOLEN,34.0936,-118.2298,0
07/12/2020 12:00:00 AM,Southwest,"THEFT, PERSON",34.0222,-118.333,0
02/01/2020 12:00:00 AM,Northeast,BATTERY WITH SEXUAL CONTACT,34.1056,-118.2587,0
02/05/2020 12:00:00 AM,Wilshire,"THEFT-GRAND ($950.01 & OVER)EXCPT,GUNS,FOWL,LIVESTK,PROD",34.0746,-118.3765,0
03/02/2020 12:00:00 AM,Harbor,BURGLARY FROM VEHICLE,33.736,-118.2814,0
05/21/2020 12:00:00 AM,Hollenbeck,DISCHARGE FIREARMS/SHOTS FIRED,34.0812,-118.2032,0
03/31/2020 12:00:00 AM,Van Nuys,BURGLARY FROM VEHICLE,34.1433,-118.4564,0
07/23/2020 12:00:00 AM,Southwest,BATTERY WITH SEXUAL CONTACT,34.0278,-118.3508,0
07/01/2020 12:00:00 AM,Harbor,THEFT FROM MOTOR VEHICLE - PETTY ($950 & UNDER),33.7645,-118.2498,0
10/31/2020 12:00:00 AM,Hollywood,ROBBERY,34.1015,-118.3425,0
11/28/2020 12:00:00 AM,77th Street,INTIMATE PARTNER - SIMPLE ASSAULT,33.9713,-118.2739,0
06/04/2020 12:00:00 AM,Northeast,BATTERY - SIMPLE ASSAULT,34.1367,-118.2089,0
05/14/2020 12:00:00 AM,West Valley,VIOLATION OF COURT ORDER,34.1962,-118.546,0
04/06/2020 12:00:00 AM,Wilshire,VEHICLE - STOLEN,34.0496,-118.3428,0
03/03/2020 12:00:00 AM,West LA,THEFT FROM MOTOR VEHICLE - PETTY ($950 & UNDER),34.0444,-118.3838,0
11/20/2020 12:00:00 AM,West LA,"THEFT-GRAND ($950.01 & OVER)EXCPT,GUNS,FOWL,LIVESTK,PROD",34.0521,-118.4375,0
01/25/2020 12:00:00 AM,Central,BURGLARY FROM VEHICLE,34.0415,-118.2374,0
01/31/2020 12:00:00 AM,Southwest,ROBBERY,34.0171,-118.3531,0
06/04/2020 12:00:00 AM,Van Nuys,INTIMATE PARTNER - SIMPLE ASSAULT,34.1794,-118.4422,0
04/09/2020 12:00:00 AM,77th Street,"ASSAULT WITH DEADLY WEAPON, AGGRAVATED ASSAULT",33.9717,-118.2842,0
10/05/2020 12:00:00 AM,Southwest,BATTERY - SIMPLE ASSAULT,34.0164,-118.3312,0
02/14/2020 12:00:00 AM,Hollywood,THEFT PLAIN - PETTY ($950 & UNDER),34.0888,-118.3124,0
02/04/2020 12:00:00 AM,Wilshire,BATTERY - SIMPLE ASSAULT,34.0455,-118.3225,0
06/20/2020 12:00:00 AM,Central,CRIMINAL HOMICIDE,34.0453,-118.2443,0
10/31/2020 12:00:00 AM,Wilshire,"VANDALISM - FELONY ($400 & OVER, ALL CHURCH VANDALISMS)",34.0478,-118.3267,0
11/03/2020 12:00:00 AM,77th Street,VEHICLE - STOLEN,33.9814,-118.3084,0
08/27/2020 12:00:00 AM,West LA,THEFT OF IDENTITY,34.0645,-118.4335,0
05/16/2020 12:00:00 AM,Central,BRANDISH WEAPON,34.0488,-118.2518,0
01/17/2020 12:00:00 AM,Wilshire,"BUNCO, GRAND THEFT",34.087,-118.3753,0
12/05/2020 12:00:00 AM,Hollywood,"ASSAULT WITH DEADLY WEAPON, AGGRAVATED ASSAULT",34.1043,-118.3718,0
10/03/2020 12:00:00 AM,West Valley,BATTERY - SIMPLE ASSAULT,34.1776,-118.5535,0
04/25/2020 12:00:00 AM,Rampart,VANDALISM - MISDEAMEANOR ($399 OR UNDER),34.0522,-118.2673,0
08/28/2020 12:00:00 AM,Wilshire,BRANDISH WEAPON,34.0728,-118.3848,0
05/20/2020 12:00:00 AM,Wilshire,BATTERY - SIMPLE ASSAULT,34.0649,-118.3462,0
02/13/2020 12:00:00 AM,Rampart,"EMBEZZLEMENT, GRAND THEFT ($950.01 & OVER)",34.0565,-118.2724,0
09/04/2020 12:00:00 AM,Central,THEFT PLAIN - PETTY ($950 & UNDER),34.0343,-118.2605,0
02/06/2020 12:00:00 AM,77th Street,VEHICLE - STOLEN,33.9987,-118.2871,0
12/29/2020 12:00:00 AM,Hollenbeck,BATTERY - SIMPLE ASSAULT,34.08,-118.1756,0
11/22/2020 12:00:00 AM,Southwest,"ASSAULT WITH DEADLY WEAPON, AGGRAVATED ASSAULT",34.0155,-118.2937,0
06/01/2020 12:00:00 AM,West Valley,ROBBERY,34.1939,-118.5535,0
09/12/2020 12:00:00 AM,Hollywood,CRIMINAL THREATS - NO WEAPON DISPLAYED,34.0952,-118.3332,0
07/27/2020 12:00:00 AM,West LA,"BUNCO, GRAND THEFT",34.0362,-118.4481,0
11/16/2020 12:00:00 AM,Harbor,THEFT FROM MOTOR VEHICLE - GRAND ($950.01 AND OVER),33.8535,-118.2992,0
02/29/2020 12:00:00 AM,Harbor,"VANDALISM - FELONY ($400 & OVER, ALL CHURCH VANDALISMS)",33.7848,-118.2628,0
12/07/2020 12:00:00 AM,Central,"ASSAULT WITH DEADLY WEAPON, AGGRAVATED ASSAULT",34.0473,-118.2601,0
03/30/2020 12:00:00 AM,West Valley,THEFT OF IDENTITY,34.1691,-118.5523,0
02/15/2020 12:00:00 AM,Rampart,OTHER ASSAULT,34.0763,-118.2932,0
03/10/2020 12:00:00 AM,Hollywood,"BUNCO, PETTY THEFT",34.1053,-118.3307,0
10/01/2020 12:00:00 AM,West Valley,"VANDALISM - FELONY ($400 & OVER, ALL CHURCH VANDALISMS)",34.2172,-118.5134,0
09/04/2020 12:00:00 AM,77th Street,BURGLARY,33.9711,-118.2696,0
09/22/2020 12:00:00 AM,Wilshire,BATTERY - SIMPLE ASSAULT,34.0417,-118.3207,0
02/05/2020 12:00:00 AM,Wilshire,BURGLARY,34.0604,-118.3248,0
04/22/2020 12:00:00 AM,Hollywood,BATTERY WITH SEXUAL CONTACT,34.1097,-118.3251,0
02/14/2020 12:00:00 AM,West Valley,ROBBERY,34.166,-118.5095,0
02/27/2020 12:00:00 AM,Rampart,VANDALISM - MISDEAMEANOR ($399 OR UNDER),34.0634,-118.263,0
01/08/2020 12:00:00 AM,Central,THEFT PLAIN - PETTY ($950 & UNDER),34.0561,-118.2375,0
07/27/2020 12:00:00 AM,Wilshire,CRIMINAL THREATS - NO WEAPON DISPLAYED,34.0853,-118.3475,0
07/22/2020 12:00:00 AM,West LA,THEFT FROM MOTOR VEHICLE - GRAND ($950.01 AND OVER),34.0441,-118.4675,0
05/30/2020 12:00:00 AM,Wilshire,"VANDALISM - FELONY ($400 & OVER, ALL CHURCH VANDALISMS)",34.0835,-118.3441,0
08/01/2020 12:00:00 AM,West Valley,THEFT PLAIN - PETTY ($950 & UNDER),34.1654,-118.522,0
01/07/2020 12:00:00 AM,Central,SHOPLIFTING - PETTY THEFT ($950 & UNDER),34.048,-118.2577,0
05/09/2020 12:00:00 AM,77th Street,"ASSAULT WITH DEADLY WEAPON, AGGRAVATED ASSAULT",33.9737,-118.2783,0
08/27/2020 12:00:00 AM,West LA,BATTERY POLICE (SIMPLE),34.0437,-118.4503,0
04/30/2020 12:00:00 AM,West Valley,DOCUMENT FORGERY / STOLEN FELONY,34.2143,-118.5534,0
02/23/2020 12:00:00 AM,West Valley,BATTERY - SIMPLE ASSAULT,34.1724,-118.536,0
07/31/2020 12:00:00 AM,Rampart,BATTERY - SIMPLE ASSAULT,34.0776,-118.2635,0
08/12/2020 12:00:00 AM,77th Street,INTIMATE PARTNER - SIMPLE ASSAULT,33.9747,-118.2608,0
05/01/2020 12:00:00 AM,West LA,"ASSAULT WITH DEADLY WEAPON, AGGRAVATED ASSAULT",34.0673,-118.4534,0
01/06/2020 12:00:00 AM,Hollywood,THEFT OF IDENTITY,34.1,-118.3056,0
11/08/2020 12:00:00 AM,Hollywood,"VANDALISM - FELONY ($400 & OVER, ALL CHURCH VANDALISMS)",34.098,-118.3228,0
03/24/2020 12:00:00 AM,Rampart,THEFT FROM MOTOR VEHICLE - PETTY ($950 & UNDER),34.0514,-118.2705,0
02/17/2020 12:00:00 AM,Rampart,ARSON,34.0503,-118.2808,0
12/02/2020 12:00:00 AM,West LA,THEFT PLAIN - PETTY ($950 & UNDER),34.0382,-118.422,0
05/19/2020 12:00:00 AM,Harbor,BURGLARY FROM VEHICLE,33.8606,-118.2942,0
05/25/2020 12:00:00 AM,77th Street,ROBBERY,33.9923,-118.287,0
03/30/2020 12:00:00 AM,Van Nuys,INTIMATE PARTNER - SIMPLE ASSAULT,34.174,-118.44,0
06/01/2020 12:00:00 AM,Wilshire,VEHICLE - STOLEN,34.0454,-118.3307,0
03/10/2020 12:00:00 AM,Southwest,BATTERY - SIMPLE ASSAULT,34.0336,-118.3441,0
06/18/2020 12:00:00 AM,Wilshire,VEHICLE - STOLEN,34.0722,-118.3785,0
06/23/2020 12:00:00 AM,Rampart,SHOPLIFTING - PETTY THEFT ($950 & UNDER),34.0613,-118.2738,0
06/08/2020 12:00:00 AM,Central,"ASSAULT WITH DEADLY WEAPON, AGGRAVATED ASSAULT",34.0429,-118.2462,0
07/17/2020 12:00:00 AM,77th Street,VEHICLE - STOLEN,33.9669,-118.2674,0
10/28/2020 12:00:00 AM,Central,CRIMINAL THREATS - NO WEAPON DISPLAYED,34.0447,-118.259,0
01/12/2020 12:00:00 AM,Hollywood,THEFT FROM MOTOR VEHICLE - PETTY ($950 & UNDER),34.0889,-118.3223,0
07/15/2020 12:00:00 AM,Hollenbeck,INTIMATE PARTNER - SIMPLE ASSAULT,34.0812,-118.1743,0
11/22/2020 12:00:00 AM,Central,"BURGLARY, ATTEMPTED",34.0607,-118.2494,0
08/22/2020 12:00:00 AM,77th Street,VEHICLE - STOLEN,33.9996,-118.3002,0
07/15/2020 12:00:00 AM,Wilshire,SHOTS FIRED AT INHABITED DWELLING,34.0485,-118.3433,0
10/12/2020 12:00:00 AM,Harbor,CRIMINAL THREATS - NO WEAPON DISPLAYED,33.7947,-118.2928,0
03/20/2020 12:00:00 AM,Newton,"LETTERS, LEWD  -  TELEPHONE CALLS, LEWD",34.0181,-118.2689,0
01/10/2020 12:00:00 AM,Van Nuys,"VANDALISM - FELONY ($400 & OVER, ALL CHURCH VANDALISMS)",34.1721,-118.4662,0
02/04/2020 12:00:00 AM,Central,THEFT FROM MOTOR VEHICLE - PETTY ($950 & UNDER),34.0491,-118.2414,0
01/19/2020 12:00:00 AM,West LA,OTHER MISCELLANEOUS CRIME,34.0863,-118.4596,0
03/29/2020 12:00:00 AM,Central,CRIMINAL THREATS - NO WEAPON DISPLAYED,34.0442,-118.2439,0
10/11/2020 12:00:00 AM,Central,"ASSAULT WITH DEADLY WEAPON, AGGRAVATED ASSAULT",34.0483,-118.2631,0
09/19/2020 12:00:00 AM,77th Street,"VANDALISM - FELONY ($400 & OVER, ALL CHURCH VANDALISMS)",33.9688,-118.2873,0
03/27/2020 12:00:00 AM,Van Nuys,"VANDALISM - FELONY ($400 & OVER, ALL CHURCH VANDALISMS)",34.1907,-118.4487,0
02/22/2020 12:00:00 AM,Harbor,BURGLARY,33.7695,-118.2612,0
11/13/2020 12:00:00 AM,Rampart,THEFT FROM MOTOR VEHICLE - PETTY ($950 & UNDER),34.0606,-118.2632,0
04/17/2020 12:00:00 AM,Hollywood,BURGLARY,34.1018,-118.3005,0
08/02/2020 12:00:00 AM,West Valley,BURGLARY FROM VEHICLE,34.2141,-118.5612,0
07/01/2020 12:00:00 AM,Hollywood,"THEFT-GRAND ($950.01 & OVER)EXCPT,GUNS,FOWL,LIVESTK,PROD",34.1016,-118.3391,0
10/17/2020 12:00:00 AM,Harbor,"VANDALISM - FELONY ($400 & OVER, ALL CHURCH VANDALISMS)",33.7938,-118.296,0
10/04/2020 12:00:00 AM,Rampart,BURGLARY,34.09,-118.2807,0
04/22/2020 12:00:00 AM,Newton,TRESPASSING,34.0035,-118.2431,0
12/21/2020 12:00:00 AM,Wilshire,ROBBERY,34.0782,-118.3695,0
09/02/2020 12:00:00 AM,Central,BATTERY - SIMPLE ASSAULT,34.0369,-118.2583,0
07/30/2020 12:00:00 AM,Wilshire,VEHICLE - STOLEN,34.0871,-118.3511,0
03/19/2020 12:00:00 AM,Southwest,"VANDALISM - FELONY ($400 & OVER, ALL CHURCH VANDALISMS)",34.0164,-118.3312,0
08/20/2020 12:00:00 AM,West Valley,BRANDISH WEAPON,34.1903,-118.4836,0
11/11/2020 12:00:00 AM,Northeast,THEFT FROM MOTOR VEHICLE - PETTY ($950 & UNDER),34.1152,-118.1898,0
04/30/2020 12:00:00 AM,Harbor,INTIMATE PARTNER - SIMPLE ASSAULT,33.737,-118.3039,0
11/15/2020 12:00:00 AM,Southwest,BATTERY - SIMPLE ASSAULT,34.0279,-118.343,0
09/22/2020 12:00:00 AM,77th Street,BRANDISH WEAPON,33.9746,-118.3115,0
01/24/2020 12:00:00 AM,Central,BURGLARY FROM VEHICLE,34.0399,-118.2383,0
05/06/2020 12:00:00 AM,Hollenbeck,ROBBERY,34.0517,-118.2188,0
09/12/2020 12:00:00 AM,Northeast,BATTERY - SIMPLE ASSAULT,34.114,-118.1949,0
08/28/2020 12:00:00 AM,Van Nuys,BURGLARY,34.2011,-118.4605,0
07/24/2020 12:00:00 AM,Wilshire,BURGLARY,34.068,-118.3743,0
11/24/2020 12:00:00 AM,Van Nuys,VEHICLE - STOLEN,34.1504,-118.4312,0
07/04/2020 12:00:00 AM,Hollenbeck,"VANDALISM - FELONY ($400 & OVER, ALL CHURCH VANDALISMS)",34.0614,-118.2141,0
07/28/2020 12:00:00 AM,Rampart,VEHICLE - STOLEN,34.069,-118.2844,0
02/23/2020 12:00:00 AM,Hollywood,"VANDALISM - FELONY ($400 & OVER, ALL CHURCH VANDALISMS)",34.116,-118.331,0
04/07/2020 12:00:00 AM,West Valley,ROBBERY,34.1746,-118.5622,0
08/01/2020 12:00:00 AM,Central,ROBBERY,34.0477,-118.2637,0
05/03/2020 12:00:00 AM,77th Street,INTIMATE PARTNER - SIMPLE ASSAULT,33.9951,-118.3089,0
10/02/2020 12:00:00 AM,Harbor,BRANDISH WEAPON,33.7397,-118.2835,0
07/08/2020 12:00:00 AM,Southwest,CRIMINAL THREATS - NO WEAPON DISPLAYED,34.0325,-118.3472,0
11/20/2020 12:00:00 AM,77th Street,ROBBERY,33.9667,-118.2915,0
02/20/2020 12:00:00 AM,Southwest,BURGLARY FROM VEHICLE,34.011,-118.3351,0
01/22/2020 12:00:00 AM,Harbor,DOCUMENT FORGERY / STOLEN FELONY,33.727,-118.2924,0
03/08/2020 12:00:00 AM,Harbor,TRESPASSING,33.7762,-118.2504,0
04/03/2020 12:00:00 AM,77th Street,THEFT PLAIN - PETTY ($950 & UNDER),33.9855,-118.2892,0
02/06/2020 12:00:00 AM,Wilshire,"EMBEZZLEMENT, GRAND THEFT ($950.01 & OVER)",34.0782,-118.3463,0
04/15/2020 12:00:00 AM,Rampart,"VANDALISM - FELONY ($400 & OVER, ALL CHURCH VANDALISMS)",34.062,-118.2545,0
08/12/2020 12:00:00 AM,Hollywood,BATTERY - SIMPLE ASSAULT,34.0967,-118.3031,0
09/17/2020 12:00:00 AM,Van Nuys,"BUNCO, PETTY THEFT",34.1776,-118.4389,0
04/16/2020 12:00:00 AM,Southwest,BURGLARY FROM VEHICLE,34.0165,-118.3002,0
08/04/2020 12:00:00 AM,Hollywood,BURGLARY FROM VEHICLE,34.1178,-118.3215,0
09/16/2020 12:00:00 AM,Southwest,INTIMATE PARTNER - AGGRAVATED ASSAULT,34.0145,-118.3045,0
11/22/2020 12:00:00 AM,77th Street,BATTERY - SIMPLE ASSAULT,33.9792,-118.2893,0
11/18/2020 12:00:00 AM,Northeast,VIOLATION OF RESTRAINING ORDER,34.109,-118.217,0
11/12/2020 12:00:00 AM,Hollywood,VANDALISM - MISDEAMEANOR ($399 OR UNDER),34.0943,-118.331,0
12/10/2020 12:00:00 AM,Southwest,THEFT PLAIN - PETTY ($950 & UNDER),34.0104,-118.3089,0
02/25/2020 12:00:00 AM,Hollenbeck,"VANDALISM - FELONY ($400 & OVER, ALL CHURCH VANDALISMS)",34.053,-118.2038,0
01/30/2020 12:00:00 AM,Northeast,THEFT FROM MOTOR VEHICLE - GRAND ($950.01 AND OVER),34.0937,-118.2629,0
11/23/2020 12:00:00 AM,Harbor,OTHER MISCELLANEOUS CRIME,33.7297,-118.2814,0
03/09/2020 12:00:00 AM,West LA,TRESPASSING,34.0416,-118.4391,0
08/26/2020 12:00:00 AM,77th Street,INTIMATE PARTNER - AGGRAVATED ASSAULT,33.9661,-118.2849,0
08/14/2020 12:00:00 AM,Wilshire,BATTERY - SIMPLE ASSAULT,34.0591,-118.3634,0
08/25/2020 12:00:00 AM,Van Nuys,BATTERY - SIMPLE ASSAULT,34.1976,-118.4574,0
10/04/2020 12:00:00 AM,Hollywood,THEFT FROM MOTOR VEHICLE - PETTY ($950 & UNDER),34.103,-118.3225,0
03/18/2020 12:00:00 AM,Central,"THEFT-GRAND ($950.01 & OVER)EXCPT,GUNS,FOWL,LIVESTK,PROD",34.0473,-118.2566,0
08/13/2020 12:00:00 AM,Northeast,VEHICLE - STOLEN,34.1037,-118.3006,0
08/27/2020 12:00:00 AM,Southwest,"ASSAULT WITH DEADLY WEAPON, AGGRAVATED ASSAULT",34.0203,-118.3467,0
09/08/2020 12:00:00 AM,Hollywood,THEFT FROM MOTOR VEHICLE - GRAND ($950.01 AND OVER),34.0962,-118.3582,0
09/14/2020 12:00:00 AM,Van Nuys,VEHICLE - STOLEN,34.174,-118.4661,0
01/29/2020 12:00:00 AM,77th Street,THEFT PLAIN - PETTY ($950 & UNDER),33.9611,-118.2871,0
09/17/2020 12:00:00 AM,Southwest,THEFT PLAIN - PETTY ($950 & UNDER),34.0275,-118.2875,0
03/30/2020 12:00:00 AM,Newton,VEHICLE - STOLEN,34.0092,-118.2692,0
09/28/2020 12:00:00 AM,Central,"ASSAULT WITH DEADLY WEAPON, AGGRAVATED ASSAULT",34.0481,-118.2507,0
10/25/2020 12:00:00 AM,Wilshire,BURGLARY,34.0669,-118.3429,0
03/30/2020 12:00:00 AM,West LA,THEFT PLAIN - PETTY ($950 & UNDER),34.0492,-118.4456,0
07/24/2020 12:00:00 AM,Wilshire,THEFT FROM MOTOR VEHICLE - GRAND ($950.01 AND OVER),34.0853,-118.3543,0
10/23/2020 12:00:00 AM,West LA,CRIMINAL THREATS - NO WEAPON DISPLAYED,34.0329,-118.3832,0
04/01/2020 12:00:00 AM,Harbor,BURGLARY FROM VEHICLE,33.7756,-118.2634,0
01/15/2020 12:00:00 AM,Wilshire,"VANDALISM - FELONY ($400 & OVER, ALL CHURCH VANDALISMS)",34.0669,-118.3451,0
07/01/2020 12:00:00 AM,Harbor,VANDALISM - MISDEAMEANOR ($399 OR UNDER),33.7753,-118.2456,0
02/07/2020 12:00:00 AM,West Valley,INTIMATE PARTNER - SIMPLE ASSAULT,34.1939,-118.547,0
04/17/2020 12:00:00 AM,Hollenbeck,BURGLARY FROM VEHICLE,34.0697,-118.1713,0
11/07/2020 12:00:00 AM,Van Nuys,THEFT OF IDENTITY,34.1766,-118.4589,0
12/10/2020 12:00:00 AM,Hollywood,VEHICLE - STOLEN,34.1017,-118.318,0
10/28/2020 12:00:00 AM,Southwest,SHOTS FIRED AT INHABITED DWELLING,34.0,-118.3282,0
06/08/2020 12:00:00 AM,77th Street,VEHICLE - STOLEN,33.982,-118.2827,0
08/21/2020 12:00:00 AM,West LA,THEFT FROM MOTOR VEHICLE - PETTY ($950 & UNDER),34.0527,-118.4299,0
09/04/2020 12:00:00 AM,Central,BATTERY WITH SEXUAL CONTACT,34.0486,-118.2519,0
08/15/2020 12:00:00 AM,Wilshire,VEHICLE - STOLEN,34.0818,-118.3584,0
05/29/2020 12:00:00 AM,Southwest,BURGLARY FROM VEHICLE,34.0349,-118.3046,0
12/12/2020 12:00:00 AM,Hollywood,THEFT FROM MOTOR VEHICLE - PETTY ($950 & UNDER),34.0967,-118.3031,0
10/22/2020 12:00:00 AM,77th Street,OTHER MISCELLANEOUS CRIME,33.9728,-118.3221,0
04/16/2020 12:00:00 AM,Wilshire,THEFT PLAIN - PETTY ($950 & UNDER),34.0626,-118.3569,0
10/06/2020 12:00:00 AM,Central,BRANDISH WEAPON,34.0454,-118.2465,0
01/25/2020 12:00:00 AM,Newton,"VANDALISM - FELONY ($400 & OVER, ALL CHURCH VANDALISMS)",34.0075,-118.2617,0
07/04/2020 12:00:00 AM,West LA,BURGLARY FROM VEHICLE,34.046,-118.4176,0
08/04/2020 12:00:00 AM,Southwest,VEHICLE - STOLEN,34.0346,-118.3049,0
11/26/2020 12:00:00 AM,Harbor,"VANDALISM - FELONY ($400 & OVER, ALL CHURCH VANDALISMS)",33.7753,-118.2686,0
12/10/2020 12:00:00 AM,Southwest,"LETTERS, LEWD  -  TELEPHONE CALLS, LEWD",34.0292,-118.298,0
10/21/2020 12:00:00 AM,Hollywood,BURGLARY FROM VEHICLE,34.1034,-118.349,0
03/20/2020 12:00:00 AM,Harbor,THEFT PLAIN - PETTY ($950 & UNDER),33.8268,-118.3064,0
07/17/2020 12:00:00 AM,West LA,"THEFT-GRAND ($950.01 & OVER)EXCPT,GUNS,FOWL,LIVESTK,PROD",34.0339,-118.4555,0
02/14/2020 12:00:00 AM,Wilshire,"BUNCO, GRAND THEFT",34.055,-118.3733,0
01/16/2020 12:00:00 AM,Wilshire,"THEFT-GRAND ($950.01 & OVER)EXCPT,GUNS,FOWL,LIVESTK,PROD",34.0626,-118.3569,0
01/21/2020 12:00:00 AM,Newton,BURGLARY,33.9907,-118.2593,0
12/19/2020 12:00:00 AM,Southwest,VANDALISM - MISDEAMEANOR ($399 OR UNDER),34.0025,-118.354,0
12/07/2020 12:00:00 AM,Hollywood,ARSON,34.1015,-118.3425,0
12/05/2020 12:00:00 AM,Southwest,BATTERY - SIMPLE ASSAULT,34.0073,-118.298,0
03/18/2020 12:00:00 AM,Hollenbeck,"THEFT-GRAND ($950.01 & OVER)EXCPT,GUNS,FOWL,LIVESTK,PROD",34.0401,-118.2106,0
04/08/2020 12:00:00 AM,Harbor,VIOLATION OF RESTRAINING ORDER,33.7819,-118.2526,0
09/20/2020 12:00:00 AM,Hollenbeck,BATTERY - SIMPLE ASSAULT,34.0145,-118.2002,0
05/30/2020 12:00:00 AM,77th Street,BURGLARY,33.9892,-118.3089,0
10/19/2020 12:00:00 AM,Northeast,ROBBERY,34.1106,-118.1908,0
01/12/2020 12:00:00 AM,Hollenbeck,VANDALISM - MISDEAMEANOR ($399 OR UNDER),34.0443,-118.211,0
05/05/2020 12:00:00 AM,Central,INTIMATE PARTNER - AGGRAVATED ASSAULT,34.0446,-118.245,0
08/03/2020 12:00:00 AM,77th Street,"ASSAULT WITH DEADLY WEAPON, AGGRAVATED ASSAULT",33.96,-118.3046,0
01/23/2020 12:00:00 AM,Hollenbeck,"LETTERS, LEWD  -  TELEPHONE CALLS, LEWD",34.0945,-118.2024,0
03/03/2020 12:00:00 AM,Newton,THEFT PLAIN - PETTY ($950 & UNDER),34.0147,-118.2608,0
06/20/2020 12:00:00 AM,Northeast,VEHICLE - STOLEN,34.1155,-118.1843,0
10/10/2020 12:00:00 AM,West Valley,"ASSAULT WITH DEADLY WEAPON, AGGRAVATED ASSAULT",34.1746,-118.5203,0
11/03/2020 12:00:00 AM,Hollenbeck,VEHICLE - STOLEN,34.0472,-118.2034,0
04/25/2020 12:00:00 AM,Harbor,BIKE - STOLEN,33.7667,-118.2431,0
09/24/2020 12:00:00 AM,Van Nuys,THEFT FROM MOTOR VEHICLE - GRAND ($950.01 AND OVER),34.1497,-118.4412,0
12/19/2020 12:00:00 AM,77th Street,SHOPLIFTING - PETTY THEFT ($950 & UNDER),33.9883,-118.2915,0
06/19/2020 12:00:00 AM,Harbor,INTIMATE PARTNER - AGGRAVATED ASSAULT,33.8223,-118.2991,0
08/14/2020 12:00:00 AM,Rampart,"VANDALISM - FELONY ($400 & OVER, ALL CHURCH VANDALISMS)",34.0767,-118.2753,0
06/30/2020 12:00:00 AM,Rampart,THEFT FROM MOTOR VEHICLE - GRAND ($950.01 AND OVER),34.0895,-118.2797,0
08/21/2020 12:00:00 AM,Rampart,ROBBERY,34.0601,-118.2761,0
08/26/2020 12:00:00 AM,Hollywood,"THEFT-GRAND ($950.01 & OVER)EXCPT,GUNS,FOWL,LIVESTK,PROD",34.103,-118.3225,0
04/04/2020 12:00:00 AM,Rampart,INTIMATE PARTNER - SIMPLE ASSAULT,34.0594,-118.2644,0
10/17/2020 12:00:00 AM,Southwest,"ASSAULT WITH DEADLY WEAPON, AGGRAVATED ASSAULT",34.0148,-118.3555,0
10/14/2020 12:00:00 AM,Central,INTIMATE PARTNER - SIMPLE ASSAULT,34.0397,-118.24,0
08/28/2020 12:00:00 AM,77th Street,BURGLARY FROM VEHICLE,33.9703,-118.2608,0
05/18/2020 12:00:00 AM,West LA,THEFT PLAIN - PETTY ($950 & UNDER),34.031,-118.411,0
03/20/2020 12:00:00 AM,Hollywood,CONTEMPT OF COURT,34.0889,-118.3277,0
03/06/2020 12:00:00 AM,77th Street,INTIMATE PARTNER - AGGRAVATED ASSAULT,33.9978,-118.3068,0
10/07/2020 12:00:00 AM,Rampart,BURGLARY FROM VEHICLE,34.0517,-118.2711,0
05/19/2020 12:00:00 AM,Van Nuys,OTHER MISCELLANEOUS CRIME,34.2048,-118.4599,0
05/23/2020 12:00:00 AM,Northeast,THEFT FROM MOTOR VEHICLE - PETTY ($950 & UNDER),34.1189,-118.1861,0
11/29/2020 12:00:00 AM,Central,CRIMINAL THREATS - NO WEAPON DISPLAYED,34.044,-118.2467,0
02/10/2020 12:00:00 AM,Hollywood,"VANDALISM - FELONY ($400 & OVER, ALL CHURCH VANDALISMS)",34.1016,-118.331,0
08/28/2020 12:00:00 AM,Hollywood,"ASSAULT WITH DEADLY WEAPON, AGGRAVATED ASSAULT",34.0993,-118.316,0
01/05/2020 12:00:00 AM,Southwest,"VANDALISM - FELONY ($400 & OVER, ALL CHURCH VANDALISMS)",34.0307,-118.2923,0
05/02/2020 12:00:00 AM,Southwest,ROBBERY,34.0326,-118.335,0
10/28/2020 12:00:00 AM,West Valley,BIKE - STOLEN,34.1687,-118.5244,0
11/18/2020 12:00:00 AM,Central,BATTERY - SIMPLE ASSAULT,34.0496,-118.2603,0
11/07/2020 12:00:00 AM,Central,INTIMATE PARTNER - SIMPLE ASSAULT,34.0444,-118.2443,0
01/11/2020 12:00:00 AM,Central,CRIMINAL THREATS - NO WEAPON DISPLAYED,34.0467,-118.252,0
06/15/2020 12:00:00 AM,West LA,"THEFT-GRAND ($950.01 & OVER)EXCPT,GUNS,FOWL,LIVESTK,PROD",34.0346,-118.3857,0
10/02/2020 12:00:00 AM,West Valley,BURGLARY,34.1758,-118.5501,0
06/15/2020 12:00:00 AM,77th Street,VEHICLE - STOLEN,33.9642,-118.2783,0
11/22/2020 12:00:00 AM,Van Nuys,BATTERY - SIMPLE ASSAULT,34.1517,-118.4258,0
06/24/2020 12:00:00 AM,Wilshire,BATTERY - SIMPLE ASSAULT,34.0485,-118.3334,0
04/02/2020 12:00:00 AM,West LA,VIOLATION OF COURT ORDER,34.0534,-118.404,0
09/24/2020 12:00:00 AM,77th Street,CONTEMPT OF COURT,33.996,-118.304,0
02/05/2020 12:00:00 AM,Van Nuys,VEHICLE - STOLEN,34.203,-118.4458,0
08/23/2020 12:00:00 AM,West LA,"VANDALISM - FELONY ($400 & OVER, ALL CHURCH VANDALISMS)",34.0403,-118.456,0
10/05/2020 12:00:00 AM,77th Street,THEFT PLAIN - PETTY ($950 & UNDER),33.9796,-118.3309,0
03/03/2020 12:00:00 AM,West LA,BATTERY - SIMPLE ASSAULT,34.0949,-118.5111,0
04/28/2020 12:00:00 AM,West Valley,"ASSAULT WITH DEADLY WEAPON, AGGRAVATED ASSAULT",34.2148,-118.5404,0
06/03/2020 12:00:00 AM,Rampart,BATTERY - SIMPLE ASSAULT,34.0615,-118.2662,0
05/15/2020 12:00:00 AM,Northeast,"VANDALISM - FELONY ($400 & OVER, ALL CHURCH VANDALISMS)",34.1056,-118.2719,0
06/28/2020 12:00:00 AM,Van Nuys,"VANDALISM - FELONY ($400 & OVER, ALL CHURCH VANDALISMS)",34.1776,-118.458,0
09/12/2020 12:00:00 AM,West LA,THEFT FROM MOTOR VEHICLE - PETTY ($950 & UNDER),34.0557,-118.3774,0
07/02/2020 12:00:00 AM,Southwest,BATTERY WITH SEXUAL CONTACT,34.0073,-118.298,0
08/22/2020 12:00:00 AM,Central,BATTERY WITH SEXUAL CONTACT,34.044,-118.2467,0
02/22/2020 12:00:00 AM,Central,BATTERY - SIMPLE ASSAULT,34.0437,-118.2455,0
06/11/2020 12:00:00 AM,Harbor,"VANDALISM - FELONY ($400 & OVER, ALL CHURCH VANDALISMS)",33.7306,-118.299,0
06/18/2020 12:00:00 AM,Van Nuys,BIKE - STOLEN,34.174,-118.4662,0
04/10/2020 12:00:00 AM,Rampart,ATTEMPTED ROBBERY,34.0541,-118.2621,0
11/27/2020 12:00:00 AM,Southwest,OTHER ASSAULT,34.0203,-118.3467,0
07/07/2020 12:00:00 AM,Northeast,THEFT OF IDENTITY,34.1054,-118.2995,0
05/22/2020 12:00:00 AM,Van Nuys,INTIMATE PARTNER - SIMPLE ASSAULT,34.1389,-118.4174,0
03/29/2020 12:00:00 AM,77th Street,BATTERY - SIMPLE ASSAULT,33.96,-118.3003,0
06/10/2020 12:00:00 AM,Harbor,"ASSAULT WITH DEADLY WEAPON, AGGRAVATED ASSAULT",33.7822,-118.2495,0
08/26/2020 12:00:00 AM,Harbor,BRANDISH WEAPON,33.736,-118.2882,0
01/29/2020 12:00:00 AM,Newton,"THEFT, PERSON",34.0258,-118.2708,0
05/22/2020 12:00:00 AM,Hollywood,THEFT FROM MOTOR VEHICLE - PETTY ($950 & UNDER),34.1129,-118.3845,0
09/27/2020 12:00:00 AM,Hollenbeck,VEHICLE - STOLEN,34.0189,-118.1933,0
08/26/2020 12:00:00 AM,Van Nuys,"ASSAULT WITH DEADLY WEAPON, AGGRAVATED ASSAULT",34.1576,-118.4053,0
08/08/2020 12:00:00 AM,Northeast,THEFT FROM MOTOR VEHICLE - PETTY ($950 & UNDER),34.1131,-118.1894,0
08/05/2020 12:00:00 AM,Northeast,THEFT FROM MOTOR VEHICLE - PETTY ($950 & UNDER),34.0809,-118.2669,0
04/30/2020 12:00:00 AM,Hollenbeck,THEFT FROM MOTOR VEHICLE - ATTEMPT,34.068,-118.2227,0
01/01/2020 12:00:00 AM,77th Street,ROBBERY,33.9792,-118.2893,0
12/04/2020 12:00:00 AM,Northeast,BATTERY - SIMPLE ASSAULT,34.1205,-118.1917,0
08/10/2020 12:00:00 AM,77th Street,VEHICLE - STOLEN,33.9665,-118.2695,0
04/29/2020 12:00:00 AM,West LA,"ASSAULT WITH DEADLY WEAPON, AGGRAVATED ASSAULT",34.0467,-118.4643,0
03/25/2020 12:00:00 AM,Southwest,INTIMATE PARTNER - SIMPLE ASSAULT,34.0316,-118.2915,0
08/05/2020 12:00:00 AM,Van Nuys,"ASSAULT WITH DEADLY WEAPON, AGGRAVATED ASSAULT",34.1509,-118.4487,0
03/26/2020 12:00:00 AM,77th Street,"ASSAULT WITH DEADLY WEAPON, AGGRAVATED ASSAULT",33.979,-118.3112,0
09/10/2020 12:00:00 AM,Hollenbeck,VEHICLE - STOLEN,34.049,-118.197,0
04/29/2020 12:00:00 AM,Hollenbeck,BATTERY - SIMPLE ASSAULT,34.0416,-118.2096,0
01/22/2020 12:00:00 AM,Wilshire,BURGLARY FROM VEHICLE,34.0744,-118.3711,0
10/04/2020 12:00:00 AM,Hollenbeck,ROBBERY,34.0592,-118.2,0
08/13/2020 12:00:00 AM,Hollenbeck,BATTERY - SIMPLE ASSAULT,34.0437,-118.2008,0
01/04/2020 12:00:00 AM,Central,OTHER MISCELLANEOUS CRIME,34.0448,-118.2474,0
04/15/2020 12:00:00 AM,77th Street,BURGLARY FROM VEHICLE,33.9764,-118.2871,0
06/16/2020 12:00:00 AM,77th Street,PURSE SNATCHING - ATTEMPT,33.9905,-118.2915,0
03/16/2020 12:00:00 AM,77th Street,INTIMATE PARTNER - SIMPLE ASSAULT,33.9942,-118.2827,0
06/19/2020 12:00:00 AM,Wilshire,"EMBEZZLEMENT, GRAND THEFT ($950.01 & OVER)",34.0726,-118.3463,0
11/18/2020 12:00:00 AM,Northeast,"THEFT-GRAND ($950.01 & OVER)EXCPT,GUNS,FOWL,LIVESTK,PROD",34.0982,-118.2898,0
11/11/2020 12:00:00 AM,West Valley,BATTERY - SIMPLE ASSAULT,34.2207,-118.5367,0
01/27/2020 12:00:00 AM,Northeast,THEFT PLAIN - PETTY ($950 & UNDER),34.1076,-118.1968,0
12/03/2020 12:00:00 AM,West LA,THEFT PLAIN - PETTY ($950 & UNDER),34.0419,-118.426,0
07/22/2020 12:00:00 AM,Northeast,"THEFT-GRAND ($950.01 & OVER)EXCPT,GUNS,FOWL,LIVESTK,PROD",34.104,-118.1971,0
11/25/2020 12:00:00 AM,West Valley,"VANDALISM - FELONY ($400 & OVER, ALL CHURCH VANDALISMS)",34.166,-118.5289,0
07/22/2020 12:00:00 AM,Central,BURGLARY FROM VEHICLE,34.0441,-118.2341,0
02/11/2020 12:00:00 AM,Rampart,VIOLATION OF RESTRAINING ORDER,34.0488,-118.2775,0
05/24/2020 12:00:00 AM,West Valley,VEHICLE - STOLEN,34.201,-118.5251,0
09/06/2020 12:00:00 AM,Wilshire,VEHICLE - STOLEN,34.0364,-118.3601,0
12/28/2020 12:00:00 AM,Harbor,VEHICLE - STOLEN,33.8316,-118.2992,0
10/28/2020 12:00:00 AM,Southwest,THEFT OF IDENTITY,34.0072,-118.3201,0
07/07/2020 12:00:00 AM,Hollywood,"VANDALISM - FELONY ($400 & OVER, ALL CHURCH VANDALISMS)",34.1053,-118.3137,0
09/12/2020 12:00:00 AM,Southwest,BATTERY - SIMPLE ASSAULT,34.017,-118.3349,0
05/09/2020 12:00:00 AM,Rampart,VEHICLE - STOLEN,34.0547,-118.2772,0
01/19/2020 12:00:00 AM,Newton,BURGLARY FROM VEHICLE,34.0312,-118.2551,0
06/11/2020 12:00:00 AM,Van Nuys,"ASSAULT WITH DEADLY WEAPON, AGGRAVATED ASSAULT",34.164,-118.4531,0
08/10/2020 12:00:00 AM,Central,BURGLARY FROM VEHICLE,34.0591,-118.2412,0
01/07/2020 12:00:00 AM,Van Nuys,THEFT FROM MOTOR VEHICLE - GRAND ($950.01 AND OVER),34.1906,-118.4692,0
06/28/2020 12:00:00 AM,Hollywood,BURGLARY FROM VEHICLE,34.1004,-118.3416,0
06/13/2020 12:00:00 AM,77th Street,"VANDALISM - FELONY ($400 & OVER, ALL CHURCH VANDALISMS)",33.9748,-118.2652,0
03/14/2020 12:00:00 AM,West Valley,VIOLATION OF RESTRAINING ORDER,34.1746,-118.5198,0
02/03/2020 12:00:00 AM,Van Nuys,VEHICLE - ATTEMPT STOLEN,34.1976,-118.4378,0
09/01/2020 12:00:00 AM,West LA,OTHER ASSAULT,34.0346,-118.3857,0
08/23/2020 12:00:00 AM,Southwest,TRESPASSING,34.0321,-118.3338,0
10/30/2020 12:00:00 AM,Northeast,"SEX,UNLAWFUL(INC MUTUAL CONSENT, PENETRATION W/ FRGN OBJ",34.1225,-118.1818,0
05/13/2020 12:00:00 AM,Hollenbeck,BURGLARY,34.0764,-118.2054,0
10/09/2020 12:00:00 AM,West LA,"ASSAULT WITH DEADLY WEAPON, AGGRAVATED ASSAULT",34.062,-118.4415,0
04/18/2020 12:00:00 AM,Newton,ROBBERY,33.9872,-118.2564,0
01/01/2020 12:00:00 AM,Newton,THEFT OF IDENTITY,34.0286,-118.2545,0
11/24/2020 12:00:00 AM,West LA,CRIMINAL THREATS - NO WEAPON DISPLAYED,34.0604,-118.4432,0
09/05/2020 12:00:00 AM,Wilshire,"VANDALISM - FELONY ($400 & OVER, ALL CHURCH VANDALISMS)",34.0735,-118.3777,0
09/03/2020 12:00:00 AM,Rampart,INTIMATE PARTNER - SIMPLE ASSAULT,34.0605,-118.2814,0
10/29/2020 12:00:00 AM,West Valley,VEHICLE - STOLEN,34.1797,-118.5109,0
09/16/2020 12:00:00 AM,Harbor,BATTERY - SIMPLE ASSAULT,33.7873,-118.2582,0
12/06/2020 12:00:00 AM,Hollenbeck,THEFT PLAIN - PETTY ($950 & UNDER),34.0276,-118.2005,0
08/14/2020 12:00:00 AM,Southwest,THEFT FROM MOTOR VEHICLE - PETTY ($950 & UNDER),34.0073,-118.3089,0
08/16/2020 12:00:00 AM,Rampart,ROBBERY,34.0552,-118.2675,0
11/26/2020 12:00:00 AM,Hollenbeck,BATTERY - SIMPLE ASSAULT,34.0787,-118.1684,0
08/08/2020 12:00:00 AM,Southwest,BURGLARY,34.0274,-118.3095,0
08/15/2020 12:00:00 AM,Hollenbeck,VANDALISM - MISDEAMEANOR ($399 OR UNDER),34.0265,-118.201,0
03/08/2020 12:00:00 AM,Hollenbeck,"RAPE, FORCIBLE",34.0278,-118.201,0
10/13/2020 12:00:00 AM,Hollenbeck,BATTERY - SIMPLE ASSAULT,34.0339,-118.2012,0
11/06/2020 12:00:00 AM,West LA,CRIMINAL THREATS - NO WEAPON DISPLAYED,34.0613,-118.4342,0
01/12/2020 12:00:00 AM,Wilshire,INTIMATE PARTNER - SIMPLE ASSAULT,34.0761,-118.3594,0
07/05/2020 12:00:00 AM,Central,VEHICLE - STOLEN,34.0336,-118.2662,0
09/16/2020 12:00:00 AM,77th Street,ATTEMPTED ROBBERY,33.9786,-118.2915,0
10/17/2020 12:00:00 AM,77th Street,THEFT FROM MOTOR VEHICLE - PETTY ($950 & UNDER),33.9828,-118.2909,0
12/03/2020 12:00:00 AM,Wilshire,"BUNCO, PETTY THEFT",34.0436,-118.3225,0
12/23/2020 12:00:00 AM,77th Street,"ASSAULT WITH DEADLY WEAPON, AGGRAVATED ASSAULT",33.9891,-118.3002,0
01/06/2020 12:00:00 AM,Rampart,THEFT PLAIN - PETTY ($950 & UNDER),34.0554,-118.2702,0
09/06/2020 12:00:00 AM,Hollywood,BATTERY - SIMPLE ASSAULT,34.1016,-118.3271,0
01/11/2020 12:00:00 AM,Van Nuys,SHOPLIFTING - PETTY THEFT ($950 & UNDER),34.1576,-118.438,0
04/01/2020 12:00:00 AM,Hollywood,THEFT FROM MOTOR VEHICLE - PETTY ($950 & UNDER),34.0981,-118.3032,0
02/14/2020 12:00:00 AM,Harbor,"VANDALISM - FELONY ($400 & OVER, ALL CHURCH VANDALISMS)",33.7796,-118.2699,0
01/16/2020 12:00:00 AM,West LA,BURGLARY,34.041,-118.4437,0
07/11/2020 12:00:00 AM,Wilshire,INTIMATE PARTNER - SIMPLE ASSAULT,34.0374,-118.3742,0
03/06/2020 12:00:00 AM,77th Street,ROBBERY,33.9717,-118.2856,0
09/08/2020 12:00:00 AM,Hollywood,"VANDALISM - FELONY ($400 & OVER, ALL CHURCH VANDALISMS)",34.103,-118.3225,0
12/09/2020 12:00:00 AM,West Valley,BATTERY WITH SEXUAL CONTACT,34.1866,-118.4836,0
01/15/2020 12:00:00 AM,Northeast,VANDALISM - MISDEAMEANOR ($399 OR UNDER),34.0955,-118.295,0
03/18/2020 12:00:00 AM,Hollenbeck,THEFT OF IDENTITY,34.0641,-118.1747,0
07/18/2020 12:00:00 AM,Rampart,BATTERY - SIMPLE ASSAULT,34.0562,-118.2697,0
08/10/2020 12:00:00 AM,West LA,BATTERY - SIMPLE ASSAULT,34.0473,-118.4768,0
07/04/2020 12:00:00 AM,77th Street,"ASSAULT WITH DEADLY WEAPON, AGGRAVATED ASSAULT",33.9946,-118.3024,0
01/30/2020 12:00:00 AM,Newton,INTIMATE PARTNER - SIMPLE ASSAULT,33.9993,-118.2499,0
11/06/2020 12:00:00 AM,Southwest,CRIMINAL THREATS - NO WEAPON DISPLAYED,34.032,-118.3417,0
08/25/2020 12:00:00 AM,Southwest,CRIMINAL THREATS - NO WEAPON DISPLAYED,34.0219,-118.3045,0
10/10/2020 12:00:00 AM,West Valley,INTIMATE PARTNER - SIMPLE ASSAULT,34.2009,-118.5229,0
01/16/2020 12:00:00 AM,West LA,THEFT FROM MOTOR VEHICLE - GRAND ($950.01 AND OVER),34.0366,-118.3807,0
12/09/2020 12:00:00 AM,Central,BIKE - STOLEN,34.0472,-118.2371,0
09/14/2020 12:00:00 AM,Harbor,VEHICLE - STOLEN,33.7911,-118.2441,0
10/20/2020 12:00:00 AM,77th Street,"ASSAULT WITH DEADLY WEAPON, AGGRAVATED ASSAULT",33.9819,-118.3134,0
06/15/2020 12:00:00 AM,Harbor,VIOLATION OF RESTRAINING ORDER,33.7924,-118.2511,0
09/17/2020 12:00:00 AM,Rampart,BATTERY - SIMPLE ASSAULT,34.0711,-118.2599,0
02/11/2020 12:00:00 AM,West Valley,"ASSAULT WITH DEADLY WEAPON, AGGRAVATED ASSAULT",34.1702,-118.5429,0
07/09/2020 12:00:00 AM,Van Nuys,BURGLARY FROM VEHICLE,34.1613,-118.4138,0
02/01/2020 12:00:00 AM,Harbor,BRANDISH WEAPON,33.7844,-118.2746,0
04/20/2020 12:00:00 AM,Southwest,VEHICLE - STOLEN,34.0284,-118.284,0
10/12/2020 12:00:00 AM,Central,ASSAULT WITH DEADLY WEAPON ON POLICE OFFICER,34.043,-118.2606,0
08/23/2020 12:00:00 AM,Hollywood,"VANDALISM - FELONY ($400 & OVER, ALL CHURCH VANDALISMS)",34.098,-118.3228,0
12/18/2020 12:00:00 AM,Harbor,BATTERY - SIMPLE ASSAULT,33.7356,-118.2879,0
06/20/2020 12:00:00 AM,77th Street,"ASSAULT WITH DEADLY WEAPON, AGGRAVATED ASSAULT",33.9707,-118.2871,0
12/23/2020 12:00:00 AM,Hollenbeck,SHOPLIFTING - PETTY THEFT ($950 & UNDER),34.0512,-118.2093,0
01/27/2020 12:00:00 AM,Southwest,INTIMATE PARTNER - SIMPLE ASSAULT,34.0219,-118.2959,0
02/07/2020 12:00:00 AM,Rampart,THEFT FROM MOTOR VEHICLE - PETTY ($950 & UNDER),34.0633,-118.2738,0
02/27/2020 12:00:00 AM,Central,THEFT FROM MOTOR VEHICLE - PETTY ($950 & UNDER),34.0466,-118.259,0
11/28/2020 12:00:00 AM,Southwest,ROBBERY,34.0184,-118.3089,0
07/28/2020 12:00:00 AM,Harbor,INTIMATE PARTNER - AGGRAVATED ASSAULT,33.7207,-118.3108,0
02/08/2020 12:00:00 AM,Van Nuys,BURGLARY FROM VEHICLE,34.1923,-118.452,0
01/01/2020 12:00:00 AM,77th Street,INTIMATE PARTNER - SIMPLE ASSAULT,33.9419,-118.3123,0
04/26/2020 12:00:00 AM,West LA,BURGLARY FROM VEHICLE,34.046,-118.4652,0
08/20/2020 12:00:00 AM,Hollywood,CRIMINAL THREATS - NO WEAPON DISPLAYED,34.0849,-118.3028,0
04/07/2020 12:00:00 AM,Rampart,VEHICLE - STOLEN,34.0417,-118.275,0
07/13/2020 12:00:00 AM,Southwest,BURGLARY FROM VEHICLE,34.0212,-118.3781,0
06/11/2020 12:00:00 AM,Southwest,BURGLARY,34.0264,-118.3721,0
07/17/2020 12:00:00 AM,Hollenbeck,INTIMATE PARTNER - SIMPLE ASSAULT,34.0389,-118.208,0
08/12/2020 12:00:00 AM,West Valley,KIDNAPPING - GRAND ATTEMPT,34.2048,-118.54,0
06/13/2020 12:00:00 AM,Harbor,BURGLARY,33.7899,-118.2975,0
09/14/2020 12:00:00 AM,77th Street,BURGLARY,33.9665,-118.2695,0
01/03/2020 12:00:00 AM,Hollenbeck,THEFT PLAIN - PETTY ($950 & UNDER),34.0262,-118.1988,0
08/13/2020 12:00:00 AM,Southwest,INTIMATE PARTNER - SIMPLE ASSAULT,34.0309,-118.3632,0
07/31/2020 12:00:00 AM,Hollenbeck,OTHER MISCELLANEOUS CRIME,34.0265,-118.201,0
02/29/2020 12:00:00 AM,Hollenbeck,VIOLATION OF RESTRAINING ORDER,34.0832,-118.1933,0
11/06/2020 12:00:00 AM,Van Nuys,BIKE - STOLEN,34.1514,-118.4595,0
08/12/2020 12:00:00 AM,West Valley,BURGLARY FROM VEHICLE,34.2048,-118.523,0
10/18/2020 12:00:00 AM,Van Nuys,"BUNCO, GRAND THEFT",34.2085,-118.4597,0
06/24/2020 12:00:00 AM,West LA,VEHICLE - STOLEN,34.0964,-118.4013,0
12/02/2020 12:00:00 AM,Hollywood,"BUNCO, GRAND THEFT",34.0981,-118.3103,0
06/14/2020 12:00:00 AM,Rampart,INTIMATE PARTNER - SIMPLE ASSAULT,34.0859,-118.2917,0
02/20/2020 12:00:00 AM,Newton,CRIMINAL THREATS - NO WEAPON DISPLAYED,33.9985,-118.2454,0
03/26/2020 12:00:00 AM,Newton,VEHICLE - STOLEN,33.9786,-118.2761,0
11/01/2020 12:00:00 AM,Hollywood,"ASSAULT WITH DEADLY WEAPON, AGGRAVATED ASSAULT",34.0998,-118.3244,0
07/09/2020 12:00:00 AM,Hollenbeck,INTIMATE PARTNER - SIMPLE ASSAULT,34.0262,-118.2167,0
09/04/2020 12:00:00 AM,Rampart,VEHICLE - STOLEN,34.0467,-118.2814,0
12/22/2020 12:00:00 AM,Central,VANDALISM - MISDEAMEANOR ($399 OR UNDER),34.056,-118.2309,0
10/30/2020 12:00:00 AM,Southwest,THEFT FROM MOTOR VEHICLE - GRAND ($950.01 AND OVER),34.0338,-118.337,0
03/12/2020 12:00:00 AM,Harbor,THEFT FROM MOTOR VEHICLE - PETTY ($950 & UNDER),33.707,-118.2939,0
03/15/2020 12:00:00 AM,Harbor,BATTERY - SIMPLE ASSAULT,33.7182,-118.2949,0
06/30/2020 12:00:00 AM,Hollenbeck,VEHICLE - STOLEN,34.0189,-118.1943,0
01/31/2020 12:00:00 AM,77th Street,"ASSAULT WITH DEADLY WEAPON, AGGRAVATED ASSAULT",33.9675,-118.2651,0
07/24/2020 12:00:00 AM,Wilshire,"ASSAULT WITH DEADLY WEAPON, AGGRAVATED ASSAULT",34.0417,-118.3207,0
04/01/2020 12:00:00 AM,Hollywood,THEFT OF IDENTITY,34.0926,-118.3363,0
04/10/2020 12:00:00 AM,77th Street,"ASSAULT WITH DEADLY WEAPON, AGGRAVATED ASSAULT",33.9679,-118.2717,0
12/01/2020 12:00:00 AM,Hollywood,BURGLARY FROM VEHICLE,34.0944,-118.3528,0
02/28/2020 12:00:00 AM,Hollenbeck,"VANDALISM - FELONY ($400 & OVER, ALL CHURCH VANDALISMS)",34.0571,-118.2084,0
12/24/2020 12:00:00 AM,Central,OTHER MISCELLANEOUS CRIME,34.0431,-118.2692,0
03/11/2020 12:00:00 AM,Rampart,BIKE - STOLEN,34.053,-118.2648,0
05/04/2020 12:00:00 AM,Van Nuys,VEHICLE - STOLEN,34.1907,-118.44,0
05/15/2020 12:00:00 AM,Hollenbeck,"VANDALISM - FELONY ($400 & OVER, ALL CHURCH VANDALISMS)",34.0638,-118.1785,0
07/18/2020 12:00:00 AM,Hollywood,BURGLARY FROM VEHICLE,34.1088,-118.3215,0
01/08/2020 12:00:00 AM,West LA,BURGLARY,34.0332,-118.4499,0
07/22/2020 12:00:00 AM,Harbor,THEFT FROM MOTOR VEHICLE - PETTY ($950 & UNDER),33.7553,-118.3056,0
09/03/2020 12:00:00 AM,77th Street,CONTEMPT OF COURT,33.9761,-118.286,0
11/05/2020 12:00:00 AM,Rampart,ROBBERY,34.0539,-118.2712,0
08/08/2020 12:00:00 AM,Hollywood,BATTERY - SIMPLE ASSAULT,34.098,-118.3623,0
11/25/2020 12:00:00 AM,Southwest,VEHICLE - STOLEN,34.0255,-118.3045,0
11/27/2020 12:00:00 AM,Wilshire,"ASSAULT WITH DEADLY WEAPON, AGGRAVATED ASSAULT",34.0452,-118.3351,0
03/13/2020 12:00:00 AM,Wilshire,BATTERY - SIMPLE ASSAULT,34.0574,-118.3535,0
09/13/2020 12:00:00 AM,Hollywood,THEFT PLAIN - PETTY ($950 & UNDER),34.0937,-118.3887,0
01/10/2020 12:00:00 AM,West LA,VANDALISM - MISDEAMEANOR ($399 OR UNDER),34.0516,-118.3762,0
12/28/2020 12:00:00 AM,Hollywood,BURGLARY,34.098,-118.355,0
01/19/2020 12:00:00 AM,77th Street,INTIMATE PARTNER - SIMPLE ASSAULT,33.9667,-118.2871,0
08/24/2020 12:00:00 AM,Van Nuys,OTHER MISCELLANEOUS CRIME,34.2048,-118.4618,0
11/20/2020 12:00:00 AM,Rampart,THEFT FROM MOTOR VEHICLE - ATTEMPT,34.079,-118.2966,0
01/20/2020 12:00:00 AM,Northeast,"SEX,UNLAWFUL(INC MUTUAL CONSENT, PENETRATION W/ FRGN OBJ",34.1293,-118.2182,0
01/29/2020 12:00:00 AM,Northeast,BURGLARY,34.111,-118.1925,0
06/22/2020 12:00:00 AM,Harbor,BURGLARY FROM VEHICLE,33.7397,-118.2902,0
12/03/2020 12:00:00 AM,Hollywood,VEHICLE - STOLEN,34.0885,-118.3033,0
05/23/2020 12:00:00 AM,Central,"VANDALISM - FELONY ($400 & OVER, ALL CHURCH VANDALISMS)",34.0445,-118.2523,0
07/18/2020 12:00:00 AM,77th Street,WEAPONS POSSESSION/BOMBING,33.981,-118.2897,0
02/01/2020 12:00:00 AM,Van Nuys,"ASSAULT WITH DEADLY WEAPON, AGGRAVATED ASSAULT",34.1907,-118.4487,0
01/31/2020 12:00:00 AM,Southwest,BOMB SCARE,34.0293,-118.3719,0
03/30/2020 12:00:00 AM,Van Nuys,"BUNCO, GRAND THEFT",34.1594,-118.4444,0
02/29/2020 12:00:00 AM,Rampart,BIKE - STOLEN,34.0669,-118.2632,0
08/20/2020 12:00:00 AM,Newton,"VANDALISM - FELONY ($400 & OVER, ALL CHURCH VANDALISMS)",34.0114,-118.2624,0
10/13/2020 12:00:00 AM,Central,INTIMATE PARTNER - SIMPLE ASSAULT,34.0447,-118.2452,0
06/12/2020 12:00:00 AM,Central,BATTERY - SIMPLE ASSAULT,34.0408,-118.2644,0
09/06/2020 12:00:00 AM,Central,VANDALISM - MISDEAMEANOR ($399 OR UNDER),34.0416,-118.244,0
03/06/2020 12:00:00 AM,77th Street,DOCUMENT FORGERY / STOLEN FELONY,33.9846,-118.3279,0
06/02/2020 12:00:00 AM,77th Street,BURGLARY FROM VEHICLE,33.9863,-118.2881,0
01/17/2020 12:00:00 AM,Rampart,"VANDALISM - FELONY ($400 & OVER, ALL CHURCH VANDALISMS)",34.0584,-118.2669,0
01/17/2020 12:00:00 AM,Rampart,VANDALISM - MISDEAMEANOR ($399 OR UNDER),34.053,-118.2648,0
07/24/2020 12:00:00 AM,Central,BATTERY - SIMPLE ASSAULT,34.0488,-118.2392,0
10/10/2020 12:00:00 AM,Van Nuys,BURGLARY FROM VEHICLE,34.1548,-118.4531,0
11/15/2020 12:00:00 AM,Northeast,THEFT PLAIN - PETTY ($950 & UNDER),34.1018,-118.2874,0
03/01/2020 12:00:00 AM,West LA,ROBBERY,34.0349,-118.3796,0
05/28/2020 12:00:00 AM,Central,BURGLARY FROM VEHICLE,34.0438,-118.2547,0
08/30/2020 12:00:00 AM,Central,"ASSAULT WITH DEADLY WEAPON, AGGRAVATED ASSAULT",34.036,-118.2568,0
03/29/2020 12:00:00 AM,Northeast,BURGLARY,34.0922,-118.2226,0
09/12/2020 12:00:00 AM,Wilshire,ROBBERY,34.0465,-118.3555,0
10/06/2020 12:00:00 AM,Central,"THEFT-GRAND ($950.01 & OVER)EXCPT,GUNS,FOWL,LIVESTK,PROD",34.0662,-118.2476,0
10/30/2020 12:00:00 AM,West LA,BURGLARY FROM VEHICLE,34.0588,-118.4439,0
10/12/2020 12:00:00 AM,Wilshire,"VANDALISM - FELONY ($400 & OVER, ALL CHURCH VANDALISMS)",34.051,-118.3538,0
03/20/2020 12:00:00 AM,West LA,BURGLARY FROM VEHICLE,34.0484,-118.4544,0
05/22/2020 12:00:00 AM,Hollywood,VEHICLE - STOLEN,34.1098,-118.3267,0
10/18/2020 12:00:00 AM,Hollenbeck,BURGLARY FROM VEHICLE,34.0426,-118.1959,0
08/24/2020 12:00:00 AM,West LA,THEFT OF IDENTITY,34.0498,-118.4641,0
09/21/2020 12:00:00 AM,Rampart,VANDALISM - MISDEAMEANOR ($399 OR UNDER),34.055,-118.2842,0
03/13/2020 12:00:00 AM,Harbor,THEFT FROM MOTOR VEHICLE - PETTY ($950 & UNDER),33.8214,-118.3037,0
11/15/2020 12:00:00 AM,Southwest,VEHICLE - STOLEN,34.0147,-118.3291,0
04/03/2020 12:00:00 AM,Newton,BURGLARY,34.035,-118.2553,0
11/14/2020 12:00:00 AM,Northeast,THEFT PLAIN - PETTY ($950 & UNDER),34.1153,-118.1839,0
05/20/2020 12:00:00 AM,Southwest,VEHICLE - ATTEMPT STOLEN,34.0309,-118.3313,0
11/01/2020 12:00:00 AM,Rampart,"VANDALISM - FELONY ($400 & OVER, ALL CHURCH VANDALISMS)",34.0669,-118.2632,0
10/03/2020 12:00:00 AM,Southwest,BURGLARY FROM VEHICLE,34.0198,-118.3319,0
02/07/2020 12:00:00 AM,Hollywood,SHOPLIFTING - PETTY THEFT ($950 & UNDER),34.0962,-118.3266,0
02/08/2020 12:00:00 AM,Southwest,"VANDALISM - FELONY ($400 & OVER, ALL CHURCH VANDALISMS)",34.0083,-118.29,0
11/03/2020 12:00:00 AM,Wilshire,BURGLARY,34.0837,-118.3553,0
10/08/2020 12:00:00 AM,Hollywood,VEHICLE - STOLEN,34.1042,-118.3383,0
11/09/2020 12:00:00 AM,Rampart,THEFT OF IDENTITY,34.0768,-118.2666,0
10/06/2020 12:00:00 AM,Rampart,VIOLATION OF RESTRAINING ORDER,34.0648,-118.2559,0
05/10/2020 12:00:00 AM,Wilshire,THEFT PLAIN - PETTY ($950 & UNDER),34.054,-118.375,0
06/07/2020 12:00:00 AM,West LA,BATTERY - SIMPLE ASSAULT,34.0467,-118.4529,0
10/17/2020 12:00:00 AM,Van Nuys,"VANDALISM - FELONY ($400 & OVER, ALL CHURCH VANDALISMS)",34.1744,-118.4607,0
03/08/2020 12:00:00 AM,Southwest,CHILD STEALING,34.0273,-118.3622,0
10/25/2020 12:00:00 AM,Hollywood,VEHICLE - ATTEMPT STOLEN,34.104,-118.3147,0
08/31/2020 12:00:00 AM,77th Street,VEHICLE - STOLEN,33.9707,-118.2586,0
08/27/2020 12:00:00 AM,Rampart,"VANDALISM - FELONY ($400 & OVER, ALL CHURCH VANDALISMS)",34.0544,-118.2767,0
05/14/2020 12:00:00 AM,Southwest,THEFT FROM MOTOR VEHICLE - PETTY ($950 & UNDER),34.0099,-118.3089,0
08/07/2020 12:00:00 AM,Harbor,INTIMATE PARTNER - SIMPLE ASSAULT,33.8696,-118.2865,0
01/31/2020 12:00:00 AM,77th Street,"RAPE, FORCIBLE",33.9655,-118.2838,0
06/06/2020 12:00:00 AM,Harbor,VEHICLE - STOLEN,33.7252,-118.288,0
04/17/2020 12:00:00 AM,Hollywood,BURGLARY,34.0999,-118.3038,0
08/27/2020 12:00:00 AM,Harbor,CRIMINAL THREATS - NO WEAPON DISPLAYED,33.7538,-118.2967,0
02/25/2020 12:00:00 AM,Hollenbeck,"THEFT-GRAND ($950.01 & OVER)EXCPT,GUNS,FOWL,LIVESTK,PROD",34.0766,-118.209,0
08/01/2020 12:00:00 AM,77th Street,BURGLARY,33.9818,-118.3323,0
05/03/2020 12:00:00 AM,Rampart,VEHICLE - STOLEN,34.0512,-118.2787,0
01/17/2020 12:00:00 AM,Central,VANDALISM - MISDEAMEANOR ($399 OR UNDER),34.0378,-118.2561,0
02/18/2020 12:00:00 AM,Van Nuys,"VANDALISM - FELONY ($400 & OVER, ALL CHURCH VANDALISMS)",34.153,-118.4487,0
09/09/2020 12:00:00 AM,Southwest,INTIMATE PARTNER - SIMPLE ASSAULT,34.0274,-118.29,0
11/19/2020 12:00:00 AM,Hollywood,VEHICLE - STOLEN,34.0944,-118.3245,0
03/06/2020 12:00:00 AM,Rampart,"VANDALISM - FELONY ($400 & OVER, ALL CHURCH VANDALISMS)",34.0897,-118.2769,0
02/22/2020 12:00:00 AM,Wilshire,THEFT PLAIN - PETTY ($950 & UNDER),34.0842,-118.3765,0
04/23/2020 12:00:00 AM,Southwest,BURGLARY FROM VEHICLE,34.0055,-118.3002,0
11/19/2020 12:00:00 AM,Central,BURGLARY FROM VEHICLE,34.0569,-118.254,0
02/11/2020 12:00:00 AM,Harbor,"THEFT-GRAND ($950.01 & OVER)EXCPT,GUNS,FOWL,LIVESTK,PROD",33.737,-118.3056,0
12/20/2020 12:00:00 AM,Northeast,VEHICLE - ATTEMPT STOLEN,34.1218,-118.2251,0
11/14/2020 12:00:00 AM,Wilshire,BATTERY - SIMPLE ASSAULT,34.046,-118.3347,0
12/29/2020 12:00:00 AM,Southwest,"ASSAULT WITH DEADLY WEAPON, AGGRAVATED ASSAULT",34.0155,-118.3427,0
07/01/2020 12:00:00 AM,Southwest,VEHICLE - STOLEN,34.026,-118.3078,0
01/12/2020 12:00:00 AM,Rampart,BATTERY - SIMPLE ASSAULT,34.0839,-118.2741,0
10/29/2020 12:00:00 AM,Northeast,THEFT FROM MOTOR VEHICLE - GRAND ($950.01 AND OVER),34.0884,-118.2258,0
11/17/2020 12:00:00 AM,Rampart,BATTERY - SIMPLE ASSAULT,34.0591,-118.2635,0
11/10/2020 12:00:00 AM,Central,SHOPLIFTING - PETTY THEFT ($950 & UNDER),34.0483,-118.2631,0
07/11/2020 12:00:00 AM,Central,VANDALISM - MISDEAMEANOR ($399 OR UNDER),34.0478,-118.2484,0
09/05/2020 12:00:00 AM,Southwest,TRESPASSING,34.0129,-118.349,0
08/29/2020 12:00:00 AM,West LA,"BURGLARY, ATTEMPTED",34.0417,-118.4253,0
06/09/2020 12:00:00 AM,Hollywood,BOMB SCARE,34.1107,-118.3364,0
10/05/2020 12:00:00 AM,Wilshire,"VANDALISM - FELONY ($400 & OVER, ALL CHURCH VANDALISMS)",34.0374,-118.3742,0
06/23/2020 12:00:00 AM,West Valley,VEHICLE - STOLEN,34.203,-118.4749,0
02/07/2020 12:00:00 AM,Rampart,BATTERY WITH SEXUAL CONTACT,34.0418,-118.2841,0
02/17/2020 12:00:00 AM,Hollywood,VANDALISM - MISDEAMEANOR ($399 OR UNDER),34.0981,-118.3577,0
11/01/2020 12:00:00 AM,Southwest,"ASSAULT WITH DEADLY WEAPON, AGGRAVATED ASSAULT",34.0302,-118.2915,0
12/27/2020 12:00:00 AM,Southwest,THEFT PLAIN - PETTY ($950 & UNDER),34.0251,-118.3294,0
05/22/2020 12:00:00 AM,Harbor,BURGLARY FROM VEHICLE,33.783,-118.2572,0
12/17/2020 12:00:00 AM,Harbor,BATTERY - SIMPLE ASSAULT,33.7897,-118.2787,0
11/02/2020 12:00:00 AM,Harbor,INTIMATE PARTNER - SIMPLE ASSAULT,33.7948,-118.2694,0
08/23/2020 12:00:00 AM,77th Street,VANDALISM - MISDEAMEANOR ($399 OR UNDER),33.9659,-118.2765,0
03/20/2020 12:00:00 AM,Northeast,CRIMINAL THREATS - NO WEAPON DISPLAYED,34.092,-118.2344,0
11/16/2020 12:00:00 AM,West LA,"ASSAULT WITH DEADLY WEAPON, AGGRAVATED ASSAULT",34.0308,-118.4559,0
11/24/2020 12:00:00 AM,Hollenbeck,THEFT OF IDENTITY,34.0512,-118.2093,0
03/25/2020 12:00:00 AM,West Valley,BURGLARY FROM VEHICLE,34.1601,-118.5251,0
08/07/2020 12:00:00 AM,Southwest,VIOLATION OF RESTRAINING ORDER,34.0248,-118.3691,0
11/26/2020 12:00:00 AM,Hollywood,ROBBERY,34.0962,-118.355,0
03/29/2020 12:00:00 AM,77th Street,"SEX,UNLAWFUL(INC MUTUAL CONSENT, PENETRATION W/ FRGN OBJ",34.001,-118.2815,0
04/25/2020 12:00:00 AM,Newton,WEAPONS POSSESSION/BOMBING,34.0241,-118.232,0
03/16/2020 12:00:00 AM,Van Nuys,"EMBEZZLEMENT, GRAND THEFT ($950.01 & OVER)",34.162,-118.457,0
02/04/2020 12:00:00 AM,77th Street,"VANDALISM - FELONY ($400 & OVER, ALL CHURCH VANDALISMS)",33.9818,-118.3177,0
03/09/2020 12:00:00 AM,Van Nuys,THEFT FROM MOTOR VEHICLE - PETTY ($950 & UNDER),34.203,-118.4291,0
11/28/2020 12:00:00 AM,77th Street,"ASSAULT WITH DEADLY WEAPON, AGGRAVATED ASSAULT",33.9974,-118.2827,0
05/11/2020 12:00:00 AM,Van Nuys,BURGLARY FROM VEHICLE,34.1576,-118.44,0
07/05/2020 12:00:00 AM,Van Nuys,BURGLARY FROM VEHICLE,34.1576,-118.4389,0
05/30/2020 12:00:00 AM,Wilshire,"VANDALISM - FELONY ($400 & OVER, ALL CHURCH VANDALISMS)",34.0719,-118.3614,0
05/01/2020 12:00:00 AM,Van Nuys,"VANDALISM - FELONY ($400 & OVER, ALL CHURCH VANDALISMS)",34.1827,-118.4553,0
11/17/2020 12:00:00 AM,Harbor,VIOLATION OF COURT ORDER,33.7574,-118.3013,0
08/27/2020 12:00:00 AM,West LA,"EMBEZZLEMENT, GRAND THEFT ($950.01 & OVER)",34.0418,-118.3875,0
09/30/2020 12:00:00 AM,77th Street,INTIMATE PARTNER - SIMPLE ASSAULT,34.0017,-118.2871,0
11/07/2020 12:00:00 AM,Southwest,BATTERY - SIMPLE ASSAULT,34.0042,-118.2938,0
05/06/2020 12:00:00 AM,Hollenbeck,"ASSAULT WITH DEADLY WEAPON, AGGRAVATED ASSAULT",34.0872,-118.176,0
05/25/2020 12:00:00 AM,Wilshire,"ASSAULT WITH DEADLY WEAPON, AGGRAVATED ASSAULT",34.0598,-118.3238,0
07/13/2020 12:00:00 AM,Rampart,BURGLARY FROM VEHICLE,34.0674,-118.2753,0
05/02/2020 12:00:00 AM,Hollywood,BATTERY WITH SEXUAL CONTACT,34.1017,-118.3582,0
11/29/2020 12:00:00 AM,Wilshire,BATTERY - SIMPLE ASSAULT,34.0665,-118.3662,0
02/02/2020 12:00:00 AM,Rampart,THEFT FROM MOTOR VEHICLE - GRAND ($950.01 AND OVER),34.0872,-118.2812,0
09/05/2020 12:00:00 AM,Van Nuys,VEHICLE - STOLEN,34.2031,-118.4291,0
09/10/2020 12:00:00 AM,Rampart,"ASSAULT WITH DEADLY WEAPON, AGGRAVATED ASSAULT",34.0599,-118.2731,0
08/08/2020 12:00:00 AM,Harbor,INTIMATE PARTNER - SIMPLE ASSAULT,33.7419,-118.2923,0
09/16/2020 12:00:00 AM,Harbor,INTIMATE PARTNER - SIMPLE ASSAULT,33.7961,-118.2763,0
03/03/2020 12:00:00 AM,Southwest,OTHER MISCELLANEOUS CRIME,34.0291,-118.3002,0
07/27/2020 12:00:00 AM,Hollenbeck,VIOLATION OF RESTRAINING ORDER,34.072,-118.2039,0
12/16/2020 12:00:00 AM,Rampart,"ASSAULT WITH DEADLY WEAPON, AGGRAVATED ASSAULT",34.0508,-118.2683,0
01/21/2020 12:00:00 AM,77th Street,"BURGLARY, ATTEMPTED",34.0017,-118.2915,0
10/06/2020 12:00:00 AM,West Valley,THEFT OF IDENTITY,34.2084,-118.536,0
07/18/2020 12:00:00 AM,Rampart,BURGLARY FROM VEHICLE,34.0608,-118.2579,0
08/26/2020 12:00:00 AM,Southwest,CHILD ABUSE (PHYSICAL) - SIMPLE ASSAULT,34.0132,-118.3424,0
01/08/2020 12:00:00 AM,Central,THEFT FROM MOTOR VEHICLE - GRAND ($950.01 AND OVER),34.0462,-118.2585,0
12/07/2020 12:00:00 AM,Southwest,"THEFT-GRAND ($950.01 & OVER)EXCPT,GUNS,FOWL,LIVESTK,PROD",34.0251,-118.278,0
05/14/2020 12:00:00 AM,Northeast,"VANDALISM - FELONY ($400 & OVER, ALL CHURCH VANDALISMS)",34.1053,-118.2785,0
06/14/2020 12:00:00 AM,Hollywood,BATTERY - SIMPLE ASSAULT,34.1017,-118.3224,0
01/09/2020 12:00:00 AM,Rampart,VEHICLE - STOLEN,34.079,-118.2981,0
07/02/2020 12:00:00 AM,Harbor,BRANDISH WEAPON,33.7358,-118.2924,0
03/15/2020 12:00:00 AM,West LA,BATTERY - SIMPLE ASSAULT,34.0365,-118.436,0
06/13/2020 12:00:00 AM,Rampart,"EMBEZZLEMENT, GRAND THEFT ($950.01 & OVER)",34.0579,-118.2649,0
06/06/2020 12:00:00 AM,Wilshire,BURGLARY,34.073,-118.3731,0
10/07/2020 12:00:00 AM,77th Street,"ASSAULT WITH DEADLY WEAPON, AGGRAVATED ASSAULT",33.9601,-118.2827,0
01/05/2020 12:00:00 AM,Hollywood,VEHICLE - STOLEN,34.107,-118.3214,0
06/18/2020 12:00:00 AM,Central,THEFT FROM MOTOR VEHICLE - GRAND ($950.01 AND OVER),34.0388,-118.2731,0
01/24/2020 12:00:00 AM,West Valley,VEHICLE - STOLEN,34.2102,-118.5317,0
04/06/2020 12:00:00 AM,West LA,"VANDALISM - FELONY ($400 & OVER, ALL CHURCH VANDALISMS)",34.0508,-118.4336,0
12/09/2020 12:00:00 AM,Harbor,BURGLARY,33.7401,-118.2923,0
10/16/2020 12:00:00 AM,West LA,BATTERY - SIMPLE ASSAULT,34.0535,-118.4402,0
05/27/2020 12:00:00 AM,Northeast,"VANDALISM - FELONY ($400 & OVER, ALL CHURCH VANDALISMS)",34.1069,-118.2348,0
10/11/2020 12:00:00 AM,Central,"BURGLARY, ATTEMPTED",34.0615,-118.247,0
03/24/2020 12:00:00 AM,Southwest,VEHICLE - STOLEN,34.0148,-118.3417,0
04/25/2020 12:00:00 AM,West Valley,VEHICLE - STOLEN,34.1723,-118.5076,0
10/10/2020 12:00:00 AM,77th Street,INTIMATE PARTNER - AGGRAVATED ASSAULT,33.9746,-118.3134,0
07/06/2020 12:00:00 AM,Hollenbeck,"ASSAULT WITH DEADLY WEAPON, AGGRAVATED ASSAULT",34.0445,-118.2116,0
07/04/2020 12:00:00 AM,Rampart,VANDALISM - MISDEAMEANOR ($399 OR UNDER),34.061,-118.2615,0
01/21/2020 12:00:00 AM,Northeast,BURGLARY FROM VEHICLE,34.1144,-118.2274,0
12/29/2020 12:00:00 AM,Southwest,INTIMATE PARTNER - AGGRAVATED ASSAULT,34.0168,-118.3492,0
05/02/2020 12:00:00 AM,Hollywood,THEFT PLAIN - PETTY ($950 & UNDER),34.0981,-118.3071,0
03/19/2020 12:00:00 AM,Southwest,"ASSAULT WITH DEADLY WEAPON, AGGRAVATED ASSAULT",34.0146,-118.3078,0
07/17/2020 12:00:00 AM,Rampart,BATTERY - SIMPLE ASSAULT,34.061,-118.2811,0
04/28/2020 12:00:00 AM,West Valley,INTIMATE PARTNER - SIMPLE ASSAULT,34.1994,-118.4815,0
09/30/2020 12:00:00 AM,Wilshire,TRESPASSING,34.0837,-118.3683,0
09/28/2020 12:00:00 AM,Hollywood,THEFT PLAIN - PETTY ($950 & UNDER),34.0895,-118.3136,0
01/08/2020 12:00:00 AM,Newton,"ASSAULT WITH DEADLY WEAPON, AGGRAVATED ASSAULT",34.0138,-118.2583,0
01/16/2020 12:00:00 AM,Hollywood,CRIMINAL THREATS - NO WEAPON DISPLAYED,34.104,-118.3297,0
04/07/2020 12:00:00 AM,Newton,"VANDALISM - FELONY ($400 & OVER, ALL CHURCH VANDALISMS)",33.9857,-118.2628,0
10/12/2020 12:00:00 AM,Hollenbeck,VEHICLE - STOLEN,34.078,-118.2181,0
12/17/2020 12:00:00 AM,Van Nuys,SHOPLIFTING - PETTY THEFT ($950 & UNDER),34.1517,-118.4534,0
07/17/2020 12:00:00 AM,77th Street,VEHICLE - STOLEN,33.9698,-118.2871,0
08/08/2020 12:00:00 AM,Harbor,OTHER MISCELLANEOUS CRIME,33.7297,-118.2814,0
12/19/2020 12:00:00 AM,Hollenbeck,VIOLATION OF RESTRAINING ORDER,34.0567,-118.2016,0
06/29/2020 12:00:00 AM,Hollenbeck,BURGLARY,34.1106,-118.1794,0
03/13/2020 12:00:00 AM,Wilshire,THEFT FROM MOTOR VEHICLE - PETTY ($950 & UNDER),34.0483,-118.3389,0
06/04/2020 12:00:00 AM,Rampart,BRANDISH WEAPON,34.0748,-118.2586,0
05/07/2020 12:00:00 AM,West Valley,VEHICLE - STOLEN,34.1775,-118.536,0
11/04/2020 12:00:00 AM,Southwest,ROBBERY,34.0344,-118.3189,0
05/16/2020 12:00:00 AM,Hollywood,BURGLARY,34.0944,-118.3386,0
11/23/2020 12:00:00 AM,Northeast,DOCUMENT FORGERY / STOLEN FELONY,34.1076,-118.1969,0
10/02/2020 12:00:00 AM,Northeast,THEFT PLAIN - PETTY ($950 & UNDER),34.1113,-118.2908,0
04/06/2020 12:00:00 AM,Rampart,VEHICLE - STOLEN,34.0529,-118.2819,0
03/18/2020 12:00:00 AM,West LA,THEFT FROM MOTOR VEHICLE - GRAND ($950.01 AND OVER),34.0673,-118.4497,0
08/06/2020 12:00:00 AM,Central,THEFT OF IDENTITY,34.044,-118.2467,0
11/17/2020 12:00:00 AM,Hollenbeck,ROBBERY,34.0298,-118.2114,0
07/16/2020 12:00:00 AM,Newton,"RAPE, FORCIBLE",33.9984,-118.2521,0
